"","SampleID","Proportion of Neurons (MultiBrain)","Proportion of Astrocytes (MultiBrain)","Proportion of Microglia (MultiBrain)","Proportion of Oligodendrocytes (MultiBrain)","Proportion of Endothelia (MultiBrain)"
"1","GTEX-1117F-3226-SM-5N9CT",0.266917149609475,0.276602601962745,0,0.160059408711374,0.296420839716406
"2","GTEX-111FC-3126-SM-5GZZ2",0.41782933313291,0.16813254111447,0,0.261992077646041,0.152046048106579
"3","GTEX-111FC-3326-SM-5GZYV",0.617492392630081,0.159874513336263,0,0.00300659036193541,0.21962650367172
"4","GTEX-1128S-2726-SM-5H12C",0.466469509676179,0.302529656803119,0,0.0256652306781785,0.205335602842523
"5","GTEX-1128S-2826-SM-5N9DI",0.554880920537058,0.145857240433502,0,0.0972406066597731,0.202021232369667
"6","GTEX-117XS-3026-SM-5N9CA",0.637438485537626,0.0389029768055878,0,0.0527789646325691,0.270879573024217
"7","GTEX-117XS-3126-SM-5GIDP",0.641584725519045,0.109426494788293,0,0.0962383727653569,0.152750406927305
"8","GTEX-1192X-0011-R10a-SM-DO941",0.677473387649367,0.163891585970593,0,0,0.15863502638004
"9","GTEX-1192X-0011-R5a-SM-DNZZA",0.242033723225674,0.377393582105188,0,0.116905335236482,0.263667359432655
"10","GTEX-1192X-0011-R6a-SM-DNZZB",0.284759539485833,0.406196896854299,0,0.0781291355646195,0.230914428095248
"11","GTEX-1192X-0011-R7b-SM-DNZZC",0.0564399899821588,0.353197636666907,0,0.313472323068513,0.276890050282422
"12","GTEX-1192X-0011-R8b-SM-DO11U",0.482873040852741,0.0587248376519426,0.0391874032311063,0.103021939432912,0.316192778831298
"13","GTEX-1192X-0011-R9b-SM-DO934",0,0.0425750954038083,0.0295393133897425,0.601546896260424,0.326338694946025
"14","GTEX-1192X-3126-SM-5N9BY",0.254857081488968,0.213801688267009,0,0.246467066408084,0.28487416383594
"15","GTEX-1192X-3226-SM-5987D",0.605605460539642,0.0860740454365521,0,0.0511537943843109,0.257166699639495
"16","GTEX-11DXW-0011-R1a-SM-DNZZD",0.318810372263616,0.234086286055442,0,0.223089083914542,0.2240142577664
"17","GTEX-11DXW-0011-R3b-SM-DNZZE",0.540664598494706,0.257634973317049,0,0.0223496534027447,0.1793507747855
"18","GTEX-11DXW-0011-R5b-SM-DO11D",0.133770868012432,0.432458108065701,0,0.160351618083222,0.273419405838645
"19","GTEX-11DXW-0011-R6a-SM-DO11N",0.356580609660956,0.063912047636949,0,0.320164521508112,0.259342821193983
"20","GTEX-11DXW-0011-R7b-SM-DO119",0.0566915807417597,0.312018524944284,0,0.251849398410302,0.379440495903654
"21","GTEX-11DXW-1026-SM-5H11K",0.558653868349234,0.198537457208062,0,0.0900649600223154,0.152743714420388
"22","GTEX-11DXW-1126-SM-5H12Q",0.54040678912317,0.25593194441533,0,0.0481935201699826,0.155467746291518
"23","GTEX-11DXY-0011-R10b-SM-DO12C",0.808178791628896,0.0138297251439259,0,0.0198647546233093,0.158126728603868
"24","GTEX-11DXY-0011-R11a-SM-DNZZN",0.758698263566411,0.0842211008592366,0,0.0532175438077543,0.103863091766598
"25","GTEX-11DXY-0011-R5b-SM-DNZZL",0.30518102761092,0.245701032896785,0,0.229803463705984,0.219314475786311
"26","GTEX-11DXY-0011-R6a-SM-DNZZF",0.496459298262003,0.224015001421636,0,0.0638314078626217,0.215694292453739
"27","GTEX-11DXY-0011-R7a-SM-DO11L",0.217504554835454,0.180623131935794,0,0.350998292906972,0.25087402032178
"28","GTEX-11DXY-0011-R8a-SM-DO11M",0.525535128854128,0.025829106297413,0,0.19109925947419,0.257536505374269
"29","GTEX-11DXY-3126-SM-5N9BT",0.505094430657107,0.157557865849309,0,0.127370044441739,0.209977659051844
"30","GTEX-11DXY-3226-SM-5GIDE",0.592202858843431,0.152021101993021,0,0.0522766128513742,0.203499426312174
"31","GTEX-11DYG-0011-R10b-SM-DNZZO",0.726714565021749,0.0329604971421671,0,0.0730613560424168,0.167263581793667
"32","GTEX-11DYG-0011-R11a-SM-DNZZP",0.753432630833146,0.00334969021933151,0,0.106400359618593,0.136817319328929
"33","GTEX-11DYG-0011-R5a-SM-DO928",0.491079636270291,0.18044230178891,0,0.163539339807185,0.164938722133614
"34","GTEX-11DYG-0011-R6a-SM-DO936",0.0820744893401838,0.141596160755159,0,0.50463266746464,0.271696682440017
"35","GTEX-11DYG-0011-R7b-SM-EXUS6",0.301115022034761,0.201209897962948,0,0.21973200197088,0.27794307803141
"36","GTEX-11DYG-0011-R8a-SM-DO93F",0.327490945959662,0.0750374038551161,0,0.322870918488808,0.274600731696414
"37","GTEX-11DYG-2926-SM-5H132",0.565914446236251,0.126148799218148,0,0.166576135150961,0.141360619394641
"38","GTEX-11DZ1-0011-R10b-SM-DO943",0.557355494305669,0.184297773416506,0,0.0317868497850219,0.226559882492804
"39","GTEX-11DZ1-0011-R11b-SM-DO11W",0.701021041903049,0.0716147860931526,0.00861426671710001,0,0.218749905286698
"40","GTEX-11DZ1-0011-R2a-SM-DNZZM",0.280174116289735,0.00123045450476583,0,0.4294666830487,0.2891287461568
"41","GTEX-11DZ1-0011-R3a-SM-DNZYY",0.706655595071238,0.0216526584488814,0,0.0180290038228792,0.253662742657002
"42","GTEX-11DZ1-0011-R5a-SM-DO11J",0.165814803178637,0.160671614248564,0,0.311249912400027,0.362263670172772
"43","GTEX-11DZ1-0011-R6b-SM-DNZZG",0.32770714611255,0.235620644506323,0.0362215661133541,0.0352846039508431,0.36516603931693
"44","GTEX-11DZ1-0011-R7a-SM-DNZZH",0.266117431242291,0.232325899636709,0,0.179198546820302,0.322358122300697
"45","GTEX-11DZ1-0011-R8b-SM-DNZZI",0.347256352133654,0.200309839506285,0.023034027926583,0.0658542435864815,0.363545536846996
"46","GTEX-11DZ1-0011-R9a-SM-DO933",0,0,0.203961821583463,0.449793171570564,0.346245006845974
"47","GTEX-11DZ1-2926-SM-5A5KI",0.512007492050222,0.159477625617308,0,0,0.32851488233247
"48","GTEX-11EI6-0011-R10a-SM-DO93R",0.445905233503977,0.275564884134063,0,0.0779445304022866,0.200585351959673
"49","GTEX-11EI6-0011-R11a-SM-DO11V",0.695537854340609,0.0465550017958755,0.0119669898791724,0.0181122883501114,0.227827865634232
"50","GTEX-11EI6-0011-R1a-SM-DO93L",0.232057618538202,0.211010268505616,0,0.180078270544749,0.376853842411433
"51","GTEX-11EI6-0011-R8a-SM-DO93M",0.0800743186941164,0.220108536151981,0.0136045611354171,0.342991788957497,0.343220795060989
"52","GTEX-11EI6-2926-SM-5985U",0.526698435053918,0.118767714379658,0,0.00410398022376222,0.350429870342661
"53","GTEX-11EI6-3026-SM-5GZZO",0.31943876012467,0.385409619977609,0,0.000749549716916093,0.294402070180805
"54","GTEX-11EMC-0011-R10a-SM-DNZZJ",0.635067264993818,0.162568387415852,0,0.00591501005245858,0.196449337537871
"55","GTEX-11EMC-0011-R11b-SM-DNZZK",0.804370860940834,0.0216846806800665,0.00125008684629966,0.00815133032331982,0.16454304120948
"56","GTEX-11EMC-0011-R2b-SM-DO114",0,0.152475591483047,0,0.462315041183075,0.385209367333878
"57","GTEX-11EMC-0011-R8b-SM-DO91Z",0,0.0691777561031265,0,0.475577070563735,0.455245173333139
"58","GTEX-11EMC-0011-R9b-SM-DO921",0,0.0509509184460033,0.00647299119877016,0.714765731875765,0.227810358479461
"59","GTEX-11EMC-3226-SM-5EGKW",0.307506569465297,0.375508813219597,0,0.00427699072908543,0.31270762658602
"60","GTEX-11EMC-3326-SM-5P9JH",0.548581617869995,0.233302849336252,0,0,0.218115532793752
"61","GTEX-11GS4-0011-R1a-SM-DO129",0.472289631632166,0.258027835830984,0,0.0573863680922681,0.212296164444581
"62","GTEX-11GS4-0011-R2a-SM-DO942",0,0.206096072962284,0,0.501035865460177,0.292868061577539
"63","GTEX-11GS4-3126-SM-5A5LH",0.276179058748438,0.158347756914316,0,0.357855691310039,0.207617493027207
"64","GTEX-11GSO-0011-R1b-SM-57WD3",0,0.213957066898955,0,0.565345893300848,0.220697039800198
"65","GTEX-11GSO-0011-R2a-SM-57WDF",0.0382317811321371,0.22342475221029,0,0.446411520895451,0.291931945762122
"66","GTEX-11GSO-0011-R3b-SM-57WB2",0.73174643432606,0.105549264730625,0,0,0.162704300943315
"67","GTEX-11GSO-2926-SM-5HL73",0.469551750016336,0.267023661268801,0,0.0328789798427849,0.230545608872078
"68","GTEX-11GSO-3026-SM-5Q5AL",0.573282462346668,0.071489011895002,0,0.161617425924604,0.193611099833726
"69","GTEX-11GSP-0011-R10a-SM-5NQ7J",0.130883428623846,0.495970787737732,0,0.150811212410274,0.222334571228148
"70","GTEX-11GSP-0011-R11b-SM-5NQ7V",0.667376813043659,0.101864475043303,0.000239901209720333,0.0512619689762628,0.179256841727055
"71","GTEX-11GSP-0011-R1a-SM-9QEJ3",0.337359236749118,0.226809205419413,0,0.185315543525068,0.250516014306401
"72","GTEX-11GSP-0011-R2b-SM-9QEGE",0.190081814776843,0.30199243784136,0,0.197566089635594,0.310359657746203
"73","GTEX-11GSP-0011-R3a-SM-9QEGF",0.0770595063013498,0.527447158044948,0,0.118736079935919,0.276757255717783
"74","GTEX-11GSP-0011-R5a-SM-57WBE",0.269028152341276,0.400696552948174,0,0.0823219820243217,0.247953312686228
"75","GTEX-11GSP-0011-R6b-SM-57WBQ",0.056748859977161,0.504438538856599,0,0.216333689375971,0.22247891179027
"76","GTEX-11GSP-0011-R7b-SM-57WC3",0.252007072738385,0.361424676737475,0,0.138763275505285,0.247804975018855
"77","GTEX-11GSP-0011-R8b-SM-5NQ79",0.0190543101283007,0.284590071525334,0,0.32301108199703,0.373344536349335
"78","GTEX-11GSP-0011-R9b-SM-5NQ77",0.0620292308360829,0.14698227181125,0.0044307924218484,0.560806229845726,0.225751475085092
"79","GTEX-11GSP-3126-SM-5A5LL",0.497705486229184,0.19671326286581,0,0.041387227004423,0.264194023900584
"80","GTEX-11GSP-3226-SM-5986O",0.109142575036373,0.525967266537082,0,0.0494157117082732,0.315474446718272
"81","GTEX-11H98-0011-R10b-SM-5NQ98",0.564784580607513,0.250872210515496,0,0,0.184343208876991
"82","GTEX-11H98-0011-R11b-SM-5NQ6U",0.728177145881452,0.0988311766058581,0,0.0396927957978862,0.133298881714804
"83","GTEX-11H98-0011-R5b-SM-57WCF",0.211290744100175,0.390830809104322,0,0.112789657434881,0.285088789360622
"84","GTEX-11H98-0011-R8a-SM-5NQ8V",0,0.0554092280689676,0,0.656171061327362,0.28841971060367
"85","GTEX-11NUK-0011-R4a-SM-DO12B",0.309989545679079,0.37733207050243,0,0.105947603646761,0.20673078017173
"86","GTEX-11NUK-0011-R5a-SM-DO93N",0.136986413045699,0.342352181337007,0,0.240560842343417,0.280100563273877
"87","GTEX-11NUK-0011-R6a-SM-DO93O",0.262170902268955,0.300870472017109,0,0.203373638725828,0.233584986988108
"88","GTEX-11NUK-0011-R7a-SM-DO93P",0.0913151551441862,0.304501892552417,0,0.333929329912752,0.270253622390645
"89","GTEX-11NUK-2926-SM-5A5MD",0.587664570777567,0.229112535856644,0,0,0.183222893365789
"90","GTEX-11NUK-3026-SM-5986K",0.67993779868511,0.120827231294943,0,0.0409001851836023,0.158334784836345
"91","GTEX-11NV4-0011-R5a-SM-5NQ88",0.307326436101243,0.137751847034731,0,0.31937644964754,0.235545267216486
"92","GTEX-11NV4-0011-R6a-SM-57WD5",0.370250120847684,0.318352345968152,0,0.0731679483265687,0.238229584857595
"93","GTEX-11NV4-0011-R7a-SM-57WDH",0.406434424237456,0.0576833422282438,0,0.28253472125637,0.253347512277931
"94","GTEX-11NV4-2126-SM-5N9DS",0.408945114303454,0.216634185672299,0,0.118219269591157,0.25620143043309
"95","GTEX-11NV4-2226-SM-5BC4T",0.747646369310597,0.0223861495044943,0,0.109932191124317,0.120035290060592
"96","GTEX-11O72-0011-R5a-SM-DO922",0.0256855950804143,0.417617774421763,0,0.128612932680724,0.428083697817099
"97","GTEX-11O72-0011-R6a-SM-DNZZQ",0.20426279011939,0.366109630507559,0,0.0370730953232278,0.392554484049823
"98","GTEX-11O72-2826-SM-5HL6W",0.64611172652935,0.0854139985773154,0,0.0597568221434479,0.208717452749887
"99","GTEX-11O72-2926-SM-5BC4V",0.461771362579768,0.244471590101198,0,0.0568174249005802,0.236939622418454
"100","GTEX-11OC5-0626-SM-5HL6M",0.38307098491835,0.148730809812871,0.0421115611887549,0.0566888137881339,0.369397830291891
"101","GTEX-11OC5-0726-SM-5P9JK",0.326309199291557,0.259994496527852,0.000333599294617327,0.0252385993679455,0.388124105518028
"102","GTEX-11OF3-0011-R11a-SM-57WCR",0.847479051909867,0.00166786570387664,0.00206610012291646,0.0500722613218623,0.0987147209414775
"103","GTEX-11OF3-0011-R5a-SM-57WB4",0.443797696972589,0.2452836871891,0,0.0706259741342822,0.240292641704029
"104","GTEX-11OF3-0011-R6b-SM-57WBG",0.450299908606485,0.248016871711539,0,0.106220452785348,0.195462766896627
"105","GTEX-11OF3-0011-R7a-SM-57WCG",0.280210342704208,0.155383775076963,0,0.308561661502715,0.255844220716114
"106","GTEX-11OF3-0011-R8b-SM-57WCS",0.501182884815653,0.0520490392284691,0.00694976172198791,0.171004536369657,0.268813777864233
"107","GTEX-11OF3-2926-SM-5HL78",0.65426513721372,0.0425147800349633,0,0.156663982396728,0.146556100354588
"108","GTEX-11ONC-0011-R1a-SM-57WD4",0.236100798783724,0.170087479919358,0,0.249997202288134,0.343814519008784
"109","GTEX-11ONC-0011-R4b-SM-DO93H",0.145267640472135,0.329989088070627,0,0.288353824236855,0.236389447220382
"110","GTEX-11ONC-0011-R5b-SM-DO93I",0.125527300862334,0.266605373447168,0,0.34051746423161,0.267349861458888
"111","GTEX-11ONC-0011-R6a-SM-DO12A",0.209866162761163,0.448897436063522,0,0.0416873114322983,0.299549089743017
"112","GTEX-11ONC-0011-R7b-SM-DO93J",0.226038534612932,0.253449075820107,0,0.203218800129145,0.317293589437816
"113","GTEX-11ONC-0011-R8b-SM-5NQ87",0.254282826660411,0.235021905641104,0,0.244643295196327,0.266051972502157
"114","GTEX-11ONC-0011-R9b-SM-5NQ8J",0,0.0820268627006289,0,0.720802942064714,0.197170195234657
"115","GTEX-11ONC-2926-SM-5P9JM",0.338611964100013,0.200605910873395,0,0.188121011725861,0.272661113300731
"116","GTEX-11ONC-3026-SM-5985W",0.483858463285958,0.239431877238664,0,0.0239349036069908,0.252774755868387
"117","GTEX-11PRG-0011-R10b-SM-DO93G",0.718242227027975,0.154276002054127,0,0.0025271339899776,0.124954636927921
"118","GTEX-11PRG-0011-R11b-SM-DNZZY",0.764290182043789,0.0840027736322141,0,0.0239819282786144,0.127725116045382
"119","GTEX-11PRG-0011-R2a-SM-69LQ5",0,0.180916990678476,0,0.453550737661361,0.365532271660163
"120","GTEX-11PRG-0011-R4a-SM-DNZZR",0.368234221343131,0.202438928591618,0,0.18679469577194,0.242532154293311
"121","GTEX-11PRG-0011-R5b-SM-DNZZS",0.42374645571752,0.297649531846445,0,0.040046594436296,0.238557417999739
"122","GTEX-11PRG-0011-R6b-SM-DO923",0.250285729323545,0.180464926381891,0,0.277916403063908,0.291332941230656
"123","GTEX-11PRG-0011-R7a-SM-DNZZT",0.390354897160297,0.24469236693662,0,0.141491664634171,0.223461071268911
"124","GTEX-11PRG-2826-SM-5BC54",0.633323192186809,0.176461746212861,0,0.0338976933844364,0.156317368215895
"125","GTEX-11PRG-2926-SM-5987A",0.631176721681576,0.176887295366049,0,0,0.191935982952374
"126","GTEX-11TTK-0011-R10b-SM-DO925",0.139653310868416,0.186541498662488,0,0.415373180536771,0.258432009932326
"127","GTEX-11TTK-0011-R11b-SM-DO112",0.73851311962097,0.0610619356822878,0.00924254647465717,0.037181048917061,0.154001349305024
"128","GTEX-11TTK-0011-R4a-SM-DNZZU",0.0670113894462552,0.39637808399455,0.0123756910798479,0.169723654690758,0.354511180788589
"129","GTEX-11TTK-0011-R5a-SM-DNZZV",0.159029263618383,0.385471359463646,0,0.0696342826186471,0.385865094299324
"130","GTEX-11TTK-0011-R6b-SM-DNZZW",0.132272104359412,0.370630275205595,0,0.127258880417333,0.369838740017659
"131","GTEX-11TTK-0011-R7b-SM-DNZZZ",0.258750974569849,0.31968263982688,0,0.0858127630953261,0.335753622507945
"132","GTEX-11TTK-0011-R8b-SM-DO111",0,0.294162970251865,0,0.400259688101713,0.305577341646422
"133","GTEX-11TTK-2826-SM-5GU5K",0.441840813405046,0.233155026706557,0,0.00579317905042687,0.31921098083797
"134","GTEX-11TTK-2926-SM-5PNYP",0.12407834997545,0.435371353282544,0,0.0485862835525087,0.391964013189497
"135","GTEX-11TUW-0011-R10a-SM-DO924",0,0.330112752297401,0,0.246122635560823,0.423764612141777
"136","GTEX-11TUW-0011-R1a-SM-DO92S",0,0.162613088999838,0,0.441122492850686,0.396264418149477
"137","GTEX-11TUW-0011-R2b-SM-DO92T",0,0.183144696109108,0.0460670543817231,0.320497934236396,0.450290315272773
"138","GTEX-11UD1-0011-R1b-SM-5BC7D",0,0.166240751034007,0,0.606300469484898,0.227458779481094
"139","GTEX-11UD1-0011-R2b-SM-5BC6O",0,0.224507796682654,0,0.544085213102553,0.231406990214793
"140","GTEX-11UD1-0011-R3a-SM-5BC6S",0.0436482731859275,0.718404772490945,0,0.0463395852683042,0.191607369054823
"141","GTEX-11UD1-0011-R5b-SM-5P9FP",0,0.497900755641459,0,0.160716184476803,0.341383059881738
"142","GTEX-11UD2-0011-R9b-SM-DO926",0,0,0,0.78280600759243,0.21719399240757
"143","GTEX-11WQC-0011-R10a-SM-57WCT",0.312072926448281,0.472381405199059,0,0.0223663568304947,0.193179311522165
"144","GTEX-11WQC-0011-R11b-SM-57WD6",0.611222030098481,0.0915195756227198,0,0.111770120127773,0.185488274151026
"145","GTEX-11WQC-0011-R1b-SM-DO932",0,0.038864790057933,0,0.635530172100953,0.325605037841114
"146","GTEX-11WQC-0011-R2a-SM-DO927",0,0.228406952399644,0,0.405945614683378,0.365647432916979
"147","GTEX-11WQC-0011-R3a-SM-DO11T",0.0492397966977883,0.627067602429853,0,0.0476185834871991,0.276074017385159
"148","GTEX-11WQC-0011-R5a-SM-5BC74",0,0.4952978991725,0,0.250281848957815,0.254420251869685
"149","GTEX-11WQC-0011-R6a-SM-5BC77",0.181737174805663,0.415099590251692,0,0.121179669511384,0.281983565431262
"150","GTEX-11WQC-0011-R7b-SM-5BC7A",0,0.347423761622213,0,0.3006268664715,0.351949371906287
"151","GTEX-11WQC-0011-R8b-SM-57WCH",0.210831448781873,0.114555582349672,0,0.400529083377752,0.274083885490703
"152","GTEX-11WQK-0011-R10a-SM-5BC6R",0.352482937626789,0.294275298511185,0.0104592401146277,0.0178984208450871,0.324884102902311
"153","GTEX-11WQK-0011-R3b-SM-DO93K",0.167040192498326,0.332028234110537,0.00216238396556131,0.0720346716223388,0.426734517803237
"154","GTEX-11WQK-0011-R8a-SM-5BC7C",0.16259206116133,0.207348399286627,0,0.122841950271193,0.507217589280851
"155","GTEX-11WQK-0011-R9b-SM-5BC6N",0,0.0153410179081403,0.00143850647203314,0.705181564496266,0.278038911123561
"156","GTEX-11WQK-3026-SM-5EQL6",0.300598153467491,0.284233637701469,0.0127734361828197,0.0314238709560726,0.370970901692148
"157","GTEX-11ZTS-0011-R10a-SM-DO93S",0.383056870289961,0.326177924906508,0,0.0808650765121586,0.209900128291372
"158","GTEX-11ZTS-0011-R11a-SM-DO113",0.640336484660812,0.158602951426243,0,0.0272177859761453,0.173842777936799
"159","GTEX-11ZTS-0011-R1a-SM-5BC71",0,0.165413064778787,0,0.59843689657366,0.236150038647552
"160","GTEX-11ZTS-0011-R2b-SM-5BC75",0,0.135979312568931,0,0.658464369854438,0.205556317576631
"161","GTEX-11ZTS-0011-R3a-SM-5BC78",0.109798518321689,0.633824072958317,0,0.0429882975324595,0.213389111187534
"162","GTEX-11ZTS-0011-R8a-SM-57WDI",0.24417421299622,0.249573926085044,0,0.165008707672362,0.341243153246374
"163","GTEX-11ZTS-0011-R9b-SM-DO93Q",0,0.0176739417286978,0,0.811697020778351,0.170629037492951
"164","GTEX-11ZTS-3226-SM-5EGID",0.514799709261432,0.168411000017253,0,0.0177348666000711,0.299054424121244
"165","GTEX-11ZU8-0011-R4a-SM-5BC6Y",0.0630114356338404,0.501765422059167,0,0.193697022166528,0.241526120140465
"166","GTEX-11ZUS-0011-R11b-SM-5BC7B",0.807840261320876,0,0,0.072124686900579,0.120035051778544
"167","GTEX-11ZUS-0011-R8a-SM-5BC73",0.660167088597823,0,0.00289613038826753,0.17409594038758,0.162840840626329
"168","GTEX-11ZUS-0011-R9b-SM-5BC76",0,0,0,0.830382439492864,0.169617560507136
"169","GTEX-11ZUS-2826-SM-5EQKW",0.720308247631735,0.0463086325220299,0,0.102182839506648,0.131200280339587
"170","GTEX-11ZUS-2926-SM-5FQSL",0.754741774902381,0.0448139309746427,0,0.0298253331572477,0.170618960965729
"171","GTEX-11ZVC-0011-R1b-SM-5BC6M",0,0.321417311813627,0,0.430686652871247,0.247896035315125
"172","GTEX-11ZVC-0011-R3a-SM-5BC6V",0.0582147189399615,0.432004932187289,0,0.213886035805439,0.295894313067311
"173","GTEX-11ZVC-0011-R4a-SM-5BC6Z",0,0.447318118067149,0,0.327535044239734,0.225146837693117
"174","GTEX-11ZVC-0011-R9a-SM-57WC5",0,0.0274908543261014,0,0.798679091189365,0.173830054484534
"175","GTEX-11ZVC-3026-SM-59HJM",0.648741554709957,0.167951840990788,0,0.0223861797720995,0.160920424527155
"176","GTEX-12126-0011-R10b-SM-5BC6T",0.649305881815795,0.239065644073308,0,0,0.111628474110897
"177","GTEX-12126-0011-R11a-SM-5BC6X",0.677900142799913,0.069880962930916,0,0.122592240591323,0.129626653677848
"178","GTEX-12126-0011-R9b-SM-5BC6P",0,0.00438251074124441,0.0157388233231882,0.827927838888642,0.151950827046925
"179","GTEX-12126-0926-SM-5FQTW",0.59637833687141,0.128415729052279,0,0.113015433589781,0.16219050048653
"180","GTEX-12126-1026-SM-5P9JJ",0.617165583713948,0.145928242219086,0,0.00644968585580792,0.230456488211158
"181","GTEX-1212Z-0011-R1b-SM-5BC72",0,0.19375613319991,0,0.554011264489696,0.252232602310394
"182","GTEX-12584-0011-R6a-SM-5NQ7C",0,0.598376408017126,0,0.0333301466816548,0.368293445301219
"183","GTEX-1269C-3126-SM-5EGI6",0.380811173626136,0.268450648243187,0,0,0.350738178130677
"184","GTEX-12WSA-0011-R10b-SM-5P9ET",0.0500593468136709,0.378075687210371,0,0.236952373955246,0.334912592020711
"185","GTEX-12WSA-0011-R2a-SM-57WDK",0,0.243830522163748,0.0491084503145481,0.400642264170575,0.306418763351129
"186","GTEX-12WSA-0011-R4a-SM-57WB7",0,0.289141340314987,0,0.445428885074698,0.265429774610315
"187","GTEX-12WSA-0011-R5b-SM-5GU5I",0,0.257679701808794,0,0.499388300187376,0.242931998003829
"188","GTEX-12WSA-0011-R7b-SM-5GU5U",0.0527322094531303,0.394593790423581,0,0.235020098564632,0.317653901558657
"189","GTEX-12WSA-0011-R8a-SM-5P9EX",0.0352214522920123,0.110043068708985,0,0.469213254679142,0.385522224319861
"190","GTEX-12WSA-2926-SM-5EQ4D",0.00327809779284394,0.415612324525356,0,0.223076424032068,0.358033153649732
"191","GTEX-12WSC-0011-R10a-SM-5GU57",0.812887298140642,0,0,0.0108795529522882,0.17623314890707
"192","GTEX-12WSC-0011-R11a-SM-5GU5J",0.823296862562169,0,0,0.049404020442997,0.127299116994834
"193","GTEX-12WSC-0011-R3a-SM-5P9F1",0.741067005723519,0.0567946641530452,0,0.00164117720249288,0.200497152920943
"194","GTEX-12WSC-0011-R5b-SM-5CVNS",0.498848834302363,0.178551280491604,0,0.0909746366892001,0.231625248516833
"195","GTEX-12WSC-0011-R6b-SM-5LU99",0.570392831999525,0.135590981618137,0,0.0737658308883698,0.220250355493968
"196","GTEX-12WSC-0011-R7b-SM-5LU9L",0.376144458026637,0.184167459097391,0,0.232505109393777,0.207182973482196
"197","GTEX-12WSC-0011-R9a-SM-5GU4U",0,0.0785033136496831,0,0.659637036020334,0.261859650329983
"198","GTEX-12WSC-2926-SM-5BC5Z",0.768542337260639,0,0,0.0983472465647925,0.133110416174569
"199","GTEX-12WSC-3026-SM-5GCNF",0.632695643085165,0.124023390038814,0,0.0186433284663754,0.224637638409646
"200","GTEX-12WSD-0011-R11a-SM-9OSVC",0.719689424069426,0.0498995930879863,0,0.0556577687330664,0.174753214109521
"201","GTEX-12WSD-0011-R1b-SM-5LZVY",0.386795753943736,0.100626366226818,0,0.277898914383956,0.23467896544549
"202","GTEX-12WSD-0011-R2a-SM-5LZWB",0,0.182215602617407,0,0.406515855214428,0.411268542168165
"203","GTEX-12WSD-0011-R3b-SM-5LZWN",0.241814876083732,0.351914992182498,0,0.142537577240974,0.263732554492796
"204","GTEX-12WSD-0011-R4b-SM-5LZUA",0.202406629136295,0.365536275271743,0,0.198063793790987,0.233993301800976
"205","GTEX-12WSD-0011-R5b-SM-5CVNG",0.233993682012543,0.351896934956347,0,0.139715147559515,0.274394235471596
"206","GTEX-12WSD-0011-R6b-SM-5P9JU",0.583136100035466,0.065406643988689,0.00149979228321966,0.0337291068791044,0.316228356813521
"207","GTEX-12WSD-0011-R7b-SM-5PNWE",0.251892511388766,0.360016714983379,0,0.124650315652889,0.263440457974966
"208","GTEX-12WSD-0011-R9a-SM-5GU6W",0.082140679755058,0.0112881093959244,0.0710056559237123,0.55384583949482,0.281719715430485
"209","GTEX-12WSD-3026-SM-5LZU7",0.520503344381377,0.224188375168235,0,0.0906088181323818,0.164699462318006
"210","GTEX-12WSD-3126-SM-5HL7P",0.224636200357701,0.449102812445876,0,0.0421914018710341,0.284069585325389
"211","GTEX-12WSE-0011-R10b-SM-5P9JV",0.891038113398216,0,0,0,0.108961886601784
"212","GTEX-12WSE-0011-R11b-SM-5P9JW",0.839355478636757,0.000133524603772089,0,0.0218284673478697,0.138682529411601
"213","GTEX-12WSE-0011-R1b-SM-5GU4V",0.638073203390676,0.070597183412814,0,0.109503798052029,0.181825815144481
"214","GTEX-12WSE-0011-R6b-SM-5LZV5",0.43487467771518,0.21902284651762,0,0.0849828477906305,0.261119627976569
"215","GTEX-12WSE-0011-R7a-SM-5PNWF",0.00627960137107344,0.242450738318997,0,0.380016916870814,0.371252743439116
"216","GTEX-12WSE-2926-SM-5RQJ9",0.803271398139098,0.00980377773017425,6.12349332457313e-05,0.0211419704769268,0.165721618720555
"217","GTEX-12WSF-0011-R10a-SM-5LZVH",0.735452898303246,0.0516218355316851,0,0.0333936072366362,0.179531658928433
"218","GTEX-12WSF-0011-R11a-SM-5LZVT",0.766104846251776,0.0482162913591391,0.000122337159203399,0.030504581559338,0.155051943670543
"219","GTEX-12WSF-0011-R1a-SM-5DUVI",0.429394189713842,0.00504668576423888,0,0.32966708583288,0.235892038689039
"220","GTEX-12WSF-0011-R2a-SM-5DUVU",0.0545661147697819,0.147385007752606,0,0.305396859326219,0.492652018151393
"221","GTEX-12WSF-0011-R3a-SM-5DUW7",0.515356912136934,0.113587581888375,0,0.0779103518634941,0.293145154111197
"222","GTEX-12WSF-0011-R4b-SM-5HL88",0.209950801164673,0.169593356121105,0,0.351970683372235,0.268485159341986
"223","GTEX-12WSF-0011-R5a-SM-5HL8K",0.293432966838218,0.150331840164329,0.00366912662158538,0.21698079092049,0.335585275455378
"224","GTEX-12WSF-0011-R6b-SM-5HL8W",0.398620415227022,0.154902668702085,0,0.0669445533746908,0.379532362696202
"225","GTEX-12WSF-0011-R7b-SM-5HL99",0.202621895638407,0.143786771834391,0,0.266360098084931,0.387231234442271
"226","GTEX-12WSF-3126-SM-6M478",0.558994025278811,0.154471759353234,0,0.0447973257783919,0.241736889589563
"227","GTEX-12WSH-0011-R10a-SM-5LZUS",0.691153878348488,0.117445326287079,0,0.0232435554578876,0.168157239906545
"228","GTEX-12WSH-0011-R11a-SM-5LZVM",0.744877230351012,0.0518771280640012,0.0086517780183108,0.0288954420772183,0.165698421489458
"229","GTEX-12WSH-0011-R1a-SM-5GU5V",0.323357366734581,0.051844844488402,0,0.403024204897728,0.221773583879289
"230","GTEX-12WSH-0011-R2a-SM-5GU68",0,0.175751530573231,0,0.510205338832049,0.31404313059472
"231","GTEX-12WSH-0011-R4a-SM-5GU6K",0.191709341974485,0.164192636392851,0,0.399390457572936,0.244707564059728
"232","GTEX-12WSH-0011-R5b-SM-5P9F3",0.0915650798759251,0.248733678113297,0,0.315712166842283,0.343989075168494
"233","GTEX-12WSH-0011-R6b-SM-5P9F4",0.463568218989917,0.193821917180164,0.00570381065046653,0.0387131154788069,0.298192937700646
"234","GTEX-12WSH-0011-R9b-SM-5LZUG",0,0.0800646512138404,0,0.681421026819676,0.238514321966483
"235","GTEX-12WSH-3026-SM-5CVNI",0.540090849123018,0.207131394269223,0,0.0444990271294048,0.208278729478355
"236","GTEX-12WSH-3126-SM-5LZW8",0.7237424298223,0.0638248430728631,3.67762436148348e-05,0.0160811353440438,0.196314815517178
"237","GTEX-12WSI-0011-R11b-SM-5P9EZ",0.789947903293227,0,0.00315451432184713,0.0911232194817378,0.115774362903188
"238","GTEX-12WSI-0011-R7b-SM-5GU78",0.511372639442907,0.182706931626414,0,0.0699554587236555,0.235964970207023
"239","GTEX-12WSM-0011-R10a-SM-5DUWV",0.635648390522545,0.188321676308279,0,0.0089049340363127,0.167124999132863
"240","GTEX-12WSM-0011-R11a-SM-5DUX8",0.686825760250723,0.0725917799080281,0,0.0682883020390889,0.17229415780216
"241","GTEX-12WSM-0011-R1a-SM-5LZW6",0.304644121594155,0.0953283086849301,0,0.39432398563921,0.205703584081706
"242","GTEX-12WSM-0011-R3b-SM-5LZWI",0.615703969034367,0.171623622197949,0,0.00992345577893869,0.202748952988746
"243","GTEX-12WSM-0011-R5a-SM-5EQ4Y",0.303493706245384,0.392904472896747,0,0.061602308424197,0.241999512433672
"244","GTEX-12WSM-0011-R6b-SM-5EQ6N",0.343533445416644,0.307136092126677,0,0.0707709781814105,0.278559484275269
"245","GTEX-12WSM-0011-R7b-SM-5EGLD",0.151870441476441,0.424350354108628,0,0.141226993478886,0.282552210936045
"246","GTEX-12WSM-0011-R8a-SM-5DUWJ",0.314516716138039,0.277679539876592,0,0.032829511775891,0.374974232209478
"247","GTEX-12WSM-2126-SM-5GCOC",0.545208716359716,0.196345240457942,0,0.0488801221459913,0.209565921036351
"248","GTEX-12ZZW-0011-R10b-SM-5HL9X",0.325944089731337,0.384230028633223,0,0.062428856447901,0.227397025187539
"249","GTEX-12ZZW-0011-R3a-SM-5DUWW",0.145823764433,0.390051360696205,0,0.12320178244036,0.340923092430435
"250","GTEX-12ZZW-0011-R4a-SM-5DUX9",0.0213572710696882,0.535204007743396,0,0.157443669436871,0.285995051750045
"251","GTEX-12ZZW-0011-R5a-SM-5DUVN",0.0924446235248435,0.46308152775147,0,0.157689096804204,0.286784751919482
"252","GTEX-12ZZW-0011-R6a-SM-5DUVZ",0.120089762198362,0.45911793190946,0,0.105397872773278,0.3153944331189
"253","GTEX-12ZZW-0011-R7a-SM-5DUWC",0.16917240859628,0.413577248816766,0,0.0959706451701737,0.32127969741678
"254","GTEX-12ZZW-2926-SM-5LZUP",0.344483458847957,0.370737634235973,0,0.0159572406060557,0.268821666310014
"255","GTEX-12ZZX-0011-R10b-SM-5DUWK",0.787829343025681,0.0806296947548948,0,0,0.131540962219424
"256","GTEX-12ZZX-0011-R11a-SM-5DUVJ",0.735673424723225,0.0840467063064375,0,0.0585611248554888,0.121718744114849
"257","GTEX-12ZZX-0011-R1a-SM-5EQ6B",0.225363299280093,0.243163767584769,0,0.355137031657579,0.17633590147756
"258","GTEX-12ZZX-0011-R2a-SM-5EGLG",0.230034702789035,0.314109752963454,0,0.183620444312057,0.272235099935454
"259","GTEX-12ZZX-0011-R3b-SM-5EGLH",0.389175946868867,0.28289513552601,0,0.139865523554654,0.188063394050468
"260","GTEX-12ZZX-0011-R5a-SM-5HL89",0.192339053885191,0.409111914382162,0,0.0782818025226043,0.320267229210043
"261","GTEX-12ZZX-0011-R6a-SM-5HL8L",0.443757524194793,0.201911981146011,0,0.0996871874783604,0.254643307180835
"262","GTEX-12ZZX-0011-R7b-SM-5DUVV",0.116953033350977,0.405800555145847,0,0.153396868873548,0.323849542629628
"263","GTEX-12ZZX-0011-R8a-SM-5DUW8",0.447869438249186,0.177847938639853,0,0.137958438844045,0.236324184266916
"264","GTEX-12ZZX-2826-SM-5BC6K",0.696220406073335,0.124747993880168,0,0.0794279380760536,0.099603661970443
"265","GTEX-12ZZX-2926-SM-5GCOQ",0.63908143089876,0.163942148468008,0,0.0248022058018607,0.172174214831371
"266","GTEX-12ZZY-0011-R10b-SM-5HL7W",0.698403978127114,0.107377447434012,0,0.0155870005006,0.178631573938274
"267","GTEX-12ZZY-0011-R5a-SM-5EGL9",0.383886986323598,0.279698612970967,0,0.107637054234876,0.228777346470559
"268","GTEX-12ZZY-0011-R6b-SM-5EGLA",0.36154593716904,0.323881256974063,0,0.0689639145527333,0.245608891304164
"269","GTEX-12ZZY-0011-R7a-SM-5EGLB",0.134306033243323,0.298722014611059,0,0.323088833967386,0.243883118178233
"270","GTEX-12ZZY-2926-SM-5DUXO",0.644928333986693,0.0951264163874552,0,0.109532050804799,0.150413198821052
"271","GTEX-12ZZY-3026-SM-5GCOU",0.333860496545854,0.141268006690419,0,0.334127330319909,0.190744166443818
"272","GTEX-12ZZZ-0011-R10a-SM-5P9HC",0.718307965737695,0.0723210945600822,0,0.011063967976322,0.1983069717259
"273","GTEX-12ZZZ-0011-R11a-SM-5EGLC",0.817545670630332,0,0,0.0330130760823411,0.149441253287327
"274","GTEX-12ZZZ-0011-R3b-SM-5DUXK",0.383836205098384,0.3008355913868,0,0.0413480135372972,0.273980189977519
"275","GTEX-12ZZZ-0011-R4b-SM-5DUV7",0.0644125499309695,0.16256304166533,0,0.38876042603778,0.384263982365921
"276","GTEX-12ZZZ-0011-R5a-SM-5EQ4M",0.174598963823137,0.315259234568722,0,0.250156580550325,0.259985221057817
"277","GTEX-12ZZZ-0011-R6b-SM-5EQ5B",0.41108109652865,0.254125870600674,0,0.0561428986117532,0.278650134258922
"278","GTEX-12ZZZ-0011-R7b-SM-5EGLE",0.225706681836964,0.323110224981232,0,0.158078592717648,0.293104500464155
"279","GTEX-12ZZZ-3026-SM-5BC67",0.462611228657961,0.271127845820473,0,0.0227495708482303,0.243511354673336
"280","GTEX-12ZZZ-3126-SM-5LZU6",0.733860232250934,0,0,0.0562404258496534,0.209899341899413
"281","GTEX-13112-0011-R1b-SM-5HL7K",0.378010591687444,0.0597051727629441,0,0.350342832714504,0.211941402835108
"282","GTEX-13112-0011-R3b-SM-5HL9L",0.351198242972529,0.409157794102512,0,0.00370245340656286,0.235941509518396
"283","GTEX-13112-0011-R4b-SM-5DUXL",0.218728426424281,0.235574774161149,0,0.238248347047435,0.307448452367135
"284","GTEX-13112-0011-R5b-SM-5DUV8",0,0.413642532790531,0,0.24317889474731,0.343178572462159
"285","GTEX-13112-0011-R6b-SM-5DUVK",0.324192978675353,0.377595646103352,0,0.0476373276586553,0.25057404756264
"286","GTEX-13112-0011-R7b-SM-5DUVW",0.24484543492326,0.303904981912797,0,0.216056167305039,0.235193415858903
"287","GTEX-13112-0011-R8b-SM-664OV",0.0130457670407742,0.165915110728856,0,0.51293209979721,0.30810702243316
"288","GTEX-13112-2926-SM-5DUWT",0.650630346532755,0.11252395033522,0,0.0570895091143202,0.179756194017705
"289","GTEX-1313W-0011-R10b-SM-5DUXA",0.857477510933888,0,0,0,0.142522489066112
"290","GTEX-1313W-0011-R11a-SM-5DUXN",0.793170031949621,0,0.00536146380448274,0.0626174292533468,0.13885107499255
"291","GTEX-1313W-0011-R1b-SM-5EQ4A",0.439594454161486,0.00465855344882268,0,0.34968686693149,0.206060125458201
"292","GTEX-1313W-0011-R2a-SM-5EGLF",0.429221166771149,0.0109377676446865,0,0.30813661602077,0.251704449563394
"293","GTEX-1313W-0011-R3a-SM-5EGLI",0.760156517317276,0.0150131994190977,0,0.0359000846837384,0.188930198579888
"294","GTEX-1313W-0011-R4b-SM-5KLZV",0.387261526095179,0.273112407116842,0,0.101079531785434,0.238546535002545
"295","GTEX-1313W-0011-R5b-SM-5L3EP",0.534816358133599,0.16252268728414,0,0.0893219335080465,0.213339021074215
"296","GTEX-1313W-0011-R6a-SM-5K7XO",0.701503460748414,0.130537984939735,0,0.0390110117877396,0.128947542524111
"297","GTEX-1313W-0011-R7b-SM-5DUWL",0.378912447981643,0.0230473679792903,0,0.359239846240649,0.238800337798418
"298","GTEX-1313W-0011-R8a-SM-5DUVM",0.445947304092586,0.0278688267946286,0,0.226345787823744,0.299838081289041
"299","GTEX-1313W-3026-SM-5LZUZ",0.733913908427519,0.0282421973425134,0,0.0923430913598286,0.145500802870139
"300","GTEX-1313W-3126-SM-5LZUI",0.576459588121665,0.0349718202574366,0,0.20937280766401,0.179195783956889
"301","GTEX-131XH-0011-R10a-SM-5EGLJ",0.752637659187199,0.11831980229473,0,0.016052279355916,0.112990259162155
"302","GTEX-131XH-0011-R11a-SM-5EGLN",0.789032001366868,0.0529761479508117,0,0.0404777029283816,0.117514147753939
"303","GTEX-131XH-0011-R1a-SM-5DUWA",0.633867344671023,0.17746196933955,0,0.0799343548571531,0.108736331132274
"304","GTEX-131XH-0011-R2b-SM-5DUVY",0,0.110283694935366,0,0.581244533916256,0.308471771148378
"305","GTEX-131XH-0011-R3b-SM-5DUWM",0.740690571002673,0.0908597823002446,0,0,0.168449646697082
"306","GTEX-131XH-0011-R4b-SM-5DUWB",0.301351900806471,0.165615182961698,0,0.341730681643055,0.191302234588777
"307","GTEX-131XH-0011-R6a-SM-5KM2G",0.530552295925885,0.286398166178728,0,0.0679937831504528,0.115055754744934
"308","GTEX-131XH-0011-R8a-SM-5EGLL",0.423598663000084,0.132543159316066,0,0.181045501918238,0.262812675765612
"309","GTEX-131XH-2926-SM-5LZU4",0.787004305406486,0.0596244413508116,0,0.0467788178091181,0.106592435433584
"310","GTEX-131XW-0011-R10a-SM-5DUVA",0.1078713458504,0.584533871016166,0,0.010636213428572,0.296958569704863
"311","GTEX-131XW-0011-R11a-SM-5DUV9",0.462333144236552,0.126294195496615,0,0.0590035993641354,0.352369060902697
"312","GTEX-131XW-0011-R6b-SM-5K7XY",0,0.591808096943292,0,0.134940887635501,0.273251015421206
"313","GTEX-131XW-0011-R8a-SM-5DUWY",0.098324829331986,0.307481674996852,0,0.230789563699225,0.363403931971937
"314","GTEX-131XW-0011-R9a-SM-5N9EO",0,0.0235808024268952,0.0188646593329102,0.761665592048924,0.195888946191271
"315","GTEX-131XW-3126-SM-5LZUC",0.287618951542971,0.474275598851368,0,0,0.238105449605661
"316","GTEX-131YS-0011-R10b-SM-5EQ5N",0.750270258386856,0.0386894808148057,0,0.0319709049445686,0.17906935585377
"317","GTEX-131YS-0011-R11b-SM-5EGLM",0.739081818076805,0.0540368461086318,0.00115765175283725,0.0840218846140981,0.121701799447628
"318","GTEX-131YS-0011-R1a-SM-5DUXC",0.222403095434887,0.214124994901363,0.0151576853762226,0.199136035375538,0.34917818891199
"319","GTEX-131YS-0011-R3b-SM-5DUXB",0.728542813056639,0.0504000437870553,0,0.0189434212540671,0.202113721902239
"320","GTEX-131YS-0011-R4a-SM-5DUVL",0.365358445264341,0.341712293495419,0,0.0891457094042268,0.203783551836013
"321","GTEX-131YS-0011-R5b-SM-5K7YB",0.478567609577143,0.248456040815244,0,0.0995425321335065,0.173433817474106
"322","GTEX-131YS-0011-R7a-SM-5IJDA",0.470917723271572,0.177029712121077,0,0.183428856002757,0.168623708604595
"323","GTEX-131YS-0011-R9b-SM-5EQLY",0,0.0998288421938314,0.0634921899781162,0.62873346500932,0.207945502818732
"324","GTEX-131YS-3026-SM-5EGHY",0.675905676146427,0.135256393090236,0,0.0565848249173196,0.132253105846018
"325","GTEX-131YS-3126-SM-5KLYT",0.640488130248592,0.164300154493806,0,0.00474415033454312,0.190467564923059
"326","GTEX-132Q8-0011-R10b-SM-5DUWZ",0.597774536045078,0.144369169601721,0,0.0412608518647383,0.216595442488462
"327","GTEX-132Q8-0011-R11b-SM-5DUW9",0.693633817641299,0.018520776025068,0.0170082712364037,0.0216137170498675,0.249223418047362
"328","GTEX-132Q8-0011-R1a-SM-5EGLK",0.0473169820264828,0.236118037638211,0.0360745436501085,0.286274108784798,0.3942163279004
"329","GTEX-132Q8-0011-R2b-SM-5EQ5Z",0,0.198224958941673,0.00927888365194955,0.49399537848878,0.298500778917598
"330","GTEX-132Q8-0011-R5a-SM-5IJDM",0.210170331183871,0.30291979975522,0,0.0980202786467875,0.388889590414121
"331","GTEX-132Q8-0011-R6a-SM-5K7YN",0.384280442473204,0.232202444188098,0.0109942779519781,0.0418071578117798,0.33071567757494
"332","GTEX-132Q8-0011-R7b-SM-5N9F1",0.109613875942022,0.370884349157298,0,0.11498824358639,0.404513531314289
"333","GTEX-132Q8-0011-R8b-SM-5DUWX",0.208048941566124,0.169326241371506,0.0322816390979978,0.154941003194036,0.435402174770336
"334","GTEX-132Q8-2926-SM-5IFFP",0.464558679463817,0.207750119527749,0,0.0331243576472224,0.294566843361212
"335","GTEX-132Q8-3026-SM-5PNVG",0.442999536803111,0.212066882423484,0.000752160140949123,0,0.344181420632455
"336","GTEX-1399T-0011-R11a-SM-5J2O1",0.845090535984021,0.00276438737948094,0.00301877895986152,0.0146953787357141,0.134430918940923
"337","GTEX-1399T-0011-R1b-SM-5DUWN",0.289189669629574,0.123550410045165,0,0.253035147488429,0.334224772836831
"338","GTEX-1399T-0011-R2b-SM-5DUXM",0.283297636464269,0.122581764745694,0.00882849937303857,0.244958604761725,0.340333494655273
"339","GTEX-1399T-0011-R4b-SM-5DUVX",0.371542338342519,0.249170215007802,0,0.082241726742736,0.297045719906943
"340","GTEX-1399T-0011-R5b-SM-5IJDK",0.515803358601443,0.122560589849494,0,0.076230283626701,0.285405767922362
"341","GTEX-1399T-0011-R6b-SM-5K7YL",0.383122911411787,0.14894636491388,0,0.19549304987838,0.272437673795953
"342","GTEX-1399T-0011-R8b-SM-5IJD8",0.572941158434871,0.106104438052945,0.000902289654044146,0.0455775221472026,0.274474591710937
"343","GTEX-1399T-3026-SM-5KLZC",0.443164325461483,0.273104569841225,0,0.0300999144792182,0.253631190218074
"344","GTEX-1399T-3126-SM-5IJFS",0.68901937578903,0.108350641919298,0,0.0196232219913503,0.183006760300322
"345","GTEX-139T4-0011-R9b-SM-5HL6S",0,0.0608236354354248,0.0528125248792389,0.631309607212414,0.255054232472923
"346","GTEX-139T8-0011-R1a-SM-5HL75",0.393927802269378,0.0874142369061563,0,0.0961048314837597,0.422553129340706
"347","GTEX-139T8-0011-R3b-SM-5HL4R",0.118303050625482,0.156482285683115,0,0.29375303608858,0.431461627602823
"348","GTEX-139T8-0011-R4a-SM-5HL54",0.0571394653341165,0.35132703628735,0,0.174420505119004,0.417112993259529
"349","GTEX-139T8-0011-R5b-SM-5J1MO",0,0.399293812981788,0,0.133799747110363,0.466906439907848
"350","GTEX-139T8-1026-SM-5J2MC",0.201362135433203,0.447563371191235,0,0.00502367635689499,0.346050817018668
"351","GTEX-139TS-0011-R10a-SM-5K7TU",0.378998699709344,0.402338747292821,0,0.0453869755614059,0.173275577436428
"352","GTEX-139TS-0011-R2b-SM-5J1MX",0,0.0405900681738151,0,0.681163058777638,0.278246873048547
"353","GTEX-139TS-0011-R5b-SM-5J2MZ",0,0.530517257882889,0,0.14732166176642,0.322161080350691
"354","GTEX-139TS-0011-R6a-SM-5J2OB",0,0.505069547158123,0,0.128863616942721,0.366066835899156
"355","GTEX-139TS-0011-R7a-SM-5K7X7",0,0.491320303861409,0,0.141787943357877,0.366891752780714
"356","GTEX-139TS-0011-R8a-SM-5J1NP",0.306639934822306,0.260546173181918,0,0.141392576460811,0.291421315534965
"357","GTEX-139TS-3126-SM-5LZWX",0.620303968185897,0.172744160236794,0,0.0481455348964411,0.158806336680868
"358","GTEX-139TT-0011-R11b-SM-5LZV1",0.798359911524929,0.0429661461559867,0.000907257245925581,0.0165111211670853,0.141255563906074
"359","GTEX-139TT-0011-R1a-SM-5LZVD",0.544161033337211,0.0541397577392693,0,0.239189400660948,0.162509808262572
"360","GTEX-139TT-0011-R3b-SM-5K7VL",0.445149671227368,0.284983886489548,0,0.0652847076506819,0.204581734632402
"361","GTEX-139TT-0011-R5b-SM-5K7W8",0.437064807031645,0.289634586529619,0,0.0665246244344321,0.206775982004304
"362","GTEX-139TT-0011-R6b-SM-5J2ON",0.269921025705647,0.50501219658841,0,0.0102034562789726,0.214863321426971
"363","GTEX-139TT-0011-R7b-SM-5J2MN",0.3359818272328,0.285366411014699,0,0.126382244939858,0.252269516812644
"364","GTEX-139TT-2626-SM-5LZUB",0.636782325923615,0.12337204408959,0,0.0329112328034809,0.206934397183314
"365","GTEX-139TU-0011-R5b-SM-5L3E1",0,0.344718300095434,0.0243865558053745,0.188122433456885,0.442772710642306
"366","GTEX-139UW-0011-R11a-SM-5IJGN",0.262261967221373,0.335708632249597,0,0.0508778720320993,0.351151528496931
"367","GTEX-139UW-0011-R9b-SM-5LZYT",0,0.00225615184017323,0,0.87241979359893,0.125324054560897
"368","GTEX-13CF2-0011-R11b-SM-5LZXO",0.801765154414355,0.0575209562409679,0,0.0223611607701223,0.118352728574555
"369","GTEX-13CF2-0011-R1a-SM-5LZY1",0.0968954829981702,0.17006917325965,0,0.391506805769578,0.341528537972602
"370","GTEX-13CF2-0011-R2a-SM-5L3DC",0,0.34168923218018,0,0.381865213121068,0.276445554698753
"371","GTEX-13CF2-0011-R3b-SM-5LZZ6",0.439626452383682,0.344158501726241,0,0.0147979832786925,0.201417062611384
"372","GTEX-13CF2-0011-R5a-SM-5LZWS",0,0.429665598203412,0,0.263323596268593,0.307010805527996
"373","GTEX-13CF2-0011-R7b-SM-5K7UV",0,0.312713566065986,0,0.499077909505714,0.188208524428299
"374","GTEX-13CF2-0011-R8b-SM-5IJCX",0.386013290075851,0.268488278743886,0,0.100043662998879,0.245454768181385
"375","GTEX-13CF2-3026-SM-5IFFX",0.597534173633539,0.189140290333003,0,0.0473504301700032,0.165975105863455
"376","GTEX-13CIG-0011-R3b-SM-5K7XF",0.177962939200271,0.432481593150974,0.0047950319892665,0.0130623299471296,0.371698105712359
"377","GTEX-13CIG-0011-R5b-SM-5L3F2",0.0833446449007315,0.506165464947293,0,0.0527397764922925,0.357750113659683
"378","GTEX-13CIG-0011-R8b-SM-5LZX5",0.427793622418931,0.198347887119865,0.00688954918841864,0.00121423340465501,0.36575470786813
"379","GTEX-13CIG-0011-R9a-SM-5K7VU",0,0.0792132022386559,0.0823134279783488,0.330443838709496,0.508029531073499
"380","GTEX-13CZV-0011-R10b-SM-5LZYD",0.562724100004565,0.107535417712942,0,0.160694103136245,0.169046379146247
"381","GTEX-13CZV-0011-R11b-SM-5N9FN",0.59039160357761,0.126175942190451,0,0.0199473736474211,0.263485080584518
"382","GTEX-13CZV-0011-R3a-SM-5KM27",0.413864413709938,0.361404506339229,0,0,0.224731079950833
"383","GTEX-13CZV-0011-R4b-SM-5J2NY",0.0651295550940207,0.382189297443693,0,0.216175383169939,0.336505764292348
"384","GTEX-13CZV-0011-R5a-SM-5K7XA",0.227249384278496,0.468593144332541,0,0.0648682616583919,0.239289209730571
"385","GTEX-13CZV-0011-R7b-SM-5LZXH",0,0.445824913502171,0,0.284624879552606,0.269550206945223
"386","GTEX-13CZV-0011-R9a-SM-5LZXT",0,0.0851032383625435,0.00389632462769194,0.610935941027136,0.300064495982629
"387","GTEX-13FHO-0011-R10b-SM-5J2MM",0.577560837231807,0.231045627723825,0,0.0202211762018684,0.1711723588425
"388","GTEX-13FHO-0011-R11b-SM-5LZYQ",0.725126970715688,0.109980376058907,0.000667437132229569,0.00750093001983063,0.156724286073344
"389","GTEX-13FHO-0011-R1b-SM-5KLZG",0.102065456950478,0.367745774648969,0,0.197435072350731,0.332753696049822
"390","GTEX-13FHO-0011-R3b-SM-5K7YA",0.228156991995607,0.505407806033285,0,0,0.266435201971109
"391","GTEX-13FHO-0011-R5b-SM-5LZZ3",0.231159558085429,0.385124969222449,0,0.09202000178004,0.291695470912082
"392","GTEX-13FHO-0011-R6b-SM-5LZX1",0.481951106392773,0.103147074120319,0,0.0416586594810315,0.373243160005876
"393","GTEX-13FHO-0011-R7b-SM-5LZXD",0.195545696732654,0.243527431965283,0,0.137251712552312,0.42367515874975
"394","GTEX-13FHO-2926-SM-5L3ES",0.556470439659942,0.208446994724301,0,0.0328849628169869,0.20219760279877
"395","GTEX-13FHO-3026-SM-5J1O9",0.461557870049684,0.151798467825056,0,0.157028166294784,0.229615495830476
"396","GTEX-13FHP-0011-R11b-SM-5LZXP",0.739918634403063,0.0313194918910179,0,0.0718682001483328,0.156893673557586
"397","GTEX-13FHP-0011-R1b-SM-5K7XL",0.0770615082123301,0.247939684634728,0,0.326287330849084,0.348711476303858
"398","GTEX-13FHP-0011-R5b-SM-5LZY2",0,0.320585942711504,0,0.34835053684372,0.331063520444776
"399","GTEX-13FHP-0011-R6b-SM-5LZY6",0.205446940925177,0.237933683791567,0,0.269812921752606,0.286806453530651
"400","GTEX-13FHP-0011-R7b-SM-5LZYI",0,0.474853176262363,0,0.220518574730446,0.304628249007191
"401","GTEX-13FHP-2926-SM-5IJG9",0.609444118123186,0.134124606939698,0,0.0564896018434296,0.199941673093686
"402","GTEX-13FHP-3026-SM-5IJBS",0.372368454845552,0.182861938445641,0,0.266553194590592,0.178216412118214
"403","GTEX-13FLV-0011-R10b-SM-5LZZ2",0.379125085580122,0.343968993568927,0,0.053283566688482,0.223622354162469
"404","GTEX-13FLV-0011-R11a-SM-5LZZ7",0.608373269420002,0.0945946095543214,0,0.0338942738431382,0.263137847182539
"405","GTEX-13FLV-0011-R3b-SM-5LZYP",0.270818208076102,0.457690185806138,0,0.0651318440439277,0.206359762073833
"406","GTEX-13FLV-0011-R4a-SM-5LZYU",0.0476998875219542,0.561082613385265,0,0.150989843626766,0.240227655466015
"407","GTEX-13FLV-0011-R5a-SM-5LZWT",0.136743431892972,0.398533156387897,0,0.184052398372208,0.280671013346923
"408","GTEX-13FLV-0011-R6a-SM-5KLZ4",0.376483368009637,0.320871212885702,0,0.0301241402240084,0.272521278880653
"409","GTEX-13FLV-0011-R7b-SM-5K7WW",0.162896177070939,0.293242784303348,0,0.258592548396037,0.285268490229675
"410","GTEX-13FLV-0011-R8a-SM-5LZZE",0.207079843933323,0.25105573187123,0,0.239470722513301,0.302393701682147
"411","GTEX-13FLV-0011-R9b-SM-5L3DA",0,0.060317483872091,0,0.64554226285179,0.294140253276119
"412","GTEX-13FLW-0011-R10b-SM-5LZZF",0.562506344896663,0.0221291874557677,0,0.274169227726994,0.141195239920575
"413","GTEX-13FLW-0011-R1b-SM-5LZX2",0.529487572524841,0.128336796835474,0,0.143489597128538,0.198686033511147
"414","GTEX-13FLW-0011-R5a-SM-5LZX6",0.296112335904836,0.310417027970343,0,0.150952053642509,0.242518582482312
"415","GTEX-13FLW-0011-R6b-SM-5L3EN",0.497365004708578,0.273519392896654,0,0.0418129716271514,0.187302630767616
"416","GTEX-13FLW-0011-R7b-SM-5L3EZ",0.246365031894216,0.238043343124305,0,0.282501832490996,0.233089792490483
"417","GTEX-13FLW-0011-R8b-SM-5J1MZ",0.165771927675481,0.0333712916971494,0,0.559935969555749,0.24092081107162
"418","GTEX-13FLW-1426-SM-5K7YE",0.54417433132916,0.0910826429978983,0,0.179183959400963,0.185559066271979
"419","GTEX-13FTY-0011-R11a-SM-5IJEA",0.730380514389913,0.0577764288564456,0,0.0163834154486753,0.195459641304966
"420","GTEX-13FTY-0011-R1a-SM-5LZXE",0.0397448375538273,0.270090075192775,0,0.220595836405436,0.469569250847961
"421","GTEX-13FTY-0011-R9b-SM-5KM2U",0,0.00874185290339544,0,0.810488425896494,0.180769721200111
"422","GTEX-13FTZ-0011-R10b-SM-5KLZS",0.456417814269454,0.29115882199544,0,0.048424723247582,0.203998640487524
"423","GTEX-13FXS-0011-R10a-SM-5J2MA",0.648776331382346,0.195602594300975,0,0,0.155621074316679
"424","GTEX-13FXS-0011-R11a-SM-5L3DM",0.71600805164967,0.0959361793496455,0,0.0329385686922346,0.15511720030845
"425","GTEX-13FXS-0011-R1a-SM-5K7U6",0.472217224084199,0.0709851243612637,0,0.214822424553292,0.241975227001245
"426","GTEX-13FXS-0011-R2b-SM-5K7XX",0.120221688649853,0.182596152935056,0.0118749698923551,0.34637768279965,0.338929505723086
"427","GTEX-13FXS-0011-R5b-SM-5LZYE",0.334038248009961,0.259319259053845,0,0.181446990029495,0.225195502906699
"428","GTEX-13FXS-0011-R6b-SM-5L3F7",0.416951685202652,0.199924567450248,0,0.170115961337713,0.213007786009387
"429","GTEX-13FXS-0011-R7a-SM-5L3FC",0.147690668490646,0.413223930146641,0,0.206853644986929,0.232231756375784
"430","GTEX-13FXS-0011-R8a-SM-5J1MN",0.509719953494477,0.124971193015058,0,0.0683775419251259,0.296931311565339
"431","GTEX-13FXS-0011-R9a-SM-5K7UI",0,0.119865057217448,0,0.713763169073418,0.166371773709133
"432","GTEX-13FXS-3026-SM-5LZYO",0.610835542324554,0.12573392485311,0,0.111627432094946,0.15180310072739
"433","GTEX-13FXS-3126-SM-5J2NN",0.647877736531907,0.163332976460512,0,0.000153920307835675,0.188635366699745
"434","GTEX-13G51-0011-R10b-SM-5LZYF",0.600367122756447,0.14871846343354,0,0.0634446708988346,0.187469742911178
"435","GTEX-13G51-0011-R11b-SM-5J2NE",0.772627528947989,0.060675810618636,0,0.0433301431021593,0.123366517331216
"436","GTEX-13G51-0011-R1a-SM-5LZYR",0.199120196034816,0.121020857365712,0,0.529533907540196,0.150325039059276
"437","GTEX-13G51-0011-R2b-SM-5LZXS",0.192460345044876,0.12974566907343,0.0257175500527718,0.345754420994441,0.306322014834481
"438","GTEX-13G51-0011-R5a-SM-5L3EB",0.519196493669483,0.250070612604924,0,0.0398791896365518,0.190853704089041
"439","GTEX-13G51-0011-R6b-SM-5LZX4",0.385178061015803,0.262188690031044,0,0.138190489577789,0.214442759375364
"440","GTEX-13G51-0011-R7b-SM-5LZXG",0.332795284648581,0.152938508865257,0,0.296787657199909,0.217478549286253
"441","GTEX-13G51-0011-R8b-SM-5LZZ4",0.448859701209752,0.155483268841295,0.019848531841198,0.0956583922268875,0.280150105880868
"442","GTEX-13G51-3026-SM-5IJB8",0.0332279314187017,0.0736818021646285,0,0.763468792569346,0.129621473847324
"443","GTEX-13G51-3126-SM-5IJG7",0.663036918243158,0.123404558632275,0,0.0425968781472553,0.170961644977311
"444","GTEX-13IVO-0011-R10a-SM-5LZY3",0.220491352852874,0.31219607613465,0,0.0897842084898057,0.377528362522671
"445","GTEX-13IVO-0011-R3b-SM-5IJBJ",0.049789996216466,0.372448524544886,0,0.0430172637871007,0.534744215451547
"446","GTEX-13IVO-0011-R6b-SM-5K7X9",0.224900911543074,0.302286335859579,0,0.0341296500176884,0.438683102579658
"447","GTEX-13IVO-0011-R8a-SM-5L3DY",0.352836399801718,0.113368131940631,0.0186165966554229,0.0510732344930467,0.464105637109182
"448","GTEX-13IVO-2926-SM-5L3CZ",0.0780070550541022,0.505764576184823,0,0.088550897972955,0.32767747078812
"449","GTEX-13JUV-0011-R10b-SM-5LZXR",0.365860723753887,0.391266949147977,0,0.015750193402993,0.227122133695143
"450","GTEX-13JUV-0011-R11a-SM-5LZYH",0.613035080147817,0.115120247429822,0.00362457621162476,0.0653516197104546,0.202868476500282
"451","GTEX-13JUV-0011-R1a-SM-5LZY4",0.369153603544394,0.0431726479847076,0.00988762305176576,0.327962762526712,0.24982336289242
"452","GTEX-13JUV-0011-R5a-SM-5LZY5",0.197269318812626,0.347341859715555,0.0251121941872544,0.0634892631582417,0.366787364126324
"453","GTEX-13JUV-0011-R6b-SM-5LZYG",0.199929375832932,0.350638107000416,0,0.132789487337012,0.31664302982964
"454","GTEX-13JUV-0011-R7b-SM-5LZZG",0,0.141597666429965,0.0261977919422352,0.460286192350346,0.371918349277454
"455","GTEX-13JUV-0011-R9a-SM-5LZX3",0,0.00508313827828986,0.0184279618057962,0.735244170684122,0.241244729231791
"456","GTEX-13JUV-2926-SM-5LZX7",0.225106744649297,0.365527752973714,0,0.0665077731622065,0.342857729214782
"457","GTEX-13JUV-3026-SM-5K7WX",0.329642989418987,0.163876974882943,0,0.279093588696666,0.227386447001404
"458","GTEX-13JVG-0011-R10b-SM-5KM2P",0.114559271023631,0.366405368984164,0,0.202858837905719,0.316176522086485
"459","GTEX-13JVG-0011-R11a-SM-5KM53",0.653590300189931,0.0674299422558007,0,0.00967015663359863,0.26930960092067
"460","GTEX-13JVG-0011-R1a-SM-5KM32",0,0.208980681030443,0,0.466799315060305,0.324220003909251
"461","GTEX-13JVG-0011-R3b-SM-5LZXF",0.134820763365605,0.457254006186583,0,0.00175082656802522,0.406174403879787
"462","GTEX-13JVG-0011-R4a-SM-5MR4C",0,0.269375159044176,0,0.296436186361999,0.434188654593825
"463","GTEX-13JVG-0011-R5a-SM-5MR4O",0.00225496536348191,0.541494138588181,0,0.141916623116664,0.314334272931674
"464","GTEX-13JVG-0011-R6a-SM-5MR3E",0.0954882826207641,0.54414345586084,0,0,0.360368261518396
"465","GTEX-13JVG-0011-R7b-SM-5MR3Q",0.0191143038718813,0.473763959593264,0,0.0903784864902707,0.416743250044584
"466","GTEX-13JVG-0011-R8a-SM-5KM3E",0.113603816079525,0.129701056620158,0,0.237400387797056,0.519294739503261
"467","GTEX-13JVG-3126-SM-5L3FH",0.127102481636519,0.427159315272872,0,0.0173924924486323,0.428345710641977
"468","GTEX-13JVG-3226-SM-5IJGJ",0.452484999295268,0.156048608396648,0,0.0275294780993666,0.363936914208717
"469","GTEX-13N1W-0011-R10b-SM-5MR4H",0.644945611158147,0.0532393952719893,0,0.0711844300487352,0.230630563521129
"470","GTEX-13N1W-0011-R1b-SM-5MR4T",0.125531132025879,0.0395531936301019,0.00708291546421951,0.466317837713156,0.361514921166644
"471","GTEX-13N1W-0011-R3a-SM-5MR5E",0.675115289333641,0.0860706536706389,0,0,0.23881405699572
"472","GTEX-13N1W-0011-R4a-SM-5MR52",0.343482056543861,0.153243424367496,0,0.127169709466229,0.376104809622414
"473","GTEX-13N1W-0011-R5b-SM-5MR5Q",0.253031847377103,0.288557085205483,0.0286303764723219,0.0502678841875045,0.379512806757588
"474","GTEX-13N1W-0011-R6a-SM-5MR43",0.156889265662976,0.17570016810683,0,0.3309206415857,0.336489924644494
"475","GTEX-13N1W-0011-R7b-SM-5MR4F",0.321689645098534,0.260805701845605,0.00569874926738834,0.0790734284765704,0.332732475311903
"476","GTEX-13N1W-0011-R8a-SM-5MR56",0.482149158417702,0.11694837721943,0,0.0709212378480128,0.329981226514855
"477","GTEX-13N1W-0011-R9b-SM-5MR4R",0,0,0,0.830106665663834,0.169893334336166
"478","GTEX-13N2G-0011-R10a-SM-5MR34",0.264181046324784,0.270544723807608,0.0421577587815483,0,0.42311647108606
"479","GTEX-13N2G-0011-R11a-SM-5MR3F",0.665215563996052,0.21170512306405,0,0.0104444402125361,0.112634872727362
"480","GTEX-13N2G-0011-R1b-SM-5MR3G",0.194295203470965,0.231849743472355,0,0.334296583360474,0.239558469696207
"481","GTEX-13N2G-0011-R2a-SM-5MR4Q",0.0396124396757124,0.226211150354049,0,0.428098798794518,0.30607761117572
"482","GTEX-13N2G-0011-R3b-SM-5MR5G",0.191011595614724,0.34037018949464,0.0127879640136883,0.053102361967369,0.40272788890958
"483","GTEX-13N2G-0011-R4b-SM-5MR54",0.223035106743265,0.251431485881249,0.00205843486802451,0.187335378736476,0.336139593770986
"484","GTEX-13N2G-0011-R6b-SM-5MR3P",0.311555506510423,0.270902103842159,0,0.0265285132537464,0.391013876393671
"485","GTEX-13N2G-0011-R7a-SM-5MR42",0,0.17907223207205,0.0197019184644174,0.279726799076918,0.521499050386615
"486","GTEX-13N2G-0011-R9b-SM-5MR4E",0,0.0981519595349889,0.0368863162439174,0.650979983485296,0.213981740735798
"487","GTEX-13N2G-3126-SM-5IJGL",0.520803675946813,0.232075199607798,0,0.100216391781938,0.14690473266345
"488","GTEX-13NYB-0011-R10a-SM-5KM43",0.711695692759917,0.0972759553188118,0,0,0.191028351921272
"489","GTEX-13NYB-0011-R11a-SM-5KM3Q",0.685821454679281,0,0,0.146792046619148,0.167386498701571
"490","GTEX-13NYB-0011-R1b-SM-5KM4F",0.438749160728024,0.100521030219307,0,0.1821130569308,0.278616752121869
"491","GTEX-13NYB-0011-R2a-SM-5MR3C",0,0.0461740732710543,0.0120733024287482,0.750997511118005,0.190755113182193
"492","GTEX-13NYB-0011-R3b-SM-A9SM4",0.484587666055387,0.259852082092492,0,0,0.255560251852121
"493","GTEX-13NYB-0011-R4b-SM-9QEGJ",0.223997967288652,0.450334977566704,0,0.0978766500055316,0.227790405139112
"494","GTEX-13NYB-0011-R5a-SM-5MR45",0.157129458434456,0.249250172720391,0,0.279147199332986,0.314473169512167
"495","GTEX-13NYB-0011-R6b-SM-5MR51",0.311545130006777,0.321811616253455,0,0.113370169107898,0.25327308463187
"496","GTEX-13NYB-0011-R7a-SM-5MR5D",0.0955545012377951,0.284894144438841,0,0.329596503791457,0.289954850531907
"497","GTEX-13NYB-0011-R8a-SM-5KM4R",0.557850983479302,0.0981081056392883,0,0.0902566641117721,0.253784246769638
"498","GTEX-13NYB-0011-R9b-SM-5MR5P",0.0459073797611686,0.0223296413934215,0.00244700581271743,0.618496827046357,0.310819145986335
"499","GTEX-13NYB-3026-SM-5IJD7",0.411829414581959,0.165692311000345,0,0.218879369605728,0.203598904811968
"500","GTEX-13NYB-3226-SM-5J2ND",0.744305557539652,0,0,0.0736949338670833,0.181999508593265
"501","GTEX-13NYC-2826-SM-5K7WR",0.564623366737423,0.169636470351336,0,0.0173713829279274,0.248368779983313
"502","GTEX-13NYS-0011-R10a-SM-5MR4S",0.577090438133792,0.111789989170692,0,0.00247361266768638,0.308645960027829
"503","GTEX-13NYS-0011-R11b-SM-5MR4P",0.495649284212706,0.153034931951875,0.0320441255558261,0.00705087937962156,0.312220778899972
"504","GTEX-13NYS-0011-R1b-SM-5MR55",0,0.297499968195283,0.0230578527200282,0.225615361960742,0.453826817123947
"505","GTEX-13NYS-0011-R2b-SM-5MR4G",0.0610075197836093,0.269462852658812,0.00188589143572881,0.197285971202186,0.470357764919664
"506","GTEX-13NYS-0011-R3b-SM-5MR41",0.240571596924491,0.364660470343116,0.00295341179128444,0.044571697052658,0.347242823888451
"507","GTEX-13NYS-0011-R4b-SM-5MR3O",0.000330110825154255,0.451371837883793,0.00252533026612381,0.106300526623641,0.439472194401289
"508","GTEX-13NYS-0011-R5a-SM-5MR4D",0.160659582250645,0.427664237438007,0,0.0783504549765852,0.333325725334763
"509","GTEX-13NYS-0011-R6b-SM-5MR3R",0.321689555312298,0.315702509081063,0.0123064996330514,0.0230208129979929,0.327280622975595
"510","GTEX-13NYS-0011-R8a-SM-5MR5H",0.0712271410173783,0.264665407420197,0.00320172859078563,0.136823780342518,0.524081942629122
"511","GTEX-13NYS-0011-R9b-SM-5MR44",0,0.0834176554316907,0.0352905466616305,0.409623673002816,0.471668124903862
"512","GTEX-13NYS-3126-SM-5KLYV",0.440970925132466,0.189299533054027,0,0.0448482535635533,0.324881288249954
"513","GTEX-13NZ8-0011-R1b-SM-5KM3V",0,0.0295582694654484,0,0.509750861382955,0.460690869151597
"514","GTEX-13NZ8-0011-R8b-SM-5KM48",0.163219552910168,0.153956221938794,0,0.142210725756848,0.54061349939419
"515","GTEX-13NZA-0011-R10b-SM-5KM54",0.426366786093825,0.222249133874996,0,0.00658141929747462,0.344802660733705
"516","GTEX-13NZA-0011-R11b-SM-5KM4W",0.765375977334553,0.033090272516284,0.000159485563413443,0.00346138573944587,0.197912878846304
"517","GTEX-13NZA-0011-R1b-SM-5LUAF",0,0.0438322237215112,0,0.683956849764607,0.272210926513881
"518","GTEX-13NZA-0011-R5b-SM-5KM4K",0,0.448166376167735,0,0.0545847963435171,0.497248827488748
"519","GTEX-13NZA-0011-R8b-SM-5KM2Q",0.486297499961113,0.0968497789481347,0.00493033400076251,0.0659881597238853,0.345934227366105
"520","GTEX-13NZA-0011-R9b-SM-5MR5I",0,0.0622359267508546,0.00650774929063239,0.688121836063452,0.243134487895061
"521","GTEX-13O1R-0011-R9b-SM-5KM33",0,0.0618022910719651,0.00390297053546374,0.611770205437358,0.322524532955213
"522","GTEX-13O3O-0011-R10a-SM-5LUA9",0.652686403463702,0.0942703339827834,0,0.0422440345439359,0.210799228009578
"523","GTEX-13O3O-0011-R11b-SM-5KM4G",0.675409663821481,0.0797432397807039,0.00138191882849807,0.0290469340130869,0.21441824355623
"524","GTEX-13O3O-0011-R1b-SM-5KM2K",0.663627526635924,0.0280596166900098,0,0.164181241740706,0.14413161493336
"525","GTEX-13O3O-0011-R2b-SM-5P9H1",0.0622514242698608,0.22810495659412,0,0.389999468993684,0.319644150142335
"526","GTEX-13O3O-0011-R3b-SM-5KM3R",0.499849565232815,0.270232469841398,0,0,0.229917964925788
"527","GTEX-13O3O-0011-R4b-SM-5KM3F",0.359144760026892,0.243171730895424,0,0.145408243454066,0.252275265623619
"528","GTEX-13O3O-0011-R5b-SM-5KM44",0.290293777692484,0.165417511840916,0,0.271646130108899,0.272642580357701
"529","GTEX-13O3O-0011-R6b-SM-5P9GY",0.362712370789047,0.33055828710343,0,0.0594816531341939,0.247247688973328
"530","GTEX-13O3O-0011-R7b-SM-5P9GZ",0.212313633584792,0.247353999037847,0,0.213475838591167,0.326856528786193
"531","GTEX-13O3O-0011-R8b-SM-5LUAL",0.216929293051397,0.239241576942172,0,0.209003161656132,0.334825968350299
"532","GTEX-13O3O-3026-SM-5KM42",0.548876881714224,0.171334253793896,0,0.052772408818207,0.227016455673673
"533","GTEX-13O3O-3126-SM-5KM3H",0.542343812524619,0.206924007225717,0,0.0302235139919119,0.220508666257753
"534","GTEX-13O3Q-0011-R10b-SM-5KM39",0.789895697633897,0.051310133560954,0,0,0.158794168805149
"535","GTEX-13O3Q-0011-R11b-SM-5KM2W",0.818581345490631,0.010651049753955,0.00465659710298562,0.0255838824002774,0.140527125252151
"536","GTEX-13O3Q-0011-R1b-SM-5KM3L",0.496533371233116,0.149748451902914,0,0.100849820038576,0.252868356825394
"537","GTEX-13O3Q-0011-R2b-SM-5KM3K",0.256705879125633,0.113401961541671,0,0.304924508735326,0.32496765059737
"538","GTEX-13O3Q-0011-R3a-SM-5P9H3",0.589052358486269,0.201533970534291,0,0,0.20941367097944
"539","GTEX-13O3Q-0011-R4a-SM-5P9H2",0.416083000739524,0.186074754000657,0,0.15539159199857,0.242450653261248
"540","GTEX-13O3Q-0011-R5b-SM-5P9H4",0.432917605002173,0.254208306185301,0,0.0878537980209963,0.225020290791529
"541","GTEX-13O3Q-0011-R6a-SM-5KM2V",0.495268451145275,0.25260418977736,0,0.0567589903504826,0.195368368726882
"542","GTEX-13O3Q-0011-R7a-SM-5KM38",0.40432309777073,0.170632742634248,0,0.166404962730455,0.258639196864567
"543","GTEX-13O3Q-0011-R8b-SM-5KM2J",0.507275006737651,0.0982590618555056,0.0232756026899897,0.112185187333295,0.259005141383559
"544","GTEX-13O3Q-2926-SM-5KM45",0.574356050755046,0.204615851461787,0,0,0.221028097783166
"545","GTEX-13O3Q-3026-SM-5IJGD",0.674342073616514,0.13577075844331,0,0.0251673349710185,0.164719832969158
"546","GTEX-13OVH-0011-R11b-SM-5KM4X",0.74992179204341,0.0793141281314684,0,0.0270044618957732,0.143759617929348
"547","GTEX-13OVH-0011-R3a-SM-5KM49",0.399496470555714,0.3395720857335,0,0.0107709937169082,0.250160449993878
"548","GTEX-13OVH-0011-R4a-SM-5KM3W",0.0819587996270098,0.262280489582676,0,0.325911279162138,0.329849431628176
"549","GTEX-13OVH-0011-R5b-SM-5KM4L",0.130812829936963,0.350304122371881,0,0.260467856919345,0.258415190771811
"550","GTEX-13OVH-0011-R6b-SM-5LUAX",0.10410978309612,0.369575537966583,0,0.181684459428678,0.344630219508619
"551","GTEX-13OVH-0011-R8b-SM-5MR35",0.41916006720227,0.122559464530441,0,0.110410943281253,0.347869524986036
"552","GTEX-13OVH-2926-SM-5IJFH",0.639183125430225,0.185147900051048,0,0.0132886691126876,0.162380305406039
"553","GTEX-13OVH-3026-SM-5MR4N",0.528801663090327,0.159719943385894,0,0.101074042364848,0.210404351158932
"554","GTEX-13OVJ-0011-R10b-SM-5L3HT",0.122077351779085,0.560710051047081,0,0.00391057896875006,0.313302018205085
"555","GTEX-13OVJ-0011-R11a-SM-5P9H8",0.427731970700911,0.223702130444077,0.0202772017551104,0.0698595714634884,0.258429125636413
"556","GTEX-13OVJ-0011-R1b-SM-5L3I6",0.0822281373066665,0.332599678419476,0.0148195442655437,0.146877587922077,0.423475052086237
"557","GTEX-13OVJ-0011-R2b-SM-5L3GP",0,0.403161565430841,0.00224711879948773,0.119333389520275,0.475257926249396
"558","GTEX-13OVJ-0011-R4b-SM-5P9H5",0,0.603717495355548,0,0.0696863919291943,0.326596112715258
"559","GTEX-13OVJ-0011-R5a-SM-5P9H7",0,0.498329844276358,0,0.0996370471004425,0.402033108623199
"560","GTEX-13OVJ-0011-R6b-SM-5L3GH",0.135744619512411,0.489901705300247,0,0.00564097795669656,0.368712697230645
"561","GTEX-13OVJ-0011-R7a-SM-5L3G1",0,0.363196336379049,0.00169641444184599,0.185378903499498,0.449728345679608
"562","GTEX-13OVJ-0011-R8b-SM-5L3FS",0.115885321325836,0.237894868101314,0,0.121680946356805,0.524538864216045
"563","GTEX-13OVJ-0011-R9b-SM-5L3GD",0.123441808667169,0.111550041734157,0,0.321059607396442,0.443948542202232
"564","GTEX-13OVJ-2726-SM-5IJG6",0.299868613612378,0.263397367590866,0.00251346125866845,0.0880260590830835,0.346194498455005
"565","GTEX-13OVJ-2826-SM-5L3GW",0.115236252450696,0.395671256041184,0,0.100976070991382,0.388116420516739
"566","GTEX-13OVL-0011-R10a-SM-5L3GS",0.559353018369064,0.185458191386743,0,0.0969565714771719,0.158232218767021
"567","GTEX-13OVL-0011-R11b-SM-5L3G7",0.801651312375101,0.0354315669391472,0.00418716474240402,0.0225142156870849,0.136215740256263
"568","GTEX-13OVL-0011-R1a-SM-5L3H5",0,0.0950054503846599,0,0.747876754106309,0.157117795509031
"569","GTEX-13OVL-0011-R3b-SM-5L3I8",0.446185005098143,0.277499641602203,0,0.0691499585646754,0.207165394734979
"570","GTEX-13OVL-0011-R4b-SM-5L3HV",0.0448924084396246,0.367790413090149,0,0.278894153130958,0.308423025339268
"571","GTEX-13OVL-0011-R5b-SM-5L3FU",0.279424240482012,0.35362640176665,0,0.120642510622673,0.246306847128665
"572","GTEX-13OVL-0011-R6a-SM-5L3G4",0.479974221609541,0.28078257150486,0,0.0410832059727463,0.198160000912853
"573","GTEX-13OVL-0011-R7a-SM-5P9GW",0,0.458519477105182,0,0.154266235513296,0.387214287381522
"574","GTEX-13OVL-0011-R8a-SM-5L3HH",0.385508931322714,0.16254773152213,0,0.227710161908366,0.22423317524679
"575","GTEX-13OVL-0011-R9a-SM-5P9GX",0,0,0,0.849391726367559,0.150608273632441
"576","GTEX-13OVL-3026-SM-5IJF1",0.529526184171726,0.171817180644291,0,0.114480456698796,0.184176178485187
"577","GTEX-13OW5-0011-R11b-SM-5L3GG",0.653283318552301,0.126816654684023,0.00711206184234476,0.0861180720346806,0.126669892886651
"578","GTEX-13OW5-0011-R1b-SM-5L3GE",0,0.102902302403905,0.00150818834404079,0.609963870581109,0.285625638670944
"579","GTEX-13OW5-0011-R3a-SM-5L3I5",0.533277131305133,0.0466857586287847,0.0205034817707229,0,0.39953362829536
"580","GTEX-13OW5-0011-R4b-SM-5L3HS",0.0878350533067342,0.562531531345066,0,0.0685422454185212,0.281091169929679
"581","GTEX-13OW5-0011-R5b-SM-5L3FR",0.146033081088915,0.471902816615206,0,0.098370815323235,0.283693286972643
"582","GTEX-13OW5-0011-R6b-SM-5O9BW",0.0857854577792182,0.490543176643854,0.0167179810548055,0.0136461486386728,0.39330723588345
"583","GTEX-13OW5-0011-R7a-SM-5O9C9",0.0199592455189181,0.443961782775538,0,0.114035124461687,0.422043847243856
"584","GTEX-13OW5-0011-R8a-SM-5L3GQ",0.238871266151861,0.109189635600041,0,0.108387246508042,0.543551851740056
"585","GTEX-13OW5-0011-R9b-SM-5O9CL",0,0.05547913447771,0.100494828435733,0.385238341564617,0.45878769552194
"586","GTEX-13OW5-3126-SM-5MR3Y",0.475241936915433,0.160743644567672,0,0.0675550937507766,0.296459324766119
"587","GTEX-13OW6-0011-R10a-SM-5L3HE",0.565716195867556,0.236684672022324,0,0,0.19759913211012
"588","GTEX-13OW6-0011-R11a-SM-5L3H2",0.71945463275564,0.0289728353897661,0.00119017497922223,0.0713092600350106,0.179073096840361
"589","GTEX-13OW6-0011-R1a-SM-5L3HQ",0.289858489318393,0.111742971325036,0,0.409462780536715,0.188935758819856
"590","GTEX-13OW6-0011-R2a-SM-5L3HG",0.205316647509957,0.119185236575982,0,0.395520952005683,0.279977163908378
"591","GTEX-13OW6-0011-R4a-SM-5O9DX",0.0881825720954728,0.224289377867839,0,0.341008149630767,0.346519900405921
"592","GTEX-13OW6-0011-R5a-SM-5O9BK",0.208510255875502,0.427805258564404,0,0.070709019217786,0.292975466342309
"593","GTEX-13OW6-0011-R6b-SM-5L3GR",0.43688160749565,0.321129457103257,0,0.0660647698212974,0.175924165579796
"594","GTEX-13OW6-0011-R7b-SM-5L3H4",0.150466188189652,0.321252943024626,0,0.268779537058297,0.259501331727425
"595","GTEX-13OW6-0011-R8a-SM-5L3GF",0.460324197937844,0.210967011853708,0,0.110552519640256,0.218156270568192
"596","GTEX-13OW6-2926-SM-5KM29",0.531382866412407,0.141809369538688,0,0.1598056736424,0.167002090406505
"597","GTEX-13OW6-3026-SM-5J2MI",0.497826544000948,0.222629668187123,0,0.0857041919016109,0.193839595910318
"598","GTEX-13OW7-0011-R10a-SM-5L3H3",0.721069597423979,0.0737441928074712,0,0,0.205186209768549
"599","GTEX-13OW7-0011-R11a-SM-5O9DY",0.804407095626265,0.0168368441840856,0.000284779033505322,0.0136673737875006,0.164803907368643
"600","GTEX-13OW7-0011-R1b-SM-5L3HF",0.273889824366269,0.106279285604002,0,0.350927023586058,0.268903866443671
"601","GTEX-13OW7-0011-R3a-SM-5O9DA",0.0651723427736399,0.704857229829324,0,0,0.229970427397036
"602","GTEX-13OW7-0011-R4b-SM-5O9CX",0.0192878320214934,0.519732202769465,0,0.177363268836407,0.283616696372634
"603","GTEX-13OW7-0011-R5b-SM-5O9DM",0.217748047310765,0.353969142985999,0,0.144531420521747,0.28375138918149
"604","GTEX-13OW7-0011-R8b-SM-5L3HR",0.570259843917296,0.146646356579848,0,0.0563489875408438,0.226744811962011
"605","GTEX-13OW7-2926-SM-5MR3Z",0.489395723477944,0.152041735917626,0,0.0993870526839205,0.259175487920509
"606","GTEX-13OW7-3026-SM-5L3GY",0.243255400351775,0.483536511441291,0,0.0453293520888451,0.227878736118089
"607","GTEX-13OW8-0011-R10a-SM-5L3H6",0.404468120995425,0.354472617950806,0,0.0106476126207167,0.230411648433052
"608","GTEX-13OW8-0011-R11a-SM-5L3GT",0.67351910158774,0.0663025084686698,0.000609377962644805,0.0315581846692527,0.228010827311693
"609","GTEX-13OW8-0011-R1a-SM-5L3HI",0,0.477504784664222,0,0.167314390129229,0.355180825206549
"610","GTEX-13OW8-0011-R2a-SM-5L3G2",0.0324637698212989,0.245983093375153,0,0.280400542685089,0.441152594118459
"611","GTEX-13OW8-0011-R3a-SM-5L3I4",0.331982713939138,0.422845189958434,0,0,0.245172096102429
"612","GTEX-13OW8-0011-R4a-SM-9WG6V",0.00686618899348536,0.527128142159942,0,0.197295897148158,0.268709771698415
"613","GTEX-13OW8-0011-R5b-SM-5L3FQ",0.185006506703591,0.361669428735233,0,0.1400178375436,0.313306227017576
"614","GTEX-13OW8-0011-R6b-SM-5L3I3",0.0812164421284748,0.589483350778715,0,0.044088874808318,0.285211332284492
"615","GTEX-13OW8-0011-R7a-SM-5L3FP",0,0.336769685577794,0,0.327910882196474,0.335319432225732
"616","GTEX-13OW8-0011-R8a-SM-5L3G5",0.128181156244623,0.254796995758823,0,0.128604865752715,0.488416982243839
"617","GTEX-13OW8-2826-SM-5L3GC",0.341950160119462,0.208326123288458,0,0.204331541904785,0.245392174687295
"618","GTEX-13OW8-2926-SM-5L3FV",0.575851520739985,0.123840500913451,0,0.0897653215183457,0.210542656828219
"619","GTEX-13PDP-0011-R1a-SM-5PNX5",0.1837339010551,0.200804881620689,0,0.210515036145081,0.40494618117913
"620","GTEX-13PDP-0011-R2b-SM-5O9DH",0,0.172811557154195,0,0.288900249484288,0.538288193361517
"621","GTEX-13PDP-0011-R6b-SM-5O9D5",0,0.246767074023888,0,0.18123822332341,0.571994702652702
"622","GTEX-13PDP-0011-R8b-SM-5O9CS",0.254907513196276,0.204517423617181,0,0.0975667087024975,0.443008354484046
"623","GTEX-13PL6-0011-R5b-SM-5O9BI",0,0.147201776147828,0,0.458211526667655,0.394586697184517
"624","GTEX-13PL6-0011-R6a-SM-5O9C5",0,0.537082319513506,0,0.0839334358844915,0.378984244602003
"625","GTEX-13PL6-0011-R9b-SM-5O9CH",0,0.0178733390886097,0.0302881698932581,0.671040305427544,0.280798185590588
"626","GTEX-13PL6-3126-SM-5LUAR",0.508736747139493,0.28426016499419,0,0,0.207003087866317
"627","GTEX-13PLJ-0011-R11b-SM-5O9BS",0.564154036473612,0.192302366762407,0,0.055728490971644,0.187815105792337
"628","GTEX-13PLJ-0011-R3a-SM-5O9DT",0.0271718062901549,0.587475490841817,0,0.0673608709212553,0.317991831946773
"629","GTEX-13PLJ-0011-R5a-SM-5O9BG",0,0.483337076378839,0.0163691963049875,0.109140430799703,0.39115329651647
"630","GTEX-13PLJ-0011-R9b-SM-5O9DV",0,0.00966667480868838,0.00043531925752447,0.870852489797636,0.119045516136151
"631","GTEX-13PVQ-0011-R11a-SM-5O9DU",0.511792014536466,0.065824251365858,0,0.0805883325549762,0.341795401542699
"632","GTEX-13PVQ-0011-R3b-SM-5O9D6",0.0935665580475241,0.524607192796388,0,0.0458541907730546,0.335972058383033
"633","GTEX-13PVQ-0011-R4a-SM-5O9CT",0.0977916765087407,0.197604096777529,0,0.33981282916435,0.36479139754938
"634","GTEX-13PVQ-0011-R5b-SM-5O9DI",0.0102293457227288,0.402318966654022,0,0.162039768310965,0.425411919312284
"635","GTEX-13PVQ-0011-R7a-SM-5L3G3",0.0467639433789718,0.289745148070967,0,0.20883240327311,0.454658505276951
"636","GTEX-13PVQ-0011-R9b-SM-5LU3B",0,0.0238489729262992,0.0209030013446915,0.763429334994357,0.191818690734652
"637","GTEX-13PVQ-2926-SM-5L3HJ",0.468071715599614,0.083976073004477,0,0.123320333794065,0.324631877601843
"638","GTEX-13PVQ-3026-SM-5SI93",0.198035284836926,0.245697391435553,0,0.223861764577119,0.332405559150402
"639","GTEX-13QIC-0011-R10a-SM-5O9C7",0.707057114731857,0.0894778665421632,0,0.0175728659532071,0.185892152772773
"640","GTEX-13QIC-0011-R11b-SM-5O9BU",0.685568098334006,0,0,0.109793666162322,0.204638235503672
"641","GTEX-13QIC-0011-R1a-SM-5O9CJ",0,0.0511485231732786,0,0.821690576328644,0.127160900498078
"642","GTEX-13QIC-0011-R3a-SM-5P9HT",0.421690262640351,0.319179545499662,0,0,0.259130191859987
"643","GTEX-13QIC-0011-R4a-SM-5PNX8",0.112809529820097,0.386915810668132,0,0.136650149205498,0.363624510306273
"644","GTEX-13QIC-0011-R8b-SM-5O9CV",0.56922307488552,0.0259961625116108,0.010013599371149,0.107001035644034,0.287766127587686
"645","GTEX-13QIC-2926-SM-5J2NF",0.41234853098828,0.281898624725808,0,0.0240474173416162,0.281705426944296
"646","GTEX-13QIC-3026-SM-5LU58",0.70101890379268,0.107585062709656,0,0.0219601399570251,0.169435893540639
"647","GTEX-13QJC-0011-R10a-SM-5SI63",0.430175664026075,0.199823507302193,0.00828954879910132,0.0422667930899359,0.319444486782694
"648","GTEX-13QJC-0011-R1b-SM-5S2UU",0,0.102582558552184,0,0.697219294383495,0.20019814706432
"649","GTEX-13QJC-0011-R2b-SM-5PNUN",0,0.321870041825026,0,0.318743822457864,0.359386135717109
"650","GTEX-13QJC-0011-R6a-SM-5S2VI",0.256586237394441,0.385459618271837,0,0.0414017775179363,0.316552366815786
"651","GTEX-13QJC-0011-R7b-SM-5PNUM",0,0.368366195338106,0,0.302478099940849,0.329155704721045
"652","GTEX-13QJC-0011-R8b-SM-5S2U6",0.0584949733401665,0.309412847218398,0.00456303915557428,0.300080167285473,0.327448973000387
"653","GTEX-13QJC-0011-R9b-SM-5PNX3",0,0.0371959423771503,0.0143968783823413,0.657283226818114,0.291123952422395
"654","GTEX-13RTJ-0011-R10b-SM-5O9CW",0.730627087426241,0.0455552536431709,0,0.051106633792462,0.172711025138126
"655","GTEX-13RTJ-0011-R11a-SM-5O9CK",0.727572145020648,0.0490385781107428,0.00252031760847999,0.0595278629943849,0.161341096265744
"656","GTEX-13RTJ-0011-R1a-SM-5O9D9",0,0.141418403603024,0,0.726603470629228,0.131978125767748
"657","GTEX-13RTJ-0011-R2a-SM-5PNW9",0.0712488724463391,0.278280838053106,0.00913589418419761,0.334140548755961,0.307193846560397
"658","GTEX-13RTJ-0011-R3a-SM-5PNX7",0.435572115991088,0.310424413940037,0,0,0.254003470068875
"659","GTEX-13RTJ-0011-R4b-SM-5PNX1",0.138797283033413,0.432265673720396,0,0.172320747815035,0.256616295431157
"660","GTEX-13RTJ-0011-R5a-SM-5P9HR",0.293040971978239,0.301002188361185,0,0.117336837643762,0.288620002016814
"661","GTEX-13RTJ-0011-R6a-SM-5SI74",0.529367668643959,0.26929970111442,0,0.0221918318999698,0.179140798341651
"662","GTEX-13RTJ-0011-R7b-SM-5P9JS",0.28667536481953,0.225501298693299,0,0.228327494589414,0.259495841897757
"663","GTEX-13RTJ-0011-R8b-SM-5O9DL",0.494426804090063,0.0975292693870745,0.0250286019442489,0.0896711016334913,0.293344222945122
"664","GTEX-13RTJ-0011-R9a-SM-5Q5AY",0,0.0171490786039114,0.0284890059611458,0.816984653195656,0.137377262239287
"665","GTEX-13RTJ-3126-SM-5S2Q4",0.507587826806496,0.143116106687005,0,0.119430139668129,0.22986592683837
"666","GTEX-13RTL-0011-R1a-SM-5PNZ8",0,0.0800629549670196,0,0.554654170210391,0.36528287482259
"667","GTEX-13RTL-0011-R3a-SM-5P9JP",0.0180725770761386,0.450731892666604,0,0.0803469882420305,0.450848542015227
"668","GTEX-13S7M-0011-R10b-SM-5PNZB",0.634137415335725,0.129134858896254,0,0.0768987597421245,0.159828966025897
"669","GTEX-13S7M-0011-R11b-SM-5P9HU",0.776093531245914,0.0474707353378579,0,0.0375784637161902,0.138857269700037
"670","GTEX-13S7M-0011-R1b-SM-5PNZE",0,0.0835317148572462,0,0.66996353796361,0.246504747179144
"671","GTEX-13S7M-0011-R3a-SM-5PNX2",0.418554256177635,0.366596332906995,0,0,0.21484941091537
"672","GTEX-13S7M-0011-R5b-SM-5P9HS",0.307905470379878,0.294688697002107,0,0.140841808957544,0.256564023660472
"673","GTEX-13S7M-0011-R6b-SM-5O9D8",0.4289104820375,0.16184174571418,0,0.134972298571596,0.274275473676723
"674","GTEX-13S7M-0011-R7a-SM-5O9DK",0.188439250890859,0.263480334285429,0,0.24309474572172,0.304985669101993
"675","GTEX-13S7M-0011-R9a-SM-5O9DW",0,0.0107969594778742,0,0.737073759835624,0.252129280686502
"676","GTEX-13S7M-3026-SM-5S2QQ",0.743599260744236,0.0625723925358709,0,0.0397178445582093,0.154110502161684
"677","GTEX-13S7M-3126-SM-5RQJQ",0.314678750720217,0.368646546943941,0,0.0175531835401301,0.299121518795712
"678","GTEX-13SLW-0011-R10a-SM-5S2UI",0.250858242731925,0.486233754619195,0,0.00702620458232439,0.255881798066556
"679","GTEX-13SLW-0011-R11a-SM-5SI8Q",0.700753837404439,0.129796578840975,0.00242920704745712,0.00781619376733737,0.159204182939792
"680","GTEX-13SLW-0011-R1a-SM-5S2W7",0.0571053485935778,0.381032421099877,0,0.207678807558355,0.354183422748191
"681","GTEX-13SLW-0011-R2b-SM-5O9C6",0,0.528820293380901,0,0.0783346112836432,0.392845095335456
"682","GTEX-13SLW-0011-R3b-SM-5SI6Y",0.337153260358175,0.341851843029612,0,0,0.320994896612213
"683","GTEX-13SLW-0011-R4b-SM-5S2W2",0,0.36489518542249,0.0405559372901704,0.233301012886633,0.361247864400707
"684","GTEX-13SLW-0011-R5b-SM-5SI6Z",0.00984826391265351,0.442383703817766,0,0.150595803378058,0.397172228891522
"685","GTEX-13SLW-0011-R6a-SM-5O9BH",0.183027952355472,0.450592733488425,0,0.00342034181880011,0.362958972337302
"686","GTEX-13SLW-0011-R8b-SM-5SI64",0.380698598187888,0.32276252719518,0.00668101446849063,0.021443363577757,0.268414496570685
"687","GTEX-13SLW-0011-R9a-SM-5O9BT",0,0.101535444096653,0,0.630058117876,0.268406438027347
"688","GTEX-13SLX-0011-R10a-SM-5P9HV",0.775057950151454,0.0131808915694135,0,0,0.211761158279132
"689","GTEX-13SLX-0011-R11b-SM-5O9C8",0.666449908002117,0.0333546045085107,0.0126812610145071,0.0638108994783221,0.223703326996543
"690","GTEX-13SLX-0011-R2b-SM-5S2VP",0.185074182164073,0.149331388709664,0.00546342669651801,0.330432426615901,0.329698575813844
"691","GTEX-13SLX-0011-R4a-SM-5O9BJ",0.175640857750556,0.363035039383902,0,0.152524653605503,0.308799449260039
"692","GTEX-13SLX-0011-R5a-SM-5O9BV",0.383015392895296,0.257814771553226,0,0.0940446625620745,0.265125172989403
"693","GTEX-13SLX-0011-R6a-SM-5PNX4",0.324923522559581,0.272828121080814,0,0.132583160588546,0.26966519577106
"694","GTEX-13SLX-0011-R8b-SM-5PNWZ",0.169700473299512,0.159129281606444,0,0.328991966132292,0.342178278961752
"695","GTEX-13SLX-0011-R9b-SM-5SI6X",0,0.0400767375159414,0,0.730973270787862,0.228949991696196
"696","GTEX-13SLX-3126-SM-5S2Q5",0.622032190830888,0.0635869752250493,0,0.0486513762074544,0.265729457736608
"697","GTEX-13SLX-3226-SM-5YYA6",0.641289506948099,0.0623915571248015,0.00908767179478827,0.0334143483138763,0.253816915818435
"698","GTEX-13VXU-0011-R11b-SM-5O9DJ",0.79404315730675,0,0,0.0496858137423653,0.156271028950885
"699","GTEX-13VXU-0011-R3b-SM-5O9CU",0.793380873195324,0.0289822015502353,0,0.00183466215174076,0.1758022631027
"700","GTEX-13VXU-0011-R4b-SM-5O9CI",0.372719017714883,0.316414567953629,0,0.0815338194205101,0.229332594910977
"701","GTEX-13VXU-0011-R5a-SM-5O9D7",0.418608595051257,0.239277938705144,0,0.0950535222172301,0.247059944026369
"702","GTEX-13VXU-0011-R6a-SM-5SI71",0.558809913191452,0.2185402014855,0,0.0211210306989335,0.201528854624114
"703","GTEX-13VXU-0011-R7b-SM-5SI72",0.157352503557658,0.260347568116755,0,0.320545921453729,0.261754006871859
"704","GTEX-13VXU-0011-R9b-SM-5SI73",0,0.0196944961561757,0.0207140337885795,0.724579872507406,0.235011597547838
"705","GTEX-13VXU-2926-SM-5LU5C",0.656728185976541,0.07827816899974,0,0.0339322585368026,0.231061386486916
"706","GTEX-13VXU-3026-SM-5LU3K",0.706255567704996,0.0643392910939548,0.000865385808027805,0.0412171845351438,0.187322570857878
"707","GTEX-13X6I-0011-R10a-SM-5PNWI",0.524042891933318,0.172136642875416,0,0.0574762833585794,0.246344181832687
"708","GTEX-13X6I-0011-R11a-SM-5P9HN",0.639558997449524,0.0730883122397687,0.00762247181814126,0.0288387191854627,0.250891499307103
"709","GTEX-13X6I-0011-R1b-SM-5PNZC",0.334042001560186,0.0627098068194195,9.35877153177724e-05,0.348854411971084,0.254300191933993
"710","GTEX-13X6I-0011-R2b-SM-5PNWQ",0,0.133185682145566,0.0325282619768055,0.498076766781719,0.336209289095909
"711","GTEX-13X6I-0011-R3b-SM-5P9HM",0.335755642703775,0.365088211551734,0,0,0.29915614574449
"712","GTEX-13X6I-0011-R4b-SM-5PNU9",0.205012646545875,0.0900210890797266,0.00361878996783016,0.397786547144861,0.303560927261707
"713","GTEX-13X6I-0011-R5a-SM-5PNWW",0.11174529950173,0.36734162242196,0,0.226103995851759,0.294809082224552
"714","GTEX-13X6I-0011-R7b-SM-5PNWP",0.140723139941018,0.376253571004702,0,0.188061848295455,0.294961440758824
"715","GTEX-13X6I-0011-R8a-SM-5PNZF",0.159292833466853,0.122163672508975,0.0115222766201159,0.221815998949748,0.485205218454308
"716","GTEX-13X6I-0011-R9b-SM-5PNZJ",0,0.0554511753949322,0.0300041030606987,0.479079698857285,0.435465022687084
"717","GTEX-13X6I-2926-SM-5Q5C3",0.54432248435144,0.199735335040233,0,0.0206812896342454,0.235260890974081
"718","GTEX-13X6J-0011-R10b-SM-5PNWA",0.784043039104198,0.0592037044921524,0,0,0.156753256403649
"719","GTEX-13X6J-0011-R11a-SM-5P9HE",0.775640051177606,0,0.00196321934892388,0.0524709752363176,0.169925754237152
"720","GTEX-13X6J-0011-R3b-SM-5P9K5",0.607336181795889,0.221358785450864,0,0,0.171305032753247
"721","GTEX-13X6J-0011-R4b-SM-5P9K4",0.279683308000232,0.296024462267194,0,0.188475695602818,0.235816534129757
"722","GTEX-13X6J-0011-R5b-SM-5PNWT",0.491938352678301,0.226509336825803,0,0.0645081139940177,0.217044196501878
"723","GTEX-13X6J-0011-R6a-SM-5PNUB",0.536437629617444,0.253501042793551,0,0.0247795568141863,0.185281770774819
"724","GTEX-13X6J-0011-R7b-SM-5PNUC",0.270004296477706,0.142571258430846,0,0.36082300453144,0.226601440560009
"725","GTEX-13X6J-0011-R8b-SM-5PNUA",0.286288582718327,0.143523037802587,0,0.334262149094427,0.235926230384659
"726","GTEX-13X6J-2926-SM-7EPGP",0.718304974814663,0.0450194582466825,0.00049454871770111,0.127360084869785,0.108820933351168
"727","GTEX-13X6J-3026-SM-5Q5CU",0.487990967583047,0.298423252642726,0,0.0199345502585258,0.193651229515701
"728","GTEX-13X6K-0011-R10a-SM-5P9JR",0.580747085957977,0.138202859719496,0,0.0956091217749375,0.185440932547589
"729","GTEX-13X6K-0011-R11a-SM-5P9F5",0.670351856291444,0.191481948898782,0,0.0236496559360653,0.114516538873709
"730","GTEX-13X6K-0011-R2b-SM-5P9K3",0,0.404393319704882,0.0128889224315723,0.18106468670764,0.401653071155906
"731","GTEX-13X6K-0011-R3b-SM-5PNUD",0.440300040289755,0.153776392041668,0,0.225965700006724,0.179957867661853
"732","GTEX-13X6K-0011-R4b-SM-5P9HO",0.252259375202064,0.322007078927826,0,0.148534185991861,0.27719935987825
"733","GTEX-13X6K-0011-R5b-SM-5PNUE",0.25361222517335,0.264535798364734,0,0.159871298469096,0.321980677992821
"734","GTEX-13X6K-0011-R6a-SM-5P9K6",0.394603996994863,0.30836778408758,0.00159263018881226,0.0804735509131125,0.214962037815632
"735","GTEX-13X6K-0011-R7b-SM-5P9K7",0.155818946015579,0.315920617411925,0,0.200844869943623,0.327415566628873
"736","GTEX-13X6K-0011-R8b-SM-5PNZ4",0.461385749937357,0.130583689957939,0.0229629358416017,0.0703713182978786,0.314696305965225
"737","GTEX-13X6K-2826-SM-5O9DS",0.524006329885654,0.227396949067235,0,0.0844702945422843,0.164126426504826
"738","GTEX-13X6K-2926-SM-5Q5D5",0.318133926133305,0.368356111579247,0,0.0242630139231602,0.289246948364287
"739","GTEX-1445S-0011-R10a-SM-5PNWB",0,0.644519214567505,0,0.0594688659896405,0.296011919442855
"740","GTEX-1445S-0011-R2b-SM-5PNUH",0.0696719348428969,0.134664717353421,0,0.433903917464581,0.361759430339101
"741","GTEX-1445S-0011-R3a-SM-5P9HY",0,0.655787177800259,0,0.032590028976875,0.311622793222866
"742","GTEX-1445S-0011-R4a-SM-5PNWN",0,0.26657864052976,0.0147964849949025,0.339871963639143,0.378752910836194
"743","GTEX-1445S-0011-R5a-SM-5PNUS",0,0.613391351497829,0,0.11383677457114,0.272771873931031
"744","GTEX-1445S-0011-R6b-SM-5PNUF",0.0424013581003996,0.529068518282376,0,0.047902554504266,0.380627569112959
"745","GTEX-1445S-0011-R7b-SM-5PNUG",0,0.399002255622611,0,0.245745953395865,0.355251790981523
"746","GTEX-1445S-0011-R8a-SM-5PNWX",0,0.415413564374885,0.026307639205839,0.0874908064090106,0.470787990010265
"747","GTEX-1445S-3026-SM-5O9BR",0,0.5059176085223,0,0.159968996563656,0.334113394914044
"748","GTEX-144FL-3026-SM-5O99C",0.108887052864675,0.370164014362647,0,0.0668204063724703,0.454128526400208
"749","GTEX-144GL-0011-R11b-SM-5P9F6",0.745061167715581,0.0759289340235651,0,0.0234934248129414,0.155516473447913
"750","GTEX-144GL-0011-R1a-SM-5PNZ5",0.491183045893099,0.130683960378558,0,0.182042020699404,0.196090973028939
"751","GTEX-144GL-0011-R3a-SM-5P9HP",0.350241682079708,0.432346632260072,0,0.0217418211808789,0.195669864479341
"752","GTEX-144GL-0011-R4a-SM-5PNUI",0.0715572658243943,0.137948083504886,0,0.455352358005111,0.335142292665608
"753","GTEX-144GL-0011-R5b-SM-5PNUJ",0,0.408248194261427,0,0.288480616420214,0.303271189318359
"754","GTEX-144GL-0011-R6a-SM-5P9HW",0.430972977616018,0.366141873394701,0,0.0097141597360945,0.193170989253187
"755","GTEX-144GL-0011-R7b-SM-5P9HX",0.0015749531801176,0.436542661585435,0,0.247136193162375,0.314746192072072
"756","GTEX-144GL-0011-R8a-SM-5Q5B1",0.250527260344649,0.228975866412862,0,0.31873898054038,0.20175789270211
"757","GTEX-144GL-2926-SM-5O99F",0.562918989520337,0.23219203265509,0,0.0694079224817531,0.13548105534282
"758","GTEX-144GL-3026-SM-5Q5CW",0.535983698294038,0.28163859383239,0,0,0.182377707873572
"759","GTEX-144GO-0011-R1a-SM-5PNWO",0,0.0778556391866944,0.00838119783816841,0.477627990193185,0.436135172781953
"760","GTEX-144GO-0011-R5a-SM-5PNUR",0,0.504046115618086,0.0214773646425859,0.12931531899141,0.345161200747918
"761","GTEX-144GO-0011-R6b-SM-5S2V7",0.214886620527085,0.425827433929637,0,0.0943403106286268,0.26494563491465
"762","GTEX-144GO-0011-R7b-SM-5S2TT",0,0.268504841103868,0,0.373742904178497,0.357752254717635
"763","GTEX-145LS-0011-R10a-SM-5PNUQ",0.69216773292118,0.0831127241784533,0,0.0224211088247671,0.2022984340756
"764","GTEX-145LS-0011-R1b-SM-5PNUP",0.0734710081879214,0.117799049392315,0,0.4862035719243,0.322526370495464
"765","GTEX-145LS-0011-R2a-SM-5PNZI",0.107352780602932,0.155143477397607,0,0.342029505944804,0.395474236054658
"766","GTEX-145LS-0011-R3a-SM-5S2VJ",0.512500175304429,0.247643549026813,0,0,0.239856275668758
"767","GTEX-145LS-0011-R4b-SM-5S2UT",0.342975683700474,0.207031315977336,0,0.131892295349363,0.318100704972827
"768","GTEX-145LS-0011-R5a-SM-5SI65",0.353471289718351,0.179889214740631,0,0.181621396044241,0.285018099496777
"769","GTEX-145LS-0011-R6b-SM-5PNWL",0.487789598469512,0.220854040017107,0.000596365307932217,0.0578514408742887,0.232908555331161
"770","GTEX-145LS-0011-R7a-SM-5PNWM",0.304738019372961,0.150241176315678,0,0.233483875518783,0.311536928792578
"771","GTEX-145LS-0011-R8b-SM-5PNXA",0.202557350293641,0.0732495433482655,0,0.454344004170077,0.269849102188017
"772","GTEX-145LS-3026-SM-5O99S",0.709929531142579,0.103278404243168,0,0.0394632009017916,0.147328863712462
"773","GTEX-145LS-3126-SM-5Q5BY",0.529584799245158,0.166519729957935,0,0.0225927972011019,0.281302673595805
"774","GTEX-145LU-0011-R10a-SM-5PNWJ",0.410266140800255,0.317097950776157,0,0.074631888053166,0.198004020370422
"775","GTEX-145LU-0011-R11b-SM-5P9JX",0.801794197006611,0.0660824310335423,0,0.0173837321583743,0.114739639801472
"776","GTEX-145LU-0011-R1a-SM-5Q5CE",0.107555395983399,0.0956122791921093,0,0.610987872602053,0.185844452222439
"777","GTEX-145LU-0011-R3a-SM-5P9K2",0.272816330528937,0.48140187269127,0,0,0.245781796779793
"778","GTEX-145LU-0011-R6a-SM-5S2V6",0.187278295013454,0.354849457936979,0,0.153484964004723,0.304387283044844
"779","GTEX-145LU-0011-R8b-SM-5PNZG",0.313970969592563,0.0378109801208694,0,0.373187583173812,0.275030467112756
"780","GTEX-145LU-0011-R9b-SM-5SI66",0,0.0160456904879885,0,0.837918649043787,0.146035660468224
"781","GTEX-145LU-2626-SM-5LU9Z",0.711650329326421,0.111498114873227,0,0.0147793659339942,0.162072189866357
"782","GTEX-145MF-2726-SM-5O995",0.50817234703257,0.218599740824683,0,0.0765845576244907,0.196643354518256
"783","GTEX-145MF-2826-SM-7EPGU",0.663696469628296,0.125098553624248,0,0.0434378089371616,0.167767167810294
"784","GTEX-145MG-0011-R10a-SM-5PNWG",0.730673114131651,0.114189391386684,0,0.0113520638864876,0.143785430595177
"785","GTEX-145MG-0011-R3b-SM-5SI67",0.315531176129293,0.462818113814011,0,0.00541585444490367,0.216234855611792
"786","GTEX-145MG-0011-R5b-SM-5S2VU",0,0.605221583773499,0,0.106611914645105,0.288166501581397
"787","GTEX-145MG-0011-R7b-SM-5P9JY",0.157877154433456,0.36670078973471,0,0.171239192790568,0.304182863041266
"788","GTEX-145MG-3026-SM-5RQJA",0.525784399943708,0.239565423193544,0,0.0297075765067766,0.204942600355971
"789","GTEX-145MG-3126-SM-5Q5D3",0.540971604512424,0.125915676260144,0,0.140301077027795,0.192811642199636
"790","GTEX-145MH-0011-R10b-SM-5PNUK",0.842448269704469,0.000332045118845457,0,0.0361408286800017,0.121078856496684
"791","GTEX-145MH-0011-R11a-SM-5P9HQ",0.803384411848629,0,0.000670512916414254,0.0691506351497013,0.126794440085256
"792","GTEX-145MH-0011-R1b-SM-5PNWY",0.639168481611589,0.133507298275126,0,0.040201333563322,0.187122886549962
"793","GTEX-145MH-0011-R3b-SM-5P9JQ",0.820643887837989,0,0,0.0178504016086383,0.161505710553373
"794","GTEX-145MH-0011-R5a-SM-5P9JT",0.494665914692872,0.157080672276178,0,0.10210689622405,0.246146516806901
"795","GTEX-145MH-0011-R6a-SM-5PNZ7",0.39340251278691,0.374643959527678,0,0.0332523204881456,0.198701207197266
"796","GTEX-145MH-0011-R7a-SM-5PNWH",0.352727746423368,0.112390290183955,0,0.300071401544839,0.234810561847837
"797","GTEX-145MH-0011-R8a-SM-5PNUL",0.557406682554847,0.0433317486310675,0,0.105369964109195,0.293891604704891
"798","GTEX-145MH-2926-SM-5Q5D2",0.79233264941257,0.0129046683601516,0,0.0684167095446149,0.126345972682664
"799","GTEX-145MH-3026-SM-5Q5DZ",0.70285373110475,0.120545382695646,0,0.00132473139468962,0.175276154804914
"800","GTEX-145MI-0011-R10a-SM-5PNZD",0,0.386923848507232,0,0.107467318720828,0.50560883277194
"801","GTEX-145MI-0011-R11a-SM-5P9JZ",0.559237340083651,0.0745350570956782,0,0.0686489593469704,0.2975786434737
"802","GTEX-145MI-0011-R4b-SM-5PNZH",0,0.121926355606461,0,0.388733535915934,0.489340108477605
"803","GTEX-145MI-0011-R6a-SM-5PNZA",0,0.475327039678674,0,0.077680783173244,0.446992177148082
"804","GTEX-145MI-0011-R8b-SM-5PNZ9",0,0.0715234272212968,0,0.425210444180261,0.503266128598442
"805","GTEX-14753-0011-R10b-SM-5S2WE",0.125098978372496,0.617157996711655,0,0.0550480607066347,0.202694964209215
"806","GTEX-14753-0011-R5a-SM-5S2VW",0,0.592452524577894,0,0.0892630063811171,0.318284469040989
"807","GTEX-14753-0011-R6b-SM-5S2UD",0,0.62514740509902,0,0.0403798892663746,0.334472705634605
"808","GTEX-14753-0011-R8b-SM-5S2U1",0.104449580463989,0.287791388123407,0,0.169371664044256,0.438387367368348
"809","GTEX-1477Z-0011-R10b-SM-5S2RF",0.0994585381564077,0.586593039175581,0,0.0295713918388536,0.284377030829158
"810","GTEX-1477Z-0011-R3b-SM-5PNX9",0,0.666361296375416,0,0.0529836201533353,0.280655083471249
"811","GTEX-1477Z-0011-R5b-SM-5PNUO",0,0.402797553028221,0.0134658075933401,0.147257686230032,0.436478953148408
"812","GTEX-1477Z-0011-R8b-SM-5S2RG",0.18431392009413,0.196978206213524,0.032662406020179,0.138842545968006,0.447202921704161
"813","GTEX-147F4-0011-R10b-SM-5S2WC",0.423929784931766,0.357297803873848,0,0.0223510579241751,0.196421353270211
"814","GTEX-147F4-0011-R6b-SM-5S2UP",0.194561035396041,0.404987196891923,0,0.0850325336754776,0.315419234036558
"815","GTEX-147F4-0011-R8b-SM-5S2UN",0.146153428673458,0.384491748723324,0,0.0935633171750786,0.37579150542814
"816","GTEX-147F4-3026-SM-5Q5BJ",0.60220439835381,0.111037628578914,0,0.0462815277637104,0.240476445303565
"817","GTEX-147GR-0011-R10b-SM-5S2UM",0.663073734830122,0.140823937601125,0,0.0287881276833259,0.167314199885427
"818","GTEX-147GR-0011-R2b-SM-5S2RQ",0.139642558015275,0.113804187373887,0,0.475756476079014,0.270796778531824
"819","GTEX-147GR-0011-R4a-SM-5S2V2",0.124054850589674,0.179195899256835,0.0240097042553156,0.447661427666035,0.22507811823214
"820","GTEX-147GR-0011-R6b-SM-5S2RO",0.325516862801948,0.25718410427419,0,0.166144610790977,0.251154422132885
"821","GTEX-147GR-0011-R7a-SM-5S2RP",0.0546989417894499,0.448408420596525,0,0.208317579223076,0.28857505839095
"822","GTEX-147GR-0011-R9a-SM-5S2UY",0,0.065217749495032,0.0077713130817516,0.768318931775808,0.158692005647409
"823","GTEX-147GR-3026-SM-5S2ML",0.314870255239709,0.366910159412649,0,0.110738711728565,0.207480873619077
"824","GTEX-147GR-3126-SM-5S2PM",0.645782781436243,0.16615468040607,0,0.0208810451305459,0.167181493027141
"825","GTEX-148VJ-0011-R3b-SM-69LQJ",0.0364708065521661,0.456759909436489,0,0.151790050578441,0.354979233432903
"826","GTEX-148VJ-0011-R9b-SM-5SI77",0,0.0137514982047522,0,0.860226743871877,0.126021757923371
"827","GTEX-14A5I-2826-SM-5SIBF",0.391491685063713,0.332614347826633,0,0.0579998567278906,0.217894110381764
"828","GTEX-14A5I-2926-SM-5Q5CQ",0.439947970607727,0.346926962860056,0,0.0310183684790248,0.182106698053192
"829","GTEX-14ABY-0011-R11a-SM-5SI7C",0.773723229100811,0.0626483627307634,0,0.0296894844783635,0.133938923690062
"830","GTEX-14ABY-0011-R1a-SM-6EU2W",0.443278410187544,0.155304285136038,0,0.204349780049819,0.197067524626599
"831","GTEX-14ABY-0011-R4b-SM-5S2VN",0.225363763537005,0.429987913731344,0,0.162305391864731,0.18234293086692
"832","GTEX-14ABY-0011-R5b-SM-5SI7B",0.4225778912345,0.241329552071691,0,0.0952689042677825,0.240823652426026
"833","GTEX-14ABY-0011-R6a-SM-5PNWR",0.409338431300269,0.296300991567266,0,0.157158433347258,0.137202143785207
"834","GTEX-14ABY-0011-R7b-SM-5PNWS",0.201655323468549,0.227932777863975,0,0.374908393737839,0.195503504929638
"835","GTEX-14ABY-0011-R9a-SM-5PNZK",0,0.0400905783083559,0.0117846979922932,0.795598842570646,0.152525881128705
"836","GTEX-14ABY-3026-SM-664NE",0.722579096900776,0.0810424744176819,0,0.0245557160433903,0.171822712638151
"837","GTEX-14ASI-0011-R10b-SM-5S2VZ",0.728458145760299,0.124740513398717,0,0,0.146801340840984
"838","GTEX-14ASI-0011-R11b-SM-6AJBJ",0.745402072287882,0.0733771938819721,0,0.00599456627055759,0.175226167559589
"839","GTEX-14ASI-0011-R1b-SM-5S2TY",0.279059652498806,0.184714068079925,0,0.332295729996662,0.203930549424606
"840","GTEX-14ASI-0011-R2b-SM-5YY9H",0,0.186691424222404,0,0.397399375166275,0.415909200611321
"841","GTEX-14ASI-0011-R4a-SM-69LQ4",0.421876606407442,0.0957837183727369,0,0.189216731694733,0.293122943525089
"842","GTEX-14ASI-0011-R5b-SM-6EU2M",0.215448614978301,0.336076554913817,0,0.115043503540796,0.333431326567086
"843","GTEX-14ASI-0011-R6a-SM-5S2UZ",0.439741837074615,0.245081605806159,0,0.0905919531583871,0.224584603960839
"844","GTEX-14ASI-0011-R7b-SM-5YY9G",0.218972379469352,0.299213722436083,0,0.193648504371765,0.2881653937228
"845","GTEX-14ASI-0011-R8b-SM-5S2UB",0.549044235257261,0.0655772153352306,0,0.140395952386196,0.244982597021312
"846","GTEX-14ASI-2926-SM-5Q5DG",0.729239211200736,0.131513054655355,0,0,0.139247734143909
"847","GTEX-14ASI-3026-SM-5S2PN",0.591345619286242,0.208149509428863,0,0.0219033416615349,0.178601529623361
"848","GTEX-14BIL-0011-R10a-SM-5SI75",0.555036773496043,0.215300945199105,0,0.0399082212074351,0.189754060097417
"849","GTEX-14BIL-0011-R8b-SM-69LQK",0.351232569932641,0.105888435583868,0,0.0504128643771142,0.492466130106377
"850","GTEX-14BIL-0011-R9a-SM-5SI7A",0,0.101385142341352,0,0.694354125181988,0.20426073247666
"851","GTEX-14BIL-3026-SM-7EWD4",0.38925130185498,0.358754129784383,0,0.0127041745715902,0.239290393789046
"852","GTEX-14BIM-0011-R11b-SM-5S2RN",0.773864338227518,0.0826144860619971,0,0.0255620162034538,0.117959159507032
"853","GTEX-14BIM-0011-R1a-SM-69LQI",0.390713646754464,0.147597141236041,0,0.140473430274507,0.321215781734987
"854","GTEX-14BIM-0011-R2b-SM-69LQ6",0.14412662423248,0.211092677838545,0,0.174629333659783,0.470151364269192
"855","GTEX-14BIM-0011-R3b-SM-5S2RL",0.746677097667934,0.0843936146436551,0,0,0.168929287688411
"856","GTEX-14BIM-0011-R4b-SM-5S2RK",0.30038763034264,0.321432029250034,0.00748179533553739,0.0758621733373218,0.294836371734467
"857","GTEX-14BIM-0011-R5b-SM-5S2RM",0.375672446534889,0.311246211801281,0,0.0859813644342381,0.227099977229592
"858","GTEX-14BIM-0011-R6b-SM-5S2VB",0.448110258787808,0.322793001866126,0.0173465817269459,0.0135279836294405,0.198222173989679
"859","GTEX-14BIM-0011-R9a-SM-6LLJL",0,0.0335262290023294,0,0.763388554215289,0.203085216782381
"860","GTEX-14BIM-3026-SM-7EWCY",0.529463697063579,0.203851169573053,0,0.00720959592414477,0.259475537439224
"861","GTEX-14BIM-3126-SM-5Q5C7",0.693642849189592,0.08325270865644,0,0.0193546291920039,0.203749812961964
"862","GTEX-14BIN-0011-R10a-SM-5S2UA",0.785219990591253,0.0505577847956944,0,0.000939674390952943,0.163282550222099
"863","GTEX-14BIN-0011-R11a-SM-5SI79",0.635999944000509,0.152667179607134,0,0.0969556118805131,0.114377264511845
"864","GTEX-14BIN-0011-R2a-SM-5S2RJ",0.0818454047545017,0.213769891986234,0,0.352676969983126,0.351707733276138
"865","GTEX-14BIN-0011-R3b-SM-6AJBL",0.667660631934746,0.132707682461722,0,0.00611986769675453,0.193511817906777
"866","GTEX-14BIN-0011-R5b-SM-5SI78",0.153633067872003,0.344379404983944,0,0.228598932179852,0.273388594964201
"867","GTEX-14BIN-0011-R6a-SM-5S2RH",0.679095531613139,0.124692465600886,0.00356553439275495,0.0076759047724364,0.184970563620784
"868","GTEX-14BIN-0011-R7b-SM-5S2RI",0.140031280573506,0.317468811699529,0,0.237271322717995,0.305228585008971
"869","GTEX-14BIN-0011-R9a-SM-5SI76",0,0.0246722192743417,0.00236845383571028,0.800539384747098,0.17241994214285
"870","GTEX-14BIN-3226-SM-62LDR",0.57551872050185,0.107107880416238,0,0.0292744917343965,0.288098907347515
"871","GTEX-14BIN-3326-SM-5Q5E6",0.701902871807528,0.131848515940768,0,0.0232501807134669,0.142998431538238
"872","GTEX-14BMV-0011-R3a-SM-5ZZU7",0.438526311672715,0.143791634348653,0,0.160756858961942,0.256925195016689
"873","GTEX-14BMV-0011-R5b-SM-62LFT",0.328942754593054,0.283298432043816,0,0.0942869727437102,0.29347184061942
"874","GTEX-14BMV-0011-R6b-SM-5YY9I",0.580085270560713,0.186478600585837,0,0.0505211138537373,0.182915014999712
"875","GTEX-14BMV-0011-R7b-SM-5YY9J",0,0.349805029973727,0,0.342588682098328,0.307606287927945
"876","GTEX-14BMV-0011-R9b-SM-5ZZUA",0,0.0475874205654071,0,0.795596655595742,0.156815923838851
"877","GTEX-14BMV-2926-SM-5TDEE",0.555314565379509,0.165668215128311,0,0.0659837102998421,0.213033509192338
"878","GTEX-14BMV-3026-SM-5S2PQ",0.622302606104342,0.164160025933423,0,0.0121049786226696,0.201432389339566
"879","GTEX-14C39-0011-R11b-SM-5YYAF",0.0766958455171345,0.392068904432151,0,0.176523550686979,0.354711699363736
"880","GTEX-14C39-0011-R3b-SM-5YYA3",0.183742790189175,0.575613739535514,0,0,0.240643470275311
"881","GTEX-14C39-0011-R5b-SM-5ZZV1",0.16086194494984,0.304017512781479,0,0.174250590342167,0.360869951926513
"882","GTEX-14C39-3026-SM-5S2QE",0.476694358876987,0.261146829606933,0,0.0136484908736282,0.248510320642451
"883","GTEX-14C39-3126-SM-5ZZW6",0.376994103219426,0.353054251247365,0,0.00776512310791909,0.262186522425291
"884","GTEX-14C5O-0011-R10a-SM-6872F",0.396418866601028,0.210588570632016,0.0297701116086393,0.0650661475174311,0.298156303640887
"885","GTEX-14C5O-0011-R11b-SM-6872H",0.541203182127203,0.165276615818711,0.0109519023655588,0.0884200318793084,0.194148267809219
"886","GTEX-14C5O-0011-R1b-SM-6AJBW",0.441610846029471,0.167070450654261,0.0112159952642746,0.103584053454994,0.276518654596999
"887","GTEX-14C5O-0011-R2a-SM-5ZZV2",0.091565813556262,0.175162920532009,0,0.334816637145909,0.39845462876582
"888","GTEX-14C5O-0011-R6a-SM-5YYB6",0.353651864189918,0.272046224980752,0,0.0893192086179045,0.284982702211426
"889","GTEX-14C5O-0011-R7b-SM-5YYAH",0.397754505451863,0.175143787784869,0,0.171158425618902,0.255943281144366
"890","GTEX-14C5O-0011-R8a-SM-5YYAG",0.365513627740611,0.216224627333842,0.0101717022488854,0.0959036840803975,0.312186358596264
"891","GTEX-14C5O-2926-SM-5RQI1",0.484128907857267,0.271137447945325,0,0.0414497663261653,0.203283877871243
"892","GTEX-14C5O-3026-SM-5YYB2",0.480672344340651,0.22703578651077,0.00436027293076912,0.0230966553432515,0.264834940874558
"893","GTEX-14DAQ-0011-R11a-SM-664NO",0.747854377529358,0.152764955486896,0,0.0243121652601176,0.0750685017236277
"894","GTEX-14DAQ-0011-R3b-SM-5YYAJ",0.315717774311537,0.431804254358874,0,0.00720509518359186,0.245272876145997
"895","GTEX-14DAQ-0011-R4a-SM-5YYAI",0.255954706058747,0.0878687715152842,0,0.337215111736334,0.318961410689635
"896","GTEX-14DAQ-0011-R5b-SM-5YYAK",0.190481801023207,0.266787333671131,0,0.199138951874941,0.343591913430721
"897","GTEX-14DAQ-3026-SM-5S2QZ",0.656507591372594,0.17701558160087,0,0.0427516431104474,0.123725183916089
"898","GTEX-14DAQ-3126-SM-62LDS",0.518838907675937,0.21057000702542,0,0.0124926459377532,0.25809843936089
"899","GTEX-14E6C-0011-R9a-SM-6EU33",0,0,0,0.807569703408209,0.192430296591791
"900","GTEX-14E6D-0011-R10a-SM-5YY9C",0.827203997190609,0.0433400101494913,0,0,0.1294559926599
"901","GTEX-14E6D-0011-R11b-SM-664NP",0.735992365488877,0.0520084547825805,0.000216881919299524,0.041591272123379,0.170191025685864
"902","GTEX-14E6D-0011-R1b-SM-5YYAW",0.294001823261295,0.109894251090201,0,0.296300403251777,0.299803522396727
"903","GTEX-14E6D-0011-R5b-SM-69LQR",0.0862344422918803,0.330867363947148,0,0.266818212624204,0.316079981136768
"904","GTEX-14E6D-2926-SM-664OP",0.703408075927986,0.057506785513229,0,0.0347123114552399,0.204372827103545
"905","GTEX-14E7W-0011-R10a-SM-5YYAX",0.610622337092344,0.11629258073667,0,0.118835060869692,0.154250021301294
"906","GTEX-14E7W-0011-R11a-SM-5ZZVA",0.5659105951225,0.154802853888823,0,0.122822828520775,0.156463722467902
"907","GTEX-14E7W-0011-R1b-SM-5YYAT",0,0.173113362275676,0.00644368971263541,0.527744478409264,0.292698469602426
"908","GTEX-14E7W-0011-R3b-SM-5YYB5",0.354512272872492,0.191626855588801,0.0212382855302276,0.195190410981009,0.23743217502747
"909","GTEX-14E7W-0011-R4b-SM-62LEA",0.179516264560759,0.142031543768747,0,0.509397823316777,0.169054368353716
"910","GTEX-14E7W-0011-R6b-SM-5ZZV3",0.44886255854377,0.183040494875405,0,0.145768142098568,0.222328804482256
"911","GTEX-14E7W-0011-R7b-SM-5ZZV4",0.00882011750245721,0.421829531527607,0,0.330123336122106,0.239227014847829
"912","GTEX-14E7W-0011-R9a-SM-62LE6",0,0.0680178875138426,0.0413336364834161,0.693837861345839,0.196810614656902
"913","GTEX-14E7W-2926-SM-5S2R8",0.613659687145615,0.113120589831668,0,0.10301517922226,0.170204543800457
"914","GTEX-14JFF-0011-R4a-SM-5ZZV5",0.140815342532209,0.333645027033593,0,0.282742454381507,0.242797176052691
"915","GTEX-14JFF-2826-SM-6871Q",0.650688778048723,0.138681040759734,0,0.0289995705384034,0.181630610653139
"916","GTEX-14JG1-0011-R2a-SM-5ZZVE",0.0878222577531468,0.189323395020222,0,0.495800361538759,0.227053985687873
"917","GTEX-14JG1-0011-R3a-SM-62LEC",0.241556997746739,0.320137107063746,0,0.208175627474168,0.230130267715348
"918","GTEX-14JG1-0011-R4b-SM-62LEB",0.411103739520532,0.290239331633337,0,0.0792315811728276,0.219425347673303
"919","GTEX-14JG1-0011-R5a-SM-62LED",0.237273717253541,0.310128299247134,0,0.202893373039388,0.249704610459938
"920","GTEX-14JG1-0011-R6b-SM-5YYAU",0.445590453514575,0.288260911751104,0,0.0627213831894396,0.203427251544881
"921","GTEX-14JG1-0011-R7b-SM-5YYAV",0,0.346039210618223,0,0.406894119740943,0.247066669640834
"922","GTEX-14JG1-2926-SM-686ZK",0.627332605486201,0.181299930195718,0,0.0599972463455951,0.131370217972486
"923","GTEX-14JG1-3026-SM-5YYAA",0.598560498906375,0.191090451941437,0,0.0242510203708912,0.186098028781297
"924","GTEX-14JIY-0011-R10a-SM-6AJAO",0.670959987780614,0,0,0.19811101174327,0.130929000476116
"925","GTEX-14JIY-0011-R1a-SM-68713",0.58272867835372,0.0946121391571333,0,0.149989825105274,0.172669357383873
"926","GTEX-14JIY-0011-R3a-SM-5YYAQ",0.645904281287776,0.154710611800228,0,0.0222548042009152,0.17713030271108
"927","GTEX-14JIY-0011-R4b-SM-5ZZV7",0.482303277348131,0.248749974837073,0,0.0521283718278676,0.216818375986929
"928","GTEX-14JIY-0011-R5b-SM-62LE7",0.500075024859679,0.18962101344615,0,0.0642177673741449,0.246086194320026
"929","GTEX-14JIY-0011-R6b-SM-68714",0.554825912237759,0.229481312538535,0.000452826642904257,0.0559538348938539,0.159286113686947
"930","GTEX-14JIY-0011-R8a-SM-6AJAP",0.491177329139923,0.0781584306248914,0,0.193933409089052,0.236730831146134
"931","GTEX-14JIY-0011-R9a-SM-6EU34",0,0.0436428905013761,0.0145933680314791,0.722997320856778,0.218766420610367
"932","GTEX-14JIY-2326-SM-6AJAJ",0.69739450660261,0.0784843492663842,0.000868459285020897,0.0717110693657926,0.151541615480192
"933","GTEX-14JIY-2926-SM-69LPT",0.66199271878914,0.0489095013356412,0,0.033526629375408,0.255571150499811
"934","GTEX-14LLW-0011-R1a-SM-5ZZVD",0.481324265120373,0.126933388388285,0,0.10648802298963,0.285254323501712
"935","GTEX-14LLW-0011-R3b-SM-62LFW",0.192512984764996,0.339020193870132,0.0208524133120066,0.0876113173272888,0.360003090725577
"936","GTEX-14LLW-0011-R5b-SM-5ZZU6",0.244565331059245,0.308709922057603,0,0.0982824144485926,0.348442332434559
"937","GTEX-14LLW-0011-R8a-SM-62LFG",0.392093975068809,0.220360856588085,0.0414857733134882,0.0281685691006248,0.317890825928993
"938","GTEX-14LZ3-0011-R10b-SM-6AJA9",0.429364807463763,0.267246911547451,0.0251068488989895,0.0210253827112742,0.257256049378523
"939","GTEX-14LZ3-0011-R1a-SM-69LP5",0,0.00428158247534991,0,0.667208352530832,0.328510064993818
"940","GTEX-14LZ3-0011-R3a-SM-664NQ",0.094146106298737,0.436847553526465,0.032970409226977,0.0646676932124254,0.371368237735396
"941","GTEX-14LZ3-0011-R5b-SM-5ZZV8",0,0.546263521085155,0,0.0922314975326825,0.361504981382162
"942","GTEX-14LZ3-0011-R6a-SM-D3L8C",0.294077416022523,0.361077264406816,0.00924019764928552,0.059431945547814,0.276173176373561
"943","GTEX-14LZ3-0011-R7a-SM-69LQN",0,0.386795286488105,0.00830685898708511,0.155357385136031,0.449540469388779
"944","GTEX-14LZ3-0011-R8b-SM-COH3M",0.200334101098128,0.0946056109411273,0.00270839123118216,0.202714726878696,0.499637169850867
"945","GTEX-14LZ3-3026-SM-5ZZVU",0.388660729029772,0.295383902695439,0,0,0.315955368274789
"946","GTEX-14PHW-0011-R6b-SM-5YYAR",0,0.514936501518386,0,0.0986938343383793,0.386369664143235
"947","GTEX-14PJM-0011-R10a-SM-686ZP",0.616557357286189,0.100102126079243,0,0.107240381337574,0.176100135296994
"948","GTEX-14PJM-0011-R1a-SM-CNPO3",0.155307790590571,0.131308730479804,0,0.455580255478835,0.25780322345079
"949","GTEX-14PJM-0011-R3b-SM-5ZZV9",0.259871523201064,0.152382737615927,0,0.372165328713372,0.215580410469637
"950","GTEX-14PJM-0011-R4a-SM-5YYAS",0.150981377552193,0.130467406738734,0,0.470880480777748,0.247670734931325
"951","GTEX-14PJM-0011-R6a-SM-6872G",0.556017294297007,0.204336883352928,0,0.0560728962172504,0.183572926132815
"952","GTEX-14PJM-0011-R7a-SM-6AJBX",0.109997887488189,0.267168383198074,0,0.313780497840298,0.309053231473439
"953","GTEX-14PJM-0011-R8b-SM-69LPD",0.42751564573566,0.059981289975708,0,0.253287551782753,0.259215512505879
"954","GTEX-14PJM-0011-R9b-SM-6EU35",0,0.020257983370148,0,0.823586366395454,0.156155650234398
"955","GTEX-14PJM-3026-SM-6LLHM",0.612273327141433,0.199158920672608,0,0.0234172817645354,0.165150470421424
"956","GTEX-14PJM-3126-SM-6EU2R",0.54519083591782,0.182266001973099,0,0,0.272543162109082
"957","GTEX-14PJO-0011-R10a-SM-686ZS",0.37564621474913,0.279566025569559,0,0.083981611523131,0.26080614815818
"958","GTEX-14PJO-0011-R1b-SM-6AJAK",0,0.407178003779737,0,0.356694533060097,0.236127463160166
"959","GTEX-14PJO-0011-R2a-SM-5ZZVF",0,0.293925280410327,0,0.371331068006915,0.334743651582757
"960","GTEX-14PJO-0011-R3a-SM-6AJBY",0.244786429577826,0.441156569300553,0,0.033086033024865,0.280970968096756
"961","GTEX-14PJO-0011-R5a-SM-6AJBZ",0.211761829933256,0.399505784315515,0,0.111398236252493,0.277334149498737
"962","GTEX-14PJO-0011-R7a-SM-664NR",0.172389636860431,0.331767066050097,0,0.23657996911487,0.259263327974603
"963","GTEX-14PJO-0011-R8a-SM-6AJAL",0.2990382853065,0.0825683800641435,0.0166728828488223,0.222912609840492,0.378807841940042
"964","GTEX-14PJO-0011-R9b-SM-62LE9",0,0.0608805035843188,0.0355621030425104,0.720268586829118,0.183288806544053
"965","GTEX-14PJO-2926-SM-686ZI",0.181578191309049,0.365437998068404,0,0.143573717283578,0.309410093338969
"966","GTEX-14PN4-0011-R10b-SM-69LP2",0.760470918429803,0.0181235249771744,0.00259816401474884,0,0.218807392578273
"967","GTEX-14PN4-0011-R11a-SM-686ZW",0.706080632320662,0.0324511884859354,0.0295735101873991,0.0675920960930846,0.164302572912919
"968","GTEX-14PN4-0011-R1b-SM-69LP8",0.251072195126182,0.115839142539944,0.0684943520745219,0.180169580802758,0.384424729456595
"969","GTEX-14PN4-0011-R2a-SM-6EU2Y",0.0493486200218639,0.166382960230197,0.103976650981887,0.266487716786913,0.41380405197914
"970","GTEX-14PN4-0011-R3b-SM-686ZU",0.759517778178633,0.0507206944817962,0,0.012475693544446,0.177285833795125
"971","GTEX-14PN4-0011-R4a-SM-686ZT",0.114422178881849,0.444439119264245,0,0.152085005776134,0.289053696077772
"972","GTEX-14PN4-0011-R5a-SM-686ZV",0.4492107488519,0.206114328338564,0.00951039056514606,0.0688824321290412,0.266282100115349
"973","GTEX-14PN4-0011-R6b-SM-69LQU",0.411869674996816,0.2527512036583,0.0390346711260883,0.060231474443668,0.236112975775128
"974","GTEX-14PN4-0011-R7b-SM-69LQQ",0.406833715648712,0.114475289028183,0.0218536382901637,0.151988332664275,0.304849024368667
"975","GTEX-14PN4-0011-R8a-SM-6EU1H",0.387714500772614,0,0.0688013347153483,0.197508009732482,0.345976154779556
"976","GTEX-14PN4-0011-R9a-SM-6LLH9",0,0,0.112201446226285,0.605747374986617,0.282051178787098
"977","GTEX-14PN4-3026-SM-664O4",0.590356560507773,0.0971714948238597,0.010305528436866,0.124645680219963,0.177520736011538
"978","GTEX-14PQA-0011-R10a-SM-6AJAA",0.503675376392838,0.231198425299774,0,0,0.265126198307388
"979","GTEX-14PQA-0011-R1b-SM-6EU1G",0,0.31101002918979,0,0.357279718822744,0.331710251987466
"980","GTEX-14PQA-0011-R3b-SM-69LQO",0.227024848966607,0.462727130305382,0,0.0281606089767775,0.282087411751233
"981","GTEX-14PQA-0011-R4b-SM-6AJBU",0.139115495869865,0.371354190888944,0,0.139723559207151,0.349806754034039
"982","GTEX-14PQA-0011-R5b-SM-6AJC2",0.0825304941202894,0.385757600294824,0,0.152947163584754,0.378764742000132
"983","GTEX-14PQA-0011-R6b-SM-6AJAM",0.43440487903644,0.200640874093795,0,0.0318999994916663,0.333054247378098
"984","GTEX-14PQA-0011-R8b-SM-6AJAB",0.181086093717117,0.216965622181872,0.0174398947356556,0.0937284206918459,0.490779968673509
"985","GTEX-15CHQ-0011-R10b-SM-6AJBV",0.711629634151503,0.140378748063005,0,0.00982045873109633,0.138171159054396
"986","GTEX-15CHQ-0011-R11b-SM-686ZZ",0.741220408584329,0.0527917346598281,0,0.0290860805505115,0.176901776205332
"987","GTEX-15CHQ-0011-R1a-SM-COH27",0.224937796085268,0.243267034607474,0,0.244723217525731,0.287071951781527
"988","GTEX-15CHQ-0011-R2b-SM-6AJAD",0.208632338743859,0.118783427305989,0,0.422421520080126,0.250162713870026
"989","GTEX-15CHQ-0011-R3b-SM-686ZY",0.647932457632976,0.131507701116457,0,0.0637050931848179,0.156854748065749
"990","GTEX-15CHQ-0011-R4a-SM-686ZX",0.233335931858971,0.197333760220828,0.0125083876039154,0.312955164601382,0.243866755714904
"991","GTEX-15CHQ-0011-R5b-SM-6AJAN",0.436300189975883,0.229033733112219,0,0.112279091886144,0.222386985025755
"992","GTEX-15CHQ-0011-R6b-SM-69LOX",0.513837417472561,0.279202955294827,0,0.0112375426790075,0.195722084553605
"993","GTEX-15CHQ-0011-R7b-SM-D4P1Q",0.385207577105071,0.187062470154589,0,0.177990565952407,0.249739386787933
"994","GTEX-15CHQ-0011-R8b-SM-CNPO4",0.391748564386958,0.0337063053968529,0.0221230796888172,0.268843745358231,0.283578305169141
"995","GTEX-15CHQ-0011-R9a-SM-6LLHX",0,0.0467190667556997,0.0845636347684807,0.461047944803978,0.407669353671841
"996","GTEX-15DCD-0011-R10b-SM-6LPII",0.701911001228728,0.051162454120849,0,0.0820374848919433,0.164889059758479
"997","GTEX-15DCD-0011-R11a-SM-D4P1R",0.511301026594835,0.0487921097214597,0.0892509801547276,0.0438629830615558,0.306792900467422
"998","GTEX-15DCD-0011-R1b-SM-6LPIJ",0.204891894738392,0.0841265396430112,0.017233775035829,0.394214760517594,0.299533030065174
"999","GTEX-15DCD-0011-R2b-SM-6LPIE",0.0457099205576384,0.195733933440573,0.0220006861719012,0.389972135294145,0.346583324535742
"1000","GTEX-15DCD-0011-R3b-SM-D4P1P",0.471473625289417,0.22920876562084,0,0.145424933553363,0.15389267553638
"1001","GTEX-15DCD-0011-R4a-SM-69LPB",0.128424508120814,0.522657474026858,0.00392443353952585,0.110875283547573,0.234118300765229
"1002","GTEX-15DCD-0011-R5a-SM-CXZKZ",0.216849238750327,0.419739720259201,0,0.150800502355583,0.212610538634889
"1003","GTEX-15DCD-0011-R6b-SM-6M46L",0.325341447728721,0.298702330292877,0,0.172900165388793,0.203056056589609
"1004","GTEX-15DCD-0011-R7b-SM-6LPID",0.04598942073053,0.287027562387453,0,0.330569867327129,0.336413149554888
"1005","GTEX-15DCD-0011-R8b-SM-7KUEF",0,0.10728272819973,0.0120879637403943,0.646860732344213,0.233768575715663
"1006","GTEX-15DCD-0011-R9b-SM-7KUED",0,0.0362452394614196,0.0801076656845977,0.545892175050734,0.337754919803248
"1007","GTEX-15DCD-2926-SM-7KULT",0.368183405404871,0.244078476718294,0,0.160941888521588,0.226796229355246
"1008","GTEX-15DDE-0011-R10a-SM-7KUKW",0.379743851851811,0.252026072437989,0,0.0869579995549234,0.281272076155277
"1009","GTEX-15DDE-0011-R4b-SM-7KULI",0.124604348975243,0.0447930719399815,0.0421554209149959,0.284703156753163,0.503744001416617
"1010","GTEX-15DDE-0011-R9b-SM-6M46U",0.0868826002196299,0.0814067864589691,0.00431813942873257,0.393975582265459,0.43341689162721
"1011","GTEX-15DYW-0011-R11a-SM-6LPIT",0.750880630008063,0.0723791141803302,0.00128417769918766,0.0293344696528019,0.146121608459618
"1012","GTEX-15DYW-0011-R2b-SM-7KUKY",0.200779630944383,0.16640311968419,0,0.323434115661323,0.309383133710104
"1013","GTEX-15DYW-0011-R3b-SM-6LPIM",0.307994606484609,0.403489626008006,0,0.0267850489807342,0.261730718526651
"1014","GTEX-15DYW-0011-R4a-SM-6M46V",0.334842935909575,0.357083663194891,0,0.111207829077704,0.19686557181783
"1015","GTEX-15DYW-0011-R5a-SM-6M46W",0.345230631301037,0.239595473796652,0,0.156423387121158,0.258750507781154
"1016","GTEX-15DYW-0011-R6b-SM-6PALA",0.348846882675203,0.232794181120145,0,0.215259518308653,0.203099417895998
"1017","GTEX-15DYW-0011-R7a-SM-7KULG",0.0644195886484853,0.199822790642055,0,0.360443749308217,0.375313871401243
"1018","GTEX-15DYW-0011-R9b-SM-6PALB",0,0.0328862203756865,0.0656442420416464,0.729869638459378,0.171599899123289
"1019","GTEX-15DYW-3026-SM-7KFRM",0.543015377174007,0.192543660348324,0,0.05330089967606,0.211140062801609
"1020","GTEX-15EO6-0011-R11b-SM-6M47M",0.703718154094538,0.182813758581591,0,0.0118535115134506,0.101614575810421
"1021","GTEX-15EO6-0011-R2a-SM-6M46R",0,0.545120334166596,0.0117532237684134,0.157788375493721,0.28533806657127
"1022","GTEX-15EO6-0011-R3b-SM-7KUDY",0.541959075868659,0.230404647364736,0,0.0442572416600589,0.183379035106546
"1023","GTEX-15EO6-0011-R4a-SM-7KUKZ",0.348984507649624,0.316977329437758,0.00623394925861521,0.0543663456860846,0.273437867967918
"1024","GTEX-15EO6-0011-R5b-SM-7KUDZ",0.233008009110372,0.374047114567584,0,0.158891849986205,0.234053026335839
"1025","GTEX-15EO6-0011-R6a-SM-7KULK",0,0.561271595684372,0,0.114629682803259,0.324098721512369
"1026","GTEX-15EO6-0011-R7a-SM-6M46Q",0.102603316513222,0.455574048539953,0,0.158196550542652,0.283626084404173
"1027","GTEX-15EO6-0011-R9a-SM-6PALG",0,0.0561333532150467,0.0342627896802851,0.715718337960844,0.193885519143824
"1028","GTEX-15EO6-2926-SM-6M48D",0.769844537369654,0.103467525141272,0,0.0093902804416645,0.117297657047409
"1029","GTEX-15EO6-3026-SM-7KUMA",0.627181736040588,0.109645918933488,0,0.00654053762019131,0.256631807405733
"1030","GTEX-15ER7-0011-R11a-SM-6LPIL",0.710276744349641,0.0842328625368465,0,0.105627162824385,0.099863230289128
"1031","GTEX-15ER7-0011-R1b-SM-7KUE1",0.195278854659619,0.0618521026130114,0,0.564492007054482,0.178377035672888
"1032","GTEX-15ER7-0011-R2a-SM-6M46O",0.587985598294372,0.0620421045330018,0,0.204470736404977,0.145501560767649
"1033","GTEX-15ER7-0011-R3a-SM-6LPIK",0.484156770376329,0.339885806854146,0,0,0.175957422769526
"1034","GTEX-15ER7-0011-R4a-SM-6M46S",0.251393193684887,0.440078709172041,0,0.0592069485320963,0.249321148610976
"1035","GTEX-15ER7-0011-R5b-SM-6M46T",0.50070801109543,0.241518452121419,0,0.0699721409973205,0.18780139578583
"1036","GTEX-15ER7-0011-R6a-SM-6M46M",0.50321822633172,0.298955757431607,0,0.00467087130174881,0.193155144934924
"1037","GTEX-15ER7-0011-R7a-SM-6M46N",0.206164497153572,0.303809242098079,0,0.229182611594625,0.260843649153723
"1038","GTEX-15ER7-0011-R8a-SM-7KUL2",0.59652547627551,0.0193899454561969,0.0206074822688065,0.119510873800474,0.243966222199013
"1039","GTEX-15ER7-0011-R9b-SM-6PALF",0,0.179025671130903,0.050173040058632,0.553128809545859,0.217672479264606
"1040","GTEX-15ER7-3026-SM-6M47W",0.613151308599082,0.163899554410679,0,0.0423230247383511,0.180626112251888
"1041","GTEX-15ER7-3126-SM-7KUGH",0.491604848476252,0.296840712723284,0,0,0.211554438800464
"1042","GTEX-15G19-0011-R10b-SM-7KUG4",0.622959020515714,0.197390713917865,0,0.0154755847914409,0.16417468077498
"1043","GTEX-15G19-0011-R11b-SM-6LPIH",0.675973316856313,0.0616220560698425,0.00878038149609763,0.0271111543433425,0.226513091234404
"1044","GTEX-15G19-0011-R3a-SM-6LPIG",0.205158663542757,0.225393303113552,0,0.0515592571262381,0.517888776217453
"1045","GTEX-15G19-0011-R5b-SM-6M46P",0.0443617032977482,0.345320363518267,0.00574307637321759,0.161493123778664,0.443081733032104
"1046","GTEX-15G19-0011-R6b-SM-7KUM3",0.0544634956048282,0.156116897670812,0,0.326636732721831,0.462782874002529
"1047","GTEX-15G19-0011-R7b-SM-6M479",0,0.225372244195527,0,0.332928786563977,0.441698969240496
"1048","GTEX-15G19-0011-R8b-SM-7KUL1",0,0.0682743613670312,0.0010817418396748,0.532329696712861,0.398314200080433
"1049","GTEX-15G19-0011-R9b-SM-7KUEE",0,0.00593093864760685,0.00559982317411223,0.725254753993523,0.263214484184758
"1050","GTEX-15G19-2826-SM-6M48K",0.638389388707963,0.117810444211555,0,0.0393313398709177,0.204468827209565
"1051","GTEX-15G19-2926-SM-7KUFL",0.454237810990156,0.226993537077106,0,0.00759515019217735,0.311173501740561
"1052","GTEX-15RJE-0011-R2b-SM-79OMP",0,0.253138311694108,0.0357956704010094,0.382791515061662,0.32827450284322
"1053","GTEX-15RJE-0011-R6a-SM-7DHL8",0.495735841704403,0.195727016449687,0.0165806701833749,0.0561316926420613,0.235824779020474
"1054","GTEX-15RJE-0011-R7a-SM-7DHL9",0.285348135665563,0.136788114708654,0,0.279893857792396,0.297969891833387
"1055","GTEX-15RJE-3026-SM-7KUM1",0.153397589145388,0.329780900720717,0.0138252947633048,0,0.502996215370589
"1056","GTEX-15SHU-0011-R3a-SM-7IGPS",0.5424165865327,0.261785053994037,0,0,0.195798359473263
"1057","GTEX-15SHU-0011-R4b-SM-7IGLC",0.429722442790133,0.257679515981058,0,0.0871690391612118,0.225429002067597
"1058","GTEX-15SHU-0011-R5a-SM-7938Q",0.31478624785811,0.36769540557149,0,0.0606157282723113,0.256902618298088
"1059","GTEX-15SHU-3026-SM-6LPIB",0.461644413604995,0.119933599749369,0,0.0273783144992678,0.391043672146368
"1060","GTEX-15SHU-3126-SM-6M46H",0.51814555255371,0.234005262848291,0,0.00254790340043275,0.245301281197567
"1061","GTEX-15UF6-0011-R10b-SM-9OSVF",0.0163632935732491,0.387730513801243,0,0.129669809974549,0.466236382650959
"1062","GTEX-15UF6-0011-R1a-SM-9QEGH",0,0.0562634060707791,0,0.661849239925128,0.281887354004093
"1063","GTEX-15UF6-3026-SM-7KUKL",0.121364667418682,0.417900521537981,0,0.0679866773649535,0.392748133678383
"1064","GTEX-16GPK-0011-R10b-SM-7MKFG",0.228058712275297,0.288361166665852,0,0.179776842779721,0.30380327827913
"1065","GTEX-16GPK-0011-R11b-SM-7MKFF",0.717998503101719,0.0670594098644323,0.00325907023655575,0.0167430958498235,0.19493992094747
"1066","GTEX-16GPK-0011-R1b-SM-7EWDH",0,0.101614338344649,0,0.643668446212546,0.254717215442805
"1067","GTEX-16GPK-0011-R8a-SM-79OMQ",0.195784389094247,0.115073060218053,0.0023357410460492,0.315662789769184,0.371144019872466
"1068","GTEX-16GPK-3026-SM-79ON9",0.166135863645581,0.553248251730446,0,0.040353125605283,0.240262759018691
"1069","GTEX-16NPV-0011-R10a-SM-79OKA",0,0.315942446756387,0.0839682285590315,0.0892340306668261,0.510855294017755
"1070","GTEX-16NPV-0011-R11a-SM-7IGMK",0.299027697083123,0.136811011166984,0,0,0.564161291749894
"1071","GTEX-16NPV-0011-R1b-SM-7MGVZ",0,0.0348267822799675,0,0.536059407761891,0.429113809958142
"1072","GTEX-16NPV-0011-R5a-SM-7EPGK",0,0.475022767437461,0,0.0863701224532368,0.438607110109302
"1073","GTEX-16NPV-0011-R8a-SM-7EPH8",0.37112069746535,0.035708226807204,0.0355841034059877,0.0420108567678266,0.515576115553632
"1074","GTEX-16NPV-0011-R9b-SM-79ONF",0,0.0189146135670179,0.0537024128091852,0.697263611601817,0.23011936202198
"1075","GTEX-16XZZ-0011-R10b-SM-7LT91",0.490419127342268,0.280012401751688,0.00468083811167897,0,0.224887632794364
"1076","GTEX-16XZZ-0011-R11a-SM-7EPI3",0.311995995175867,0.309555646488853,0,0,0.37844835833528
"1077","GTEX-16XZZ-0011-R1a-SM-7LTAH",0.104396095896421,0.111882910316828,0,0.430170964404539,0.353550029382213
"1078","GTEX-16XZZ-0011-R3a-SM-7IGLH",0,0.226882452798374,0,0.282839296771724,0.490278250429901
"1079","GTEX-16XZZ-0011-R6a-SM-7IGNE",0,0.336345803596668,0,0.0330326308745758,0.630621565528756
"1080","GTEX-16XZZ-0011-R8b-SM-7LT8S",0.154720918812419,0.11832209285281,0.00859360529482624,0.323916793221893,0.394446589818052
"1081","GTEX-16XZZ-0011-R9b-SM-7DHKX",0,0.0943363852973712,0,0.704100958751695,0.201562655950933
"1082","GTEX-16XZZ-2926-SM-6LPK4",0.203938916496853,0.420701036134323,0,0.00448213373115048,0.370877913637674
"1083","GTEX-16XZZ-3026-SM-79OMJ",0.426532110107685,0.308087230076588,0,0,0.265380659815727
"1084","GTEX-16YQH-0011-R10b-SM-7LT8U",0.560433716384339,0.163469157060685,0,0.0754382965101662,0.20065883004481
"1085","GTEX-16YQH-0011-R11b-SM-7LT98",0.772954295780688,0.0331690245882927,0,0.0913902260233666,0.102486453607653
"1086","GTEX-16YQH-0011-R1a-SM-7LT8R",0.538255011161504,0.0842238079795553,0.0333167742647048,0.159640286966907,0.184564119627328
"1087","GTEX-16YQH-0011-R3a-SM-7EPGM",0.506085908589658,0.26710415007673,0,0.00106833422530452,0.225741607108308
"1088","GTEX-16YQH-0011-R4a-SM-7EPGI",0.395127389393479,0.294738190810952,0,0.0847363916602016,0.225398028135367
"1089","GTEX-16YQH-0011-R5b-SM-7938U",0.491011433009907,0.129866116141453,0.00248790048686631,0.208009485902803,0.168625064458971
"1090","GTEX-16YQH-0011-R6b-SM-7938T",0.54937727806842,0.221283663279384,0.00753863485767288,0.057853751284512,0.163946672510011
"1091","GTEX-16YQH-0011-R7a-SM-79ON1",0.433818870289645,0,0.0299731598683786,0.3285840216456,0.207623948196377
"1092","GTEX-16YQH-0011-R8a-SM-7DUFB",0.594664561703985,0,0.0234246621359751,0.105024348736839,0.276886427423201
"1093","GTEX-16YQH-2926-SM-6LPJE",0.6525439961404,0.0804498533737141,0,0.133194084124915,0.133812066360971
"1094","GTEX-16YQH-3026-SM-79OMM",0.514484846614633,0.26475218096675,0,0.0385358182710169,0.1822271541476
"1095","GTEX-16Z82-0011-R10a-SM-79OJX",0.498252441279924,0.233836251855664,0,0.02234758946448,0.245563717399933
"1096","GTEX-16Z82-0011-R11a-SM-79OKJ",0.56912612012079,0.0795106273182132,0,0.18169539351317,0.169667859047827
"1097","GTEX-16Z82-0011-R1b-SM-7EPHZ",0.305312332920244,0.12728192533038,0,0.253961927280178,0.313443814469198
"1098","GTEX-16Z82-0011-R2b-SM-79OK9",0.0718879777864974,0.170098917604494,0.0140501582755119,0.480094382769207,0.263868563564289
"1099","GTEX-16Z82-0011-R5a-SM-7EPGB",0.013885717823369,0.384318333397406,0,0.202367234370883,0.399428714408341
"1100","GTEX-16Z82-0011-R6a-SM-7IGLV",0,0.37662805383564,0,0.180858163841046,0.442513782323314
"1101","GTEX-16Z82-0011-R7a-SM-7MKGJ",0.356110459261588,0.187283394548005,0,0.1275891533382,0.329016992852207
"1102","GTEX-16Z82-0011-R8a-SM-7DUEX",0.210879664194708,0.100880450080659,0,0.33334122785753,0.354898657867103
"1103","GTEX-16Z82-0011-R9a-SM-7DUFA",0,0,0,0.861041274649283,0.138958725350717
"1104","GTEX-16Z82-2926-SM-6LPJJ",0.502780179015857,0.0518440936480202,0,0.152476118405853,0.29289960893027
"1105","GTEX-16Z82-3026-SM-79ON3",0.319265688669169,0.394180372312539,0,0.030438325413446,0.256115613604846
"1106","GTEX-17EVP-0011-R10a-SM-7IGLP",0.44220276366538,0.0338672041160847,0,0.367249089541423,0.156680942677113
"1107","GTEX-17EVP-0011-R11a-SM-7EWDL",0.696130607707728,0.0719835049420915,0,0.0484148977996295,0.183470989550551
"1108","GTEX-17EVP-0011-R1a-SM-7DHLA",0,0.0439094544760269,0,0.83712386406387,0.118966681460103
"1109","GTEX-17EVP-0011-R2a-SM-7LG4W",0.0968385900722878,0.123280983561576,0,0.47625021544277,0.303630210923366
"1110","GTEX-17EVP-0011-R3a-SM-7EPI9",0.560469676149307,0.205435271888109,0,0,0.234095051962584
"1111","GTEX-17EVP-0011-R4a-SM-79OML",0.427603819969745,0.209370454959971,0,0.111916461012713,0.251109264057571
"1112","GTEX-17EVP-0011-R5b-SM-7DHKW",0.285276043808612,0.222028767889185,0,0.265368904608003,0.2273262836942
"1113","GTEX-17EVP-0011-R6b-SM-7LT99",0.516959118958461,0.249829764347365,0,0.0479594474853642,0.18525166920881
"1114","GTEX-17EVP-0011-R7a-SM-7LTAN",0.361399208994034,0.167309017999377,0,0.219560954715034,0.251730818291556
"1115","GTEX-17EVP-0011-R8b-SM-7DUF9",0.290010419468986,0.106033073977969,0,0.388609065736658,0.215347440816387
"1116","GTEX-17EVP-2926-SM-793BU",0.70521187236896,0.0844184524142843,0,0.0936314954133127,0.116738179803443
"1117","GTEX-17EVP-3026-SM-7IGQL",0.456131866588281,0.273910712243464,0,0.0316553336190624,0.238302087549193
"1118","GTEX-17EVQ-0011-R11a-SM-7LT9C",0.713777729687503,0.0288582509846288,0,0.0389751578224688,0.2183888615054
"1119","GTEX-17EVQ-0011-R1a-SM-7189S",0,0.0863817635842851,0.0164187011743105,0.611315670520819,0.285883864720585
"1120","GTEX-17EVQ-0011-R3b-SM-7LT9B",0.113625876584561,0.412116555651698,0,0.088248777679928,0.386008790083813
"1121","GTEX-17EVQ-0011-R4b-SM-7LT94",0.236022553266252,0.0584809082434581,0.0156786451006466,0.303084441931773,0.38673345145787
"1122","GTEX-17EVQ-0011-R5a-SM-7LT92",0,0.164958491078701,0,0.497545438759391,0.337496070161908
"1123","GTEX-17EVQ-0011-R6a-SM-7189U",0.286053555107652,0.146282516236119,0,0.104700016894906,0.462963911761323
"1124","GTEX-17EVQ-0011-R7a-SM-7EWDA",0,0.214314417372418,0,0.298901531294593,0.486784051332988
"1125","GTEX-17EVQ-0011-R8a-SM-7189T",0.282722019361592,0.0266241619632736,0.0293539443189304,0.313026621504985,0.348273252851219
"1126","GTEX-17EVQ-0011-R9b-SM-79OJY",0,0.0154231821753485,0.00450918670402524,0.83580984222088,0.144257788899746
"1127","GTEX-17EVQ-2726-SM-7EWDT",0.662091852245681,0.114106974215871,0,0.031534376126741,0.192266797411707
"1128","GTEX-17EVQ-2826-SM-7IGQK",0.312273499411191,0.306067418985689,0,0.0826938276650333,0.298965253938086
"1129","GTEX-17F97-0011-R10b-SM-793BB",0.683538946179288,0.0576293785574522,0,0.032411997474594,0.226419677788666
"1130","GTEX-17F97-0011-R11b-SM-7KFRQ",0.746872181781821,0.060061064471827,0.00765269497810761,0.0186494760624566,0.166764582705788
"1131","GTEX-17F97-0011-R1b-SM-7IGM9",0.201784930988283,0.175160697588683,0.000186812224936502,0.18346313596936,0.439404423228737
"1132","GTEX-17F97-0011-R3b-SM-7LT9E",0.687290941334944,0.0853254866164549,0,0.00756698414821341,0.219816587900388
"1133","GTEX-17F97-0011-R4b-SM-7KFS2",0.152136204500812,0.194003137630336,0,0.262080887627842,0.39177977024101
"1134","GTEX-17F97-0011-R5a-SM-7LG4Z",0.149555097848602,0.225567618427174,0.0068415811381559,0.195920019636505,0.422115682949563
"1135","GTEX-17F97-0011-R6a-SM-7EPGS",0.474152494974362,0.205043126751217,0.0147767334960979,0.0318750507271183,0.274152594051204
"1136","GTEX-17F97-0011-R7b-SM-7MGVY",0.211640110832887,0.236279478144873,0,0.181130036895792,0.370950374126448
"1137","GTEX-17F97-0011-R8a-SM-7DUET",0.118021595747239,0.0717643480282635,0,0.416534501444421,0.393679554780076
"1138","GTEX-17F97-2926-SM-7DUEQ",0.624055032459168,0.159793485931275,0,0.0295034280670213,0.186648053542535
"1139","GTEX-17F97-3026-SM-79OKC",0.605897871591373,0.121918968011721,0,0.0282346845367596,0.243948475860146
"1140","GTEX-17HG3-0011-R10b-SM-7LT97",0.818831015328836,0.0483419392363511,0,0.0016201723189594,0.131206873115854
"1141","GTEX-17HG3-0011-R11b-SM-7KFT4",0.818203967785728,0.02928308818636,0,0.0260608273646779,0.126452116663234
"1142","GTEX-17HG3-0011-R1a-SM-7LG6H",0.311313227183249,0.189402833909026,0,0.217663547027213,0.281620391880513
"1143","GTEX-17HG3-0011-R2a-SM-7MGVX",0,0.221119376533646,0,0.403078880253537,0.375801743212816
"1144","GTEX-17HG3-0011-R4a-SM-7IGLL",0.350765378774159,0.241589834592589,0,0.135753430805362,0.271891355827889
"1145","GTEX-17HG3-0011-R5a-SM-7DUEW",0.113495363303622,0.490252818063264,0,0.185665464232333,0.21058635440078
"1146","GTEX-17HG3-0011-R6b-SM-79OK8",0.319775912795264,0.396425728609527,0,0.0655489702312521,0.218249388363957
"1147","GTEX-17HG3-0011-R7b-SM-7EPGR",0.040120688443607,0.441033962289604,0,0.219758043823186,0.299087305443603
"1148","GTEX-17HG3-0011-R8a-SM-79OK7",0.558096113922233,0.106873917197051,0,0.0680526237518846,0.266977345128831
"1149","GTEX-17HG3-2826-SM-7EPGO",0.652044718555263,0.161670317254976,0,0.011726137389246,0.174558826800515
"1150","GTEX-17HG3-2926-SM-79ON8",0.39978553872935,0.308893965399081,0,0.112341167935378,0.178979327936191
"1151","GTEX-17HHY-0011-R1a-SM-7189V",0.172304474355045,0.0730840254784936,0,0.531278287918466,0.223333212247995
"1152","GTEX-17HHY-0011-R3a-SM-7EWDK",0.366698867163598,0.397058551818281,0,0.00832232006670177,0.227920260951419
"1153","GTEX-17HHY-0011-R5b-SM-79OMZ",0.00601705685166483,0.413258904164009,0,0.271399312116621,0.309324726867704
"1154","GTEX-17HHY-0011-R6b-SM-7189Z",0.253343404412304,0.368763720121677,0,0.158763527564434,0.219129347901584
"1155","GTEX-17HHY-0011-R7a-SM-718A1",0,0.444430878958619,0,0.282663594295106,0.272905526746274
"1156","GTEX-17HHY-2926-SM-79OJW",0.636305666330338,0.153745863835135,0,0.0663975118081146,0.143550958026413
"1157","GTEX-17HHY-3026-SM-79OKP",0.609157130908982,0.227857069508055,0,0.0153698121086547,0.147615987474309
"1158","GTEX-17HII-0011-R10a-SM-79OMY",0.578630815316043,0.215318727201797,0,0,0.20605045748216
"1159","GTEX-17HII-0011-R11b-SM-7KFSX",0.789706608926908,0.02437863172466,0.00276473752134642,0.0287537382347457,0.15439628359234
"1160","GTEX-17HII-0011-R1b-SM-7MGVW",0.0251784235694249,0.0735485408387889,0,0.502230803333254,0.399042232258532
"1161","GTEX-17HII-0011-R3a-SM-7LT9D",0.357652269061106,0.370801679524282,0,0.0368374531459472,0.234708598268665
"1162","GTEX-17HII-0011-R5a-SM-7LG51",0.125863853241642,0.252043893164806,0,0.312720675995086,0.309371577598467
"1163","GTEX-17HII-0011-R7a-SM-79OMS",0,0.44569216534328,0,0.14925409105723,0.40505374359949
"1164","GTEX-17HII-0011-R8a-SM-79OK6",0.502769619544303,0.127068583096254,0,0.120322727096678,0.249839070262765
"1165","GTEX-17HII-2926-SM-79OMK",0.551723469595238,0.188517655067816,0,0.00865782527802945,0.251101050058916
"1166","GTEX-17HII-3026-SM-7EWFM",0.415846307512286,0.345094854462808,0,0,0.239058838024906
"1167","GTEX-17JCI-0011-R10b-SM-718A2",0.644112819916056,0.184427353127227,0,0.0180308400760048,0.153428986880712
"1168","GTEX-17JCI-0011-R11a-SM-7189Y",0.710675827136641,0.0436671684912466,0,0.0364108273237999,0.209246177048312
"1169","GTEX-17JCI-0011-R1b-SM-718A3",0.0750648620207136,0.381453924244207,0,0.27002251507935,0.273458698655729
"1170","GTEX-17JCI-0011-R6a-SM-72D6D",0.128105164291741,0.481171420962324,0,0.10479459575371,0.285928818992225
"1171","GTEX-17JCI-3026-SM-7EWDR",0.621390146890899,0.133841691359283,0,0.0477397719317821,0.197028389818037
"1172","GTEX-17JCI-3126-SM-7LTA2",0.50516602890408,0.240485024361681,0,0.0576106121850135,0.196738334549226
"1173","GTEX-17MF6-0011-R1a-SM-72D6O",0,0.0739556367733482,0,0.703424204158661,0.22262015906799
"1174","GTEX-17MF6-0011-R5a-SM-731BA",0,0.300107136354458,0,0.403190833980198,0.296702029665344
"1175","GTEX-17MF6-0011-R6b-SM-7LG6G",0.285739074858141,0.253257944259239,0.0173127650574043,0.0591214427522064,0.384568773073009
"1176","GTEX-17MF6-0011-R7b-SM-7LG6J",0,0.312511701732317,0,0.294634806639336,0.392853491628347
"1177","GTEX-17MF6-2926-SM-7LTAW",0.0155604673272486,0.451640984985729,0,0.147690008505507,0.385108539181515
"1178","GTEX-183WM-0011-R11a-SM-718A5",0.66245635181741,0.0370330172395651,0.0178254372027609,0.0272424017256769,0.255442792014587
"1179","GTEX-183WM-0011-R1a-SM-718A8",0,0.0603828868080557,0,0.590462382067263,0.349154731124681
"1180","GTEX-183WM-0011-R4a-SM-7LG6S",0,0.0193103318182883,0,0.289461935553483,0.691227732628229
"1181","GTEX-183WM-0011-R5a-SM-718A4",0,0.394575094728072,0,0.177118384350242,0.428306520921686
"1182","GTEX-183WM-0011-R6b-SM-72D66",0.264479605448922,0.255000787548256,0.0427606746834517,0.0871428274350134,0.350616104884357
"1183","GTEX-183WM-0011-R7b-SM-731AX",0,0.25843996917831,0,0.382063597499456,0.359496433322235
"1184","GTEX-183WM-0011-R8a-SM-7189W",0,0.0300730660658457,0,0.673978030768009,0.295948903166146
"1185","GTEX-183WM-2726-SM-7KFRF",0.611889641236243,0.112765624322709,0.000733190923776759,0.0153543443009679,0.259257199216303
"1186","GTEX-183WM-2826-SM-731C2",0.271176869918863,0.355609235225602,0,0.0621934853080028,0.311020409547532
"1187","GTEX-18464-0011-R10a-SM-72D6X",0.723819802621671,0.108573462367397,0,0.024847314616756,0.142759420394176
"1188","GTEX-18464-0011-R11a-SM-72D76",0.877520325698491,0.00315735967317079,0.000799330286038573,0.0147625799291732,0.103760404413127
"1189","GTEX-18464-0011-R2a-SM-731AL",0,0.129617883209673,0,0.524538829746852,0.345843287043475
"1190","GTEX-18464-0011-R4a-SM-7LG6T",0.140380873875592,0.0670098512346355,0,0.493090743322722,0.299518531567051
"1191","GTEX-18464-0011-R5b-SM-718A6",0.362702908761889,0.288404057963514,0,0.12309119037803,0.225801842896566
"1192","GTEX-18464-0011-R6a-SM-731CA",0.630687621657483,0.156497108506086,0,0.042981863249709,0.169833406586722
"1193","GTEX-18464-0011-R7b-SM-731CM",0.0657191472328929,0.216612104549735,0,0.399076046399581,0.318592701817792
"1194","GTEX-18464-0011-R8a-SM-72D4Z",0.293683047968268,0.135761560741472,0.00509076852241473,0.27217666328284,0.293287959485006
"1195","GTEX-18464-0011-R9a-SM-731BK",0,0.0787975136445567,0,0.749624639980618,0.171577846374826
"1196","GTEX-18465-0011-R11a-SM-72D78",0.723765877576367,0.0574042918709744,0,0.0792562392080148,0.139573591344644
"1197","GTEX-18465-0011-R5a-SM-72D5J",0,0.393554047444942,0,0.288112865484637,0.318333087070421
"1198","GTEX-18465-0011-R6a-SM-7LG6M",0.255405273221753,0.310187390825643,0,0.158165052776959,0.276242283175645
"1199","GTEX-18465-0011-R7b-SM-7LG6V",0.000800649427468626,0.370579191972951,0,0.254171758544143,0.374448400055437
"1200","GTEX-18465-0011-R8b-SM-7LG6O",0.222238423068011,0.0970371360685835,0,0.325722366118605,0.355002074744801
"1201","GTEX-18465-2926-SM-7KFSE",0.706986868234445,0.137192573326143,0,0.0267754315297089,0.129045126909703
"1202","GTEX-18465-3026-SM-7LG6Y",0.617965482271099,0.196776227315448,0,0,0.185258290413453
"1203","GTEX-18A6Q-0011-R10b-SM-72D7A",0.77033568394713,0.0437846578835406,0,0.0406362049095405,0.145243453259789
"1204","GTEX-18A6Q-0011-R11a-SM-72D6H",0.608589297899291,0.142718861593346,0,0.0537081371361488,0.194983703371214
"1205","GTEX-18A6Q-0011-R1b-SM-731DI",0,0.0332483046125735,0,0.836373043720606,0.130378651666821
"1206","GTEX-18A6Q-0011-R3a-SM-718A7",0.365509787113847,0.218425600797337,0,0.142669863916549,0.273394748172267
"1207","GTEX-18A6Q-0011-R6a-SM-7LG6R",0.401312483406885,0.253525992692597,0,0.0800216606185931,0.265139863281924
"1208","GTEX-18A6Q-2826-SM-7LTAO",0.410835176869258,0.182793226564691,0,0.174816531145573,0.231555065420478
"1209","GTEX-18A6Q-2926-SM-718AR",0.489268432355307,0.278894606784649,0,0.00798458846312327,0.22385237239692
"1210","GTEX-1A32A-0011-R1a-SM-7P8SQ",0,0.169383708990278,0,0.473839659838406,0.356776631171316
"1211","GTEX-1A32A-0011-R9b-SM-7MGXD",0,0,0,0.800279393966832,0.199720606033168
"1212","GTEX-1A3MX-0011-R10b-SM-7P8PG",0.618712834426437,0.170412504104327,0,0,0.210874661469236
"1213","GTEX-1A3MX-0011-R11b-SM-7DUGP",0.603525734669357,0.140967594356949,0,0.0773600497794812,0.178146621194213
"1214","GTEX-1A3MX-0011-R1b-SM-7P8PH",0.299498737906513,0.21555722346935,0.0160825794308076,0.170241180672651,0.298620278520678
"1215","GTEX-1A3MX-0011-R2b-SM-7EWFL",0.0760106825026335,0.291571299088907,0,0.310613505347357,0.321804513061102
"1216","GTEX-1A3MX-0011-R3b-SM-79OOW",0.614786748993267,0.226575921934617,0,0,0.158637329072116
"1217","GTEX-1A3MX-0011-R4b-SM-7EWFK",0.246549334413705,0.355407463258071,0,0.139584150077207,0.258459052251016
"1218","GTEX-1A3MX-0011-R5a-SM-79OM5",0.150984112432834,0.372863143041613,0,0.228528824077772,0.247623920447781
"1219","GTEX-1A3MX-0011-R6a-SM-7P8S9",0.46952624270383,0.247223773652206,0.00116099827963411,0.0316606422650976,0.250428343099232
"1220","GTEX-1A3MX-0011-R7a-SM-7DUEM",0.111811691708388,0.37207454322662,0,0.245627917199142,0.270485847865849
"1221","GTEX-1A3MX-0011-R8a-SM-7P8PI",0.568779854386315,0.061195993810831,0,0.0370409013561147,0.33298325044674
"1222","GTEX-1A3MX-2926-SM-718B7",0.543374183674215,0.224422640160266,0,0.00627638456959309,0.225926791595926
"1223","GTEX-1A3MX-3026-SM-731BF",0.446533573284376,0.176293005978803,0,0.173873379173189,0.203300041563633
"1224","GTEX-1A8G6-0011-R10b-SM-7P8PB",0.48437821218926,0.299484323085792,0,0.00341965731360521,0.212717807411342
"1225","GTEX-1A8G6-0011-R1a-SM-7P8PC",0.19310699644616,0.109546336504607,0,0.440146035072275,0.257200631976958
"1226","GTEX-1A8G6-0011-R5b-SM-7IGQG",0.016604032826319,0.539177738326587,0,0.114008340288449,0.330209888558645
"1227","GTEX-1A8G6-0011-R6b-SM-7P8PE",0.00124388348614727,0.616595922613011,0,0.0552317288623883,0.326928465038453
"1228","GTEX-1A8G6-0011-R7b-SM-7MXTV",0,0.370415238914945,0,0.276324891961957,0.353259869123098
"1229","GTEX-1A8G6-0011-R8a-SM-7P8PD",0.346256528623172,0.0563719737999512,0,0.360144014794541,0.237227482782336
"1230","GTEX-1A8G6-2926-SM-731CK",0.227417109915576,0.449425745234474,0,0.0444650454649565,0.278692099384994
"1231","GTEX-1A8G6-3126-SM-731D8",0.583054702746323,0.236296896499579,0,0.00123700430331909,0.179411396450779
"1232","GTEX-1A8G7-0011-R2a-SM-7IGQI",0,0.13353936967611,0.00912744634365157,0.529142612999543,0.328190570980696
"1233","GTEX-1A8G7-0011-R8a-SM-7P8S6",0.427558854529872,0.105516012771952,0,0.205812553912317,0.261112578785859
"1234","GTEX-1A8G7-0011-R9b-SM-7IGQH",0,0,0.146994807041563,0.596379919804065,0.256625273154372
"1235","GTEX-1A8G7-3026-SM-73KTT",0.366987957637132,0.225687918014474,0,0.089877964668085,0.317446159680309
"1236","GTEX-1A8G7-3126-SM-7IGP7",0.175357063463273,0.447656436396235,0,0.033071848388418,0.343914651752074
"1237","GTEX-1AX9I-0011-R11b-SM-7DHN4",0.726729062837198,0.0802750490342584,0,0.0866428720009447,0.1063530161276
"1238","GTEX-1AX9I-0011-R1b-SM-7RHG2",0.396810068867404,0.0242107774095759,0,0.409775741166214,0.169203412556806
"1239","GTEX-1AX9I-0011-R4b-SM-7EPIB",0.463469957888918,0.161137088952238,0,0.165310076614334,0.210082876544511
"1240","GTEX-1AX9I-0011-R5b-SM-793DI",0.558284364837677,0.142314276820085,0,0.164794617292716,0.134606741049522
"1241","GTEX-1AX9I-0011-R6a-SM-7P8PK",0.507062704392942,0.194553192851825,0.00101243428603252,0.0655352626293736,0.231836405839827
"1242","GTEX-1AX9I-0011-R7b-SM-7P8Q3",0.401976009520584,0,0,0.337184205477767,0.260839785001648
"1243","GTEX-1AX9I-0011-R8a-SM-7P8PJ",0.475344462604208,0.0865304121142069,0.0107596859814775,0.152635751545413,0.274729687754695
"1244","GTEX-1AX9I-3026-SM-73KUH",0.620868840158219,0.135579646610326,0,0.0417050041912259,0.201846509040229
"1245","GTEX-1B8L1-0011-R10b-SM-7P8Q4",0.810173897856804,0,0,0.0380241962899824,0.151801905853214
"1246","GTEX-1B8L1-0011-R11b-SM-793DJ",0.763730036967458,0,0,0.0911242924634946,0.145145670569047
"1247","GTEX-1B8L1-0011-R1a-SM-7P8SS",0.259101799933299,0.163757999641558,0,0.303806173761176,0.273334026663968
"1248","GTEX-1B8L1-0011-R2a-SM-9OSVL",0.410395850617645,0.0996759179271313,0,0.260439237816719,0.229488993638505
"1249","GTEX-1B8L1-0011-R3a-SM-7EPIO",0.73826556689809,0.0398070369038434,0,0.020330485268323,0.201596910929743
"1250","GTEX-1B8L1-0011-R4a-SM-7EWFJ",0.370421446625018,0.198726863372093,0,0.164382167812341,0.266469522190548
"1251","GTEX-1B8L1-0011-R5a-SM-7DHN5",0.337553746704069,0.261326276459582,0,0.181020550390709,0.22009942644564
"1252","GTEX-1B8L1-0011-R6b-SM-7P8SU",0.641338151548015,0.135376513224091,0,0.0668366939247157,0.156448641303178
"1253","GTEX-1B8L1-0011-R7b-SM-9OSVK",0.302797267001,0.123918735982381,0,0.262528057854708,0.310755939161911
"1254","GTEX-1B8L1-0011-R8b-SM-7P8ST",0.637725565179688,0,0,0.105909657825041,0.256364776995271
"1255","GTEX-1B8L1-0011-R9b-SM-9WG5U",0,0.0179598427283371,0.0262866492932877,0.820649242398856,0.135104265579519
"1256","GTEX-1B8L1-3026-SM-7EPHK",0.676324453105224,0.103886087417148,0,0.0097152860459661,0.210074173431662
"1257","GTEX-1B8L1-3226-SM-7P8OX",0.68867832644559,0.0721184105871567,0,0.0552438447681414,0.183959418199112
"1258","GTEX-1B8SF-0011-R10b-SM-7P8SW",0.833495641449873,0.00899986714037697,0,0,0.157504491409751
"1259","GTEX-1B8SF-0011-R11a-SM-79OOP",0.861961510774173,0,0,0.0140376605995786,0.124000828626248
"1260","GTEX-1B8SF-0011-R1b-SM-7P8Q8",0.322158621394883,0.0106922808871083,0,0.431215082148529,0.235934015569479
"1261","GTEX-1B8SF-0011-R5a-SM-79OOO",0.265648632648847,0.398466723815784,0,0.0630947343629263,0.272789909172443
"1262","GTEX-1B8SF-0011-R6b-SM-7MXUD",0.420401758969694,0.343579418865452,0,0.0285855832165642,0.20743323894829
"1263","GTEX-1B8SF-0011-R7b-SM-9OSVM",0.168882924085623,0.308177153749203,0,0.181166209152128,0.341773713013046
"1264","GTEX-1B8SF-0011-R8b-SM-7P8SX",0.0795357109205028,0.0738318536901275,0,0.562578372911457,0.284054062477913
"1265","GTEX-1B8SF-3026-SM-731DX",0.768926142443074,0.0755430144203725,0,0.0138969685918584,0.141633874544696
"1266","GTEX-1B8SF-3126-SM-73KU1",0.59806130055723,0.218550025858427,0,0,0.183388673584343
"1267","GTEX-1B8SG-0011-R11a-SM-7P8PF",0.632943098379915,0.0467267339854426,0,0.122996273701373,0.19733389393327
"1268","GTEX-1B8SG-0011-R2b-SM-79OOT",0,0.201370015819075,0,0.43579604013771,0.362833944043215
"1269","GTEX-1B8SG-0011-R8b-SM-7IGNW",0,0.291651388226289,0,0.374910148865069,0.333438462908643
"1270","GTEX-1B8SG-1726-SM-73KXK",0.311627679505047,0.441102744128341,0,0.0477487684075062,0.199520807959106
"1271","GTEX-1B8SG-1926-SM-73KUB",0.669445171856522,0.106100828938065,0,0.0154690875437866,0.208984911661626
"1272","GTEX-1B933-0011-R10b-SM-9OSVN",0.706740500246239,0.0887781620276944,0,0.0529441000533009,0.151537237672766
"1273","GTEX-1B933-0011-R11a-SM-7P8PM",0.767191771908427,0.0167936850154172,0.00711191639266101,0.0467931720103702,0.162109454673125
"1274","GTEX-1B933-0011-R1b-SM-9QEGW",0.185131148504274,0.165903769273807,0,0.385577798935786,0.263387283286133
"1275","GTEX-1B933-0011-R2b-SM-7IGNM",0.291041029554858,0.129648381293281,0,0.322969025030839,0.256341564121022
"1276","GTEX-1B933-0011-R3b-SM-7P8PL",0.698058818962761,0.109598891687454,0,0.0055832058827919,0.186759083466993
"1277","GTEX-1B933-0011-R5b-SM-7P8SA",0.476425814252371,0.180163051211322,0,0.071859358500477,0.27155177603583
"1278","GTEX-1B933-0011-R6b-SM-79OOQ",0.525095743933216,0.259984982719025,0,0.0252696381516673,0.189649635196092
"1279","GTEX-1B933-0011-R7a-SM-7DUGX",0.383786251572954,0.220721600884336,0,0.159979371717763,0.235512775824947
"1280","GTEX-1B933-0011-R8a-SM-9QEGX",0.449636131466066,0.122920390975695,0.0163977555545778,0.150679731855217,0.260365990148443
"1281","GTEX-1B933-0011-R9a-SM-79OOR",0,0.0413346139319778,0.00541230397997071,0.76558631725397,0.187666764834081
"1282","GTEX-1B933-3026-SM-731DB",0.742579881171441,0.0869934542010047,0,0.0735899373245858,0.0968367273029686
"1283","GTEX-1B933-3126-SM-7P8RL",0.730821579030833,0,0,0.0878257620790236,0.181352658890143
"1284","GTEX-1B996-0011-R10b-SM-CJI3T",0.425058321236954,0.231842209522062,0.016651810863885,0,0.326447658377099
"1285","GTEX-1B996-0011-R1b-SM-7P8PO",0.103589646334335,0.21389873621147,0.0131706579012005,0.274999760124154,0.394341199428842
"1286","GTEX-1B996-0011-R2a-SM-7IGON",0,0.312703055112825,0,0.369578794190833,0.317718150696342
"1287","GTEX-1B996-0011-R3b-SM-9QEGY",0.291985277097163,0.297957076109833,0.0066997182019601,0.0255166771662176,0.377841251424826
"1288","GTEX-1B996-0011-R4b-SM-9OSVO",0.230998065901559,0.164707545176093,0.00533099998907391,0.255602259162775,0.343361129770499
"1289","GTEX-1B996-0011-R5a-SM-7P8PN",0.290056730128057,0.151905045488397,0.00486535700982066,0.142089662930663,0.411083204443062
"1290","GTEX-1B996-0011-R6b-SM-793AQ",0.404737302119837,0.276509810729008,0.013031794315938,0.0518453359984621,0.253875756836755
"1291","GTEX-1B996-0011-R7b-SM-7IGNT",0.216948132647591,0.113275187119913,0,0.27083296358326,0.398943716649236
"1292","GTEX-1B996-0011-R8b-SM-79OOS",0.22785653259448,0.178184781556345,0,0.247034345646319,0.346924340202856
"1293","GTEX-1B996-2926-SM-7MXUH",0.361251488959636,0.219250780121283,0,0.0787495762274873,0.340748154691594
"1294","GTEX-1BAJH-0011-R10a-SM-7MXT9",0.441862828383205,0.241953551454229,0,0.0307338956169562,0.28544972454561
"1295","GTEX-1BAJH-0011-R11b-SM-7IGLM",0.752168340216809,0.0270425095877382,0,0.0305581042790573,0.190231045916396
"1296","GTEX-1BAJH-0011-R1a-SM-7P8SV",0,0.198505085881929,0,0.541300914605836,0.260193999512235
"1297","GTEX-1BAJH-0011-R3a-SM-7IGNU",0.349230111914639,0.401372808246489,0,0,0.249397079838873
"1298","GTEX-1BAJH-0011-R6b-SM-7MXT2",0.2943958234127,0.324633998417057,0,0.0490487913625241,0.331921386807719
"1299","GTEX-1BAJH-0011-R8a-SM-7MXUB",0.380282724260623,0.113808870284099,0.00454000248389134,0.0766271406247586,0.424741262346629
"1300","GTEX-1BAJH-0011-R9b-SM-7EPIQ",0,0.0680235773515635,0.0546391724943869,0.654686147928825,0.222651102225225
"1301","GTEX-1BAJH-3126-SM-7MGXY",0.290773641966908,0.0773646263365713,0,0.298768062648344,0.333093669048177
"1302","GTEX-1C64N-0011-R11b-SM-7P8Q6",0.762817912382456,0.0197861841610541,0.00568458057412637,0.0440679248679218,0.167643398014442
"1303","GTEX-1C64N-0011-R1b-SM-7P8Q7",0.0659651253650386,0.228796651233254,0,0.426085948439507,0.2791522749622
"1304","GTEX-1C64N-0011-R6a-SM-7IGO9",0.00431133853209453,0.611805178530661,0,0.0534452066030708,0.330438276334173
"1305","GTEX-1C64N-0011-R7a-SM-7IGOI",0,0.498569543492951,0,0.133380044223504,0.368050412283545
"1306","GTEX-1C64N-0011-R8b-SM-7MGXE",0,0.230102202946642,0,0.352907056576931,0.416990740476426
"1307","GTEX-1C64N-3026-SM-7MGVU",0.148580598686466,0.606309441331142,0,0.0148819044532507,0.230228055529141
"1308","GTEX-1C64N-3126-SM-79OO3",0.641174462653163,0.150859292687969,0,0.0272549120787179,0.18071133258015
"1309","GTEX-1C6VQ-0011-R10b-SM-7P8Q1",0.0906041612334815,0.625832426087478,0,0.0295775024290307,0.25398591025001
"1310","GTEX-1C6VQ-0011-R1a-SM-7P8Q2",0,0.0611026542088089,0,0.679941162772386,0.258956183018805
"1311","GTEX-1C6VQ-0011-R9a-SM-7SB85",0,0.0827031577022759,0.0105049231567658,0.700985970258248,0.20580594888271
"1312","GTEX-1C6VQ-3026-SM-7IGPU",0.114912580864902,0.572858192035963,0,0.00362016589800411,0.308609061201131
"1313","GTEX-1C6VR-0011-R10b-SM-7P8QA",0.457366189538714,0.258236291031941,0,0.0763041859088898,0.208093333520455
"1314","GTEX-1C6VR-0011-R1a-SM-7MXUE",0.20486073125212,0.198443223540165,0,0.367884793401609,0.228811251806106
"1315","GTEX-1C6VR-0011-R2a-SM-7RHGZ",0,0.326143264292266,0,0.327697380747229,0.346159354960504
"1316","GTEX-1C6VR-0011-R4b-SM-9QEGZ",0.069058806926591,0.324473145863166,0,0.377227221907758,0.229240825302485
"1317","GTEX-1C6VR-0011-R5a-SM-9QEH1",0,0.542713665629009,0,0.143553999633234,0.313732334737757
"1318","GTEX-1C6VR-0011-R6a-SM-7MXU8",0.412321919400409,0.319899582655485,0,0.0403964991421267,0.227381998801979
"1319","GTEX-1C6VR-0011-R8b-SM-7MXUF",0.467859494808357,0.113232116635879,0.00809062785957568,0.115595263784102,0.295222496912086
"1320","GTEX-1C6VR-3026-SM-7IGLW",0.519983788983975,0.173755614759524,0,0.0639549016862607,0.24230569457024
"1321","GTEX-1C6VS-0011-R5a-SM-7MXU9",0,0.402039429151552,0,0.147057004981775,0.450903565866673
"1322","GTEX-1C6VS-0011-R9b-SM-9WG5W",0,0.0113185669399595,0,0.737760337637376,0.250921095422665
"1323","GTEX-1C6VS-3026-SM-79OLA",0.0700558967074794,0.48645716491842,0,0.0335159051764793,0.409971033197621
"1324","GTEX-1C6WA-0011-R3a-SM-9OSVP",0.682744529056994,0.0414987397992179,0,0.0435241265436193,0.232232604600169
"1325","GTEX-1C6WA-0011-R4a-SM-9QEH2",0.339080415253854,0.082887582961958,0.0289974056169854,0.249827414005847,0.299207182161356
"1326","GTEX-1C6WA-0011-R5a-SM-9WG5X",0.486455409230793,0,0.0332013839592516,0.209443366502847,0.270899840307108
"1327","GTEX-1C6WA-0011-R6a-SM-7PBYP",0.212533005317283,0.0785185402396681,0.0229167549495519,0.525876921545996,0.160154777947501
"1328","GTEX-1C6WA-0011-R7b-SM-7P8S8",0.375459051341481,0,0.0344029762465562,0.329637445542739,0.260500526869224
"1329","GTEX-1C6WA-0011-R8b-SM-7P8S7",0.666784863315608,0.00449434423159658,0.0457927562216168,0.0839042132406526,0.199023822990526
"1330","GTEX-1C6WA-3026-SM-7P8RQ",0.623631607654017,0,0,0.132206622323041,0.244161770022941
"1331","GTEX-1C6WA-3326-SM-7MKGN",0.735483791392624,0,0.00820978848039067,0.0830886562776277,0.173217763849358
"1332","GTEX-1CAMQ-0011-R8a-SM-ARU85",0,0.0582312944800595,0,0.418202728525242,0.523565976994699
"1333","GTEX-1CAMQ-0011-R9a-SM-9WG5Z",0,0.00866883609616608,0,0.800251504785016,0.191079659118817
"1334","GTEX-1CAV2-0011-R11a-SM-ARU8D",0.262068194943168,0.20392600224323,0,0.162062529719653,0.371943273093948
"1335","GTEX-1CAV2-0011-R1a-SM-ARZML",0,0.290039863419304,0,0.291117528989221,0.418842607591475
"1336","GTEX-1CAV2-0011-R5b-SM-9QEH4",0,0.359815979696214,0,0.164153995250439,0.476030025053347
"1337","GTEX-1CAV2-0011-R9b-SM-9WG5M",0,0.00035285237957214,0,0.845230025598716,0.154417122021712
"1338","GTEX-1CAV2-2726-SM-7IGNN",0,0.557740574906253,0,0.110971441516707,0.331287983577039
"1339","GTEX-1CB4G-0011-R10a-SM-9QEHS",0.734927886282287,0.055669678358909,0,0.0496712059814792,0.159731229377325
"1340","GTEX-1CB4G-0011-R11a-SM-9OSWG",0.723612333532464,0.0610532260570836,0,0.0493343736372174,0.166000066773235
"1341","GTEX-1CB4G-0011-R1b-SM-9QEHT",0.457249074419565,0.0588573661770818,0,0.2418451526111,0.242048406792254
"1342","GTEX-1CB4G-0011-R2a-SM-9QEGQ",0.137024409645367,0.0935980219988992,0.00257442492339459,0.425431175560694,0.341371967871646
"1343","GTEX-1CB4G-0011-R3a-SM-CE6QQ",0.359847619095736,0.378741872797771,0,0.0253880969027464,0.236022411203747
"1344","GTEX-1CB4G-0011-R4b-SM-CJI28",0.173851542260695,0.208185765392807,0,0.364598821131686,0.253363871214812
"1345","GTEX-1CB4G-0011-R5a-SM-CKZNM",0.154132014394798,0.334128268112484,0,0.1928994568088,0.318840260683918
"1346","GTEX-1CB4G-0011-R6b-SM-9QEGO",0.392774463849582,0.314485406550102,0,0.0519024987231806,0.240837630877136
"1347","GTEX-1CB4G-0011-R7b-SM-9QEGP",0.174481936710295,0.276098417362076,0,0.23452342761763,0.314896218309999
"1348","GTEX-1CB4G-0011-R8b-SM-9WG7H",0.092848439139917,0.104272667104658,0,0.516233496591983,0.286645397163442
"1349","GTEX-1CB4G-2926-SM-7MKFQ",0.637121499960946,0.119664966872472,0,0.0705265852936267,0.172686947872955
"1350","GTEX-1CB4H-0011-R10b-SM-9QEH3",0.465991974749251,0.25518271056488,0,0.0368939420420192,0.24193137264385
"1351","GTEX-1CB4H-0011-R3b-SM-9OSVI",0.468770567230541,0.223910226321385,0,0.00721974624249037,0.300099460205583
"1352","GTEX-1CB4H-0011-R5b-SM-9QEGN",0.0110382629896332,0.432719124310103,0,0.204262601014295,0.351980011685969
"1353","GTEX-1CB4H-0011-R6b-SM-CKZNK",0,0.461514869289588,0,0.0965058583521904,0.441979272358222
"1354","GTEX-1CB4H-0011-R7b-SM-CJI27",0,0.398894095513186,0,0.215691233860223,0.385414670626592
"1355","GTEX-1CB4H-0011-R8b-SM-CJI26",0.0860273521488897,0.134373729536247,0,0.189872424440683,0.58972649387418
"1356","GTEX-1CB4H-0011-R9a-SM-CKZNL",0,0.029256503487652,0.0597372701137717,0.536454119355409,0.374552107043167
"1357","GTEX-1CB4H-3026-SM-79OLX",0.491290433299302,0.242597198163461,0,0.00800910746444788,0.258103261072789
"1358","GTEX-1CB4H-3126-SM-7IGN4",0.307658740455751,0.27836916337113,0,0.0416545762017953,0.372317519971324
"1359","GTEX-1CB4J-0011-R10a-SM-9WG63",0,0.216148825811057,0.0325431592616536,0.22918983326323,0.522118181664059
"1360","GTEX-1CB4J-0011-R1a-SM-9WG64",0,0.117442092816325,0.0348621039521544,0.374443028763517,0.473252774468003
"1361","GTEX-1CB4J-0011-R4b-SM-9WG5P",0,0.171025292373417,0.0659807770918974,0.187446776925599,0.575547153609086
"1362","GTEX-1CB4J-0011-R6b-SM-9WG7B",0,0.400339759909662,0.0333954326669114,0,0.566264807423427
"1363","GTEX-1CB4J-0011-R8a-SM-9QEHU",0.0266561249303437,0.085896279021205,0.0511972807995851,0.176814358021487,0.659435957227379
"1364","GTEX-1E1VI-0011-R10b-SM-ARU8F",0.65891577698748,0.0736355414128936,0,0.0730527040044495,0.194395977595177
"1365","GTEX-1E1VI-0011-R11a-SM-9OSWI",0.750467480150157,0.0384819171296512,0.00257773910565493,0.0325456843582246,0.175927179256312
"1366","GTEX-1E1VI-0011-R1a-SM-ARZMM",0.162912531642191,0.0574331538142238,0,0.521382208838014,0.258272105705571
"1367","GTEX-1E1VI-0011-R2a-SM-9QEGS",0.146900074461575,0.148801668770322,0,0.358806106589333,0.34549215017877
"1368","GTEX-1E1VI-0011-R3a-SM-9OSWH",0.475973710637171,0.28880450091408,0,0,0.235221788448749
"1369","GTEX-1E1VI-0011-R4b-SM-9QEHV",0.296038281948455,0.135012593852937,0,0.279183768031418,0.289765356167191
"1370","GTEX-1E1VI-0011-R5b-SM-9WG5V",0,0.288102123785119,0,0.368638862593731,0.34325901362115
"1371","GTEX-1E1VI-0011-R6a-SM-9OSVJ",0.275325923005796,0.376506926813764,0,0.0571645960189776,0.291002554161462
"1372","GTEX-1E1VI-0011-R7b-SM-9QEGR",0,0.480055932906092,0,0.159724921512464,0.360219145581445
"1373","GTEX-1E1VI-0011-R8b-SM-ARU8E",0.441226575676591,0.151227738912133,0,0.111157774867976,0.2963879105433
"1374","GTEX-1E1VI-2926-SM-7IGLT",0.505538866246582,0.0637223821450855,0,0.00468416153127146,0.426054590077061
"1375","GTEX-1E1VI-3026-SM-7RHHU",0.437403756706115,0.290166450869652,0,0.0216912126646224,0.25073857975961
"1376","GTEX-1E2YA-0011-R1b-SM-CJI29",0,0.0792414939604932,0,0.609649745069278,0.311108760970229
"1377","GTEX-1E2YA-0011-R5a-SM-9QEGT",0,0.324666598715792,0.0010813024032543,0.22536662996755,0.448885468913403
"1378","GTEX-1E2YA-0011-R6b-SM-CE6R2",0,0.263321151524519,0,0.0720382585309078,0.664640589944573
"1379","GTEX-1E2YA-0011-R7a-SM-CJI1Z",0,0.219142812955102,0,0.209465429328813,0.571391757716085
"1380","GTEX-1E2YA-0011-R8a-SM-CKZNG",0.159584571032016,0.149780428583761,0,0.240533225467909,0.450101774916314
"1381","GTEX-1E2YA-2926-SM-7MGWX",0.363223375442687,0.176441693614947,0,0.0772161754670712,0.383118755475295
"1382","GTEX-1E2YA-3026-SM-7IGO7",0.0312863841037606,0.422121455349223,0,0.104515143865738,0.442077016681278
"1383","GTEX-1EH9U-0011-R10a-SM-CJI2A",0.277977448958391,0.404365776581609,0,0.0509406532377946,0.266716121222205
"1384","GTEX-1EH9U-0011-R1b-SM-CJI2B",0.00112582398519637,0.138471594457652,0,0.431760221370036,0.428642360187115
"1385","GTEX-1EH9U-0011-R3b-SM-CL534",0,0.384320347566308,0,0.321367080270185,0.294312572163508
"1386","GTEX-1EH9U-0011-R5a-SM-CJI2K",0,0.460641541721628,0,0.0915175072677382,0.447840951010634
"1387","GTEX-1EH9U-0011-R6a-SM-CJI2C",0,0.533051929393505,0,0.0433207544813612,0.423627316125134
"1388","GTEX-1EH9U-0011-R7a-SM-9QEGU",0,0.412990982473162,0,0.150472286657314,0.436536730869525
"1389","GTEX-1EH9U-0011-R9b-SM-9WG5T",0,0.118224869562565,0,0.638390227130221,0.243384903307215
"1390","GTEX-1EH9U-3126-SM-7MXU5",0.142646874725246,0.340696521721462,0,0,0.516656603553292
"1391","GTEX-1EKGG-0011-R11a-SM-9QEHZ",0.623006053959529,0.0997369693273492,0,0.103026630334494,0.174230346378627
"1392","GTEX-1EKGG-0011-R1b-SM-9QEI1",0.13245437209678,0.206371458540605,0,0.412508406355881,0.248665763006734
"1393","GTEX-1EKGG-0011-R2a-SM-CE6R8",0.128255306774988,0.309050047909409,0,0.211272221369295,0.351422423946308
"1394","GTEX-1EKGG-0011-R5a-SM-9OSVQ",0.056620986074621,0.477712915565687,0,0.170097949010691,0.295568149349001
"1395","GTEX-1EKGG-0011-R6a-SM-CL538",0.312851995262255,0.389098060870329,0,0.105240854932702,0.192809088934714
"1396","GTEX-1EKGG-0011-R7a-SM-CKZNN",0.108693848276448,0.422978569682374,0,0.253747237601366,0.214580344439812
"1397","GTEX-1EKGG-0011-R9a-SM-CMKFV",0,0.0447240126327335,0,0.781744305236813,0.173531682130454
"1398","GTEX-1EKGG-2926-SM-7EPIH",0.352701942743678,0.285551569744636,0,0.03306676982953,0.328679717682156
"1399","GTEX-1EKGG-3126-SM-9WPO5",0.575734943410685,0.117278174931271,0,0.144515141925395,0.162471739732649
"1400","GTEX-1EMGI-0011-R10a-SM-9OSWY",0.764642772255348,0.013990222056812,0,0.0431594082280257,0.178207597459814
"1401","GTEX-1EMGI-0011-R11b-SM-9OSWX",0.628034938080735,0.0546772129584621,0.00433434262904903,0.096738337060921,0.216215169270833
"1402","GTEX-1EMGI-0011-R1b-SM-9OSWZ",0.530434495544485,0.0722096460088254,0.0125783670338063,0.183269973314533,0.201507518098351
"1403","GTEX-1EMGI-0011-R2b-SM-9OSVS",0.297329195511738,0.0656169291441914,0.00525706485336649,0.300214659526257,0.331582150964447
"1404","GTEX-1EMGI-0011-R3b-SM-CE6R9",0.626441511112457,0.162933303654028,0,0.00814778104991538,0.202477404183599
"1405","GTEX-1EMGI-0011-R4b-SM-CJI2D",0.252049975973248,0.319397432978612,0,0.154915494107032,0.273637096941107
"1406","GTEX-1EMGI-0011-R5a-SM-CJI2E",0.491726174914611,0.209856525327825,0.0110914916461697,0.0690377906127567,0.218288017498637
"1407","GTEX-1EMGI-0011-R6a-SM-9OSVR",0.378529795610687,0.311342637305054,0,0.0443583684966221,0.265769198587637
"1408","GTEX-1EMGI-0011-R7b-SM-9QEH5",0.309356079240371,0.129756005991334,0,0.288729301141223,0.272158613627073
"1409","GTEX-1EMGI-0011-R8b-SM-9QEID",0.281075547938915,0.0515620113720741,0,0.366581700483564,0.300780740205447
"1410","GTEX-1EMGI-3026-SM-7P8P6",0.666725046452496,0.0397432818352357,0,0.0246381208553799,0.268893550856889
"1411","GTEX-1EMGI-3126-SM-7MXUR",0.560865366016913,0.0777287931925337,0.00482339133046066,0.0764273652354787,0.280155084224614
"1412","GTEX-1EN7A-0011-R3a-SM-9OSVT",0.0160049353350051,0.635489320320368,0,0.0421185182963402,0.306387226048286
"1413","GTEX-1EN7A-0011-R5a-SM-9QEH6",0,0.391652815875181,0,0.284074858115767,0.324272326009052
"1414","GTEX-1EN7A-0011-R6b-SM-9QEHW",0,0.354599076016052,0,0.409588193206572,0.235812730777376
"1415","GTEX-1EN7A-0011-R7b-SM-9QEHX",0,0.412544877668065,0,0.265162926057333,0.322292196274602
"1416","GTEX-1EN7A-3026-SM-7PBYT",0.127547889243864,0.620448324326431,0,0.0221757340568276,0.229828052372877
"1417","GTEX-1EU9M-0011-R2b-SM-9QEH7",0.023011656225866,0.176891945413731,0,0.43063006873692,0.369466329623483
"1418","GTEX-1EU9M-0011-R3a-SM-9QEHY",0.18863349491054,0.470172398722898,0,0.0818209555745256,0.259373150792036
"1419","GTEX-1EU9M-0011-R7b-SM-9OSVU",0,0.428723789098316,0,0.232155479495228,0.339120731406456
"1420","GTEX-1EU9M-0011-R9a-SM-9WG61",0,0.0506823084713818,0,0.787123060027071,0.162194631501547
"1421","GTEX-1EU9M-2926-SM-793DF",0.685244936990042,0.151277869647913,0,0.00955329847735024,0.153923894884695
"1422","GTEX-1EWIQ-0011-R1a-SM-9OSX7",0.56230272940561,0.169531445002608,0,0.00300297789868122,0.265162847693101
"1423","GTEX-1EWIQ-0011-R6a-SM-ARU8G",0,0.32952365016208,0,0.221501597943125,0.448974751894794
"1424","GTEX-1EWIQ-0011-R9a-SM-ARL8L",0,0.024805019972905,0.00194725424551379,0.793026368917626,0.180221356863955
"1425","GTEX-1EWIQ-3026-SM-7IGOJ",0.430592105986736,0.154217883024409,0,0.0705737994537444,0.34461621153511
"1426","GTEX-1EWIQ-3126-SM-7MXTI",0.423832249388789,0.298063461673062,0,0.00741020768214076,0.270694081256008
"1427","GTEX-1EX96-0011-R10b-SM-CE6QR",0.721554698554802,0.0118529048835666,0,0.0656343979236256,0.200957998638005
"1428","GTEX-1EX96-0011-R1a-SM-CE6R5",0.518311252074711,0,0,0.186430135906554,0.295258612018735
"1429","GTEX-1EX96-0011-R3b-SM-ARZMH",0.4977318776538,0.131858465122646,0,0.129320657267229,0.241088999956325
"1430","GTEX-1EX96-0011-R4a-SM-ARU82",0.067065845392368,0.338937018704991,0,0.256889990473906,0.337107145428735
"1431","GTEX-1EX96-0011-R5a-SM-ARU83",0.550896326866244,0.0145676189621455,0.0319712371862138,0.0652247476264847,0.337340069358912
"1432","GTEX-1EX96-0011-R6a-SM-9OSVV",0.402738363325271,0.272138443129349,0,0.0608844378746817,0.264238755670698
"1433","GTEX-1EX96-0011-R7a-SM-9OSVW",0.0645905520865551,0.309092152539168,0,0.282970106197251,0.343347189177026
"1434","GTEX-1EX96-3026-SM-7RHH5",0.513416849200928,0.0554591569025808,0,0.0609629038248578,0.370161090071633
"1435","GTEX-1EX96-3126-SM-9JGGC",0.694134123802675,0.090753002319547,0,0.036169396775721,0.178943477102057
"1436","GTEX-1F48J-0011-R10a-SM-9QEIB",0.56897859476922,0.133564986496837,0,0.0999894956058033,0.197466923128139
"1437","GTEX-1F48J-0011-R11b-SM-9OSWV",0.612259158290067,0.0734819724938404,0.0312099093339884,0.101666584073819,0.181382375808285
"1438","GTEX-1F48J-0011-R1a-SM-9QEIC",0.431627916586537,0.152504969942476,0,0.189840681553589,0.226026431917399
"1439","GTEX-1F48J-0011-R2a-SM-CL535",0,0.100464488602539,0.0870171839610582,0.550198325408614,0.262320002027789
"1440","GTEX-1F48J-0011-R3b-SM-9OSVY",0.499288544444276,0.231136610034111,0,0.0226035205617773,0.246971324959836
"1441","GTEX-1F48J-0011-R4b-SM-9OSVX",0.343900430027091,0.132330594976743,0,0.235126286185295,0.28864268881087
"1442","GTEX-1F48J-0011-R5b-SM-9OSVZ",0.0145683749969743,0.28638698403586,0,0.364245112637979,0.334799528329186
"1443","GTEX-1F48J-0011-R6a-SM-CJI2F",0.0695127258920765,0.283613601543136,0.00203609172519935,0.339174739456075,0.305662841383513
"1444","GTEX-1F48J-0011-R7a-SM-CJI2G",0,0.257853200585234,0,0.384990913225907,0.35715588618886
"1445","GTEX-1F48J-0011-R8a-SM-9OSWW",0.317505635517674,0.159532743361405,0,0.239233282254975,0.283728338865947
"1446","GTEX-1F48J-2726-SM-7P8PW",0.513768743605426,0.156747613607864,0,0.058066009172978,0.271417633613731
"1447","GTEX-1F48J-2826-SM-7P8R4",0.568230697123352,0.120524585048395,0,0.0499245114666997,0.261320206361553
"1448","GTEX-1F52S-0011-R11a-SM-CJI23",0.607135690271048,0.10117237272024,0.00441994056015127,0.0776291096650713,0.209642886783489
"1449","GTEX-1F52S-0011-R3a-SM-CKZNI",0.15513218299406,0.340186501826752,0,0.233605778800891,0.271075536378298
"1450","GTEX-1F52S-0011-R5a-SM-CJI22",0,0.408911171867969,0,0.242782966047518,0.348305862084513
"1451","GTEX-1F52S-0011-R7b-SM-9QEH8",0,0.400910347273061,0,0.179402103245488,0.419687549481451
"1452","GTEX-1F52S-0011-R8a-SM-9OSXA",0.388093975934572,0.0966610828497457,0,0.056710998683398,0.458533942532284
"1453","GTEX-1F52S-0011-R9a-SM-9WG62",0,0.0357658232879646,0.0526216167325594,0.665577847701285,0.246034712278191
"1454","GTEX-1F52S-3026-SM-7P8PV",0.677871095519337,0.0891667028304656,0,0.0219333688512103,0.211028832798987
"1455","GTEX-1F52S-3126-SM-7PC3M",0.133363412678667,0.509468501756969,0,0.0347978823971871,0.322370203167177
"1456","GTEX-1F6I4-0011-R10b-SM-9OSWT",0.767110289219203,0.107688130521847,0,0,0.12520158025895
"1457","GTEX-1F6I4-0011-R11b-SM-9OSWS",0.773379806846325,0.04576797755352,0,0.0275801443855335,0.153272071214621
"1458","GTEX-1F6I4-0011-R1a-SM-9OSWU",0.339824867352407,0.0727172959375551,0,0.343095818047841,0.244362018662197
"1459","GTEX-1F6I4-0011-R2a-SM-CL536",0.0911219729368696,0.316017159033181,0,0.329111518637251,0.263749349392699
"1460","GTEX-1F6I4-0011-R3a-SM-9QEH9",0.506464380587426,0.246068423817606,0,0.0334544921282343,0.214012703466734
"1461","GTEX-1F6I4-0011-R5b-SM-9QEHA",0.102567627545873,0.416053710265429,0,0.147684483741233,0.333694178447465
"1462","GTEX-1F6I4-0011-R6a-SM-CE6R4",0.445204886059531,0.323454550509226,0,0.00776727116623606,0.223573292265007
"1463","GTEX-1F6I4-0011-R7a-SM-CJI24",0,0.485494314501939,0,0.177533213284455,0.336972472213605
"1464","GTEX-1F6I4-0011-R8a-SM-9QEIA",0.186229303312381,0.15654425342821,0,0.35416047997459,0.303065963284819
"1465","GTEX-1F6I4-0011-R9a-SM-CMKFU",0,0,0,0.835436807850226,0.164563192149774
"1466","GTEX-1F6I4-3026-SM-7P8SI",0.644395458912723,0.162278386070625,0,0.0268418497179342,0.166484305298718
"1467","GTEX-1F6I4-3126-SM-7P8SD",0.398141659377396,0.409102951155909,0,0.0126077492832944,0.180147640183401
"1468","GTEX-1F6IF-0011-R10a-SM-9QEIN",0.754171320897363,0.0990887768352946,0,0,0.146739902267342
"1469","GTEX-1F6IF-0011-R1b-SM-9WG78",0.0554018986251445,0.15702511805479,0,0.483673848006037,0.303899135314029
"1470","GTEX-1F6IF-0011-R2b-SM-9QEHB",0.0341228976468778,0.166988419435343,0,0.475235289322476,0.323653393595303
"1471","GTEX-1F6IF-0011-R4b-SM-CKZNJ",0.202199272739593,0.422460157888426,0,0.106181512706648,0.269159056665333
"1472","GTEX-1F6IF-0011-R5b-SM-CM2RH",0.520304442581,0.18452250308389,0.0149355403855691,0.0372241837836296,0.243013330165911
"1473","GTEX-1F6IF-0011-R6a-SM-9QEIO",0.458247830261213,0.27249281073243,0,0.0755104169053705,0.193748942100987
"1474","GTEX-1F6IF-0011-R8a-SM-9OSX5",0.579888615372398,0.113859416613748,0,0.052501369996202,0.253750598017651
"1475","GTEX-1F6IF-3026-SM-7P8QN",0.534334464833171,0.133109461061391,0,0,0.332556074105438
"1476","GTEX-1F6RS-3126-SM-9MQK7",0.411394236944582,0.272346340653108,0,0.00121665683153622,0.315042765570774
"1477","GTEX-1F75A-0011-R11a-SM-AHZ35",0.810090093821656,0,0,0.066437302808296,0.123472603370048
"1478","GTEX-1F75A-0011-R1b-SM-CE6RA",0.529446820607935,0.113737220064994,0,0.145977170801211,0.21083878852586
"1479","GTEX-1F75A-0011-R3b-SM-ARL8K",0.659710605203902,0.0465899457349487,0,0.0779381284108699,0.215761320650279
"1480","GTEX-1F75A-0011-R4a-SM-ARL8J",0.311678383147362,0.351018106243259,0,0.0831542252500964,0.254149285359283
"1481","GTEX-1F75A-0011-R5a-SM-ARZMJ",0.430722338017827,0.204988670177336,0,0.122613436821735,0.241675554983102
"1482","GTEX-1F75A-0011-R6b-SM-9QEHD",0.634006062929373,0.0935506830570386,0,0.0689011676400396,0.203542086373549
"1483","GTEX-1F75A-0011-R7b-SM-9QEHE",0.34444361010235,0.176234941260466,0,0.246313235281117,0.233008213356067
"1484","GTEX-1F75A-0011-R8a-SM-CL539",0.0490574636653485,0.0644555984518332,0,0.70478065574569,0.181706282137129
"1485","GTEX-1F75A-2926-SM-7MXVN",0.763098767578498,0,0,0.0756106195191848,0.161290612902317
"1486","GTEX-1F75A-3026-SM-9KNU2",0.729665424063296,0.100194656714179,0,0.016749559740833,0.153390359481692
"1487","GTEX-1F75B-0011-R2a-SM-ARL8I",0,0.105557945784766,0,0.476172438330147,0.418269615885087
"1488","GTEX-1F75B-0011-R5a-SM-9QEHC",0,0.50911792611132,0.00199739991366835,0.0974262517548569,0.391458422220155
"1489","GTEX-1F75B-0011-R6a-SM-ARZMI",0,0.47596848766396,0,0.0978494495425086,0.426182062793531
"1490","GTEX-1F75B-0011-R7a-SM-ARU84",0,0.393216071556117,0,0.137259622505256,0.469524305938627
"1491","GTEX-1F75B-3026-SM-7PBZ7",0.1674488010617,0.507213025093544,0,0.0453993417840132,0.279938832060742
"1492","GTEX-1F75W-0011-R10b-SM-ARU7Z",0.599990791143117,0.199984029917071,0,0.0109575595338223,0.189067619405989
"1493","GTEX-1F75W-0011-R11b-SM-AHZ34",0.773143473597537,0.0111816980018317,0.0121874859831619,0.0187086982354814,0.184778644181988
"1494","GTEX-1F75W-0011-R1a-SM-ARU81",0.0340451647743297,0.352272810730911,0,0.27778274485792,0.33589927963684
"1495","GTEX-1F75W-0011-R5b-SM-9QEGV",0.298477981568202,0.338993361966502,0,0.0903773821337772,0.272151274331519
"1496","GTEX-1F75W-0011-R6a-SM-9QEI5",0.623127107882085,0.113543936732479,0,0.027910259752465,0.235418695632971
"1497","GTEX-1F75W-0011-R7a-SM-9QEI6",0.0934248656712546,0.353472855093137,0,0.286984637540618,0.266117641694991
"1498","GTEX-1F75W-0011-R8a-SM-9QEI4",0.463634922785035,0.100783071761702,0.0120369537339278,0.147739966533361,0.275805085185974
"1499","GTEX-1F75W-3126-SM-7P8SJ",0.776168128393753,0.0249486994636593,0.00042534770618866,0.00263186566402271,0.195825958772376
"1500","GTEX-1F7RK-0011-R10b-SM-ARU7Y",0.829827986060607,0,0,0.0153030990337922,0.154868914905601
"1501","GTEX-1F7RK-0011-R11b-SM-9QEI2",0.803593124762617,0,0,0.0923896452704125,0.104017229966971
"1502","GTEX-1F7RK-0011-R3b-SM-9OSWJ",0.583659903692565,0.0720979465906392,0,0.0964169068929696,0.247825242823826
"1503","GTEX-1F7RK-0011-R4b-SM-9QEI7",0.338771269790387,0.251239374738113,0,0.165025383771232,0.244963971700268
"1504","GTEX-1F7RK-0011-R5b-SM-9WG5S",0.512493544137364,0.158656460830863,0,0.127894495715429,0.200955499316344
"1505","GTEX-1F7RK-0011-R6b-SM-ARZMG",0.550838653324343,0.182367131605092,0,0.0807227670767713,0.186071447993794
"1506","GTEX-1F7RK-1826-SM-7RHI4",0.171261241848166,0.109942050238627,0,0.600975332180172,0.117821375733035
"1507","GTEX-1F88E-0011-R6a-SM-CKZNW",0.228301874606017,0.316656136337674,0,0.118205164554355,0.336836824501954
"1508","GTEX-1F88E-0011-R8a-SM-CJI2H",0.309817599211963,0.163979161458594,0.0468539183792566,0.0221182347916551,0.457231086158531
"1509","GTEX-1F88E-2826-SM-7RHHE",0.174559491268429,0.392402289355094,0,0.101722398814219,0.331315820562258
"1510","GTEX-1F88F-0011-R9b-SM-9WG7L",0,0.0171805990769119,0.0297700434292442,0.795059588384365,0.157989769109479
"1511","GTEX-1GF9V-0011-R10b-SM-CKZNP",0.650482224810534,0.101453283292662,0,0.0395091362267506,0.208555355670054
"1512","GTEX-1GF9V-0011-R1a-SM-CKZNQ",0.0162943285556658,0.356861723593975,0,0.30850136835263,0.318342579497729
"1513","GTEX-1GF9V-0011-R5a-SM-9QEI8",0.110098835796328,0.428920557970628,0,0.195059962881495,0.265920643351549
"1514","GTEX-1GF9V-0011-R6b-SM-CJI2Q",0.330183424583239,0.389876657973207,0,0.0411318705387685,0.238808046904785
"1515","GTEX-1GF9V-0011-R7a-SM-CJI2R",0.0207279898445908,0.36339810876854,0,0.337605737098303,0.278268164288566
"1516","GTEX-1GF9V-0011-R8b-SM-CE6RB",0.597740380219523,0.046950025112814,0.00980770436187596,0.0738858211029546,0.271616069202832
"1517","GTEX-1GF9V-0011-R9a-SM-CL53K",0,0.0359862403925976,0.0185880927147417,0.78969684362983,0.155728823262831
"1518","GTEX-1GF9V-2926-SM-7PBXO",0.359945560705947,0.30258403566139,0,0.0939198426617975,0.243550560970866
"1519","GTEX-1GF9V-3026-SM-7P8R8",0.436033006614515,0.11616810032897,0,0.248932245969552,0.198866647086963
"1520","GTEX-1GF9W-0011-R10a-SM-9OSXH",0.718536078143392,0.131382607232408,0,0,0.1500813146242
"1521","GTEX-1GF9W-0011-R11b-SM-9OSXG",0.625932959051768,0.107676874805993,0.00353337957050739,0.0204523217215449,0.242404464850187
"1522","GTEX-1GF9W-0011-R1a-SM-9QEIQ",0.449990089754013,0.0911205409234074,0,0.189498840382114,0.269390528940466
"1523","GTEX-1GF9W-0011-R3b-SM-CJI2S",0.352408512416322,0.343300626914069,0,0.0210131842571135,0.283277676412495
"1524","GTEX-1GF9W-0011-R4a-SM-CE6RH",0.201190485825999,0.147220684311152,0,0.302469234474927,0.349119595387922
"1525","GTEX-1GF9W-0011-R5a-SM-CKZO4",0.258611710426146,0.354642175333049,0,0.0698978446116022,0.316848269629203
"1526","GTEX-1GF9W-0011-R6b-SM-9QEIE",0.388909353836313,0.251842439913826,0.00614502456477861,0.0532226786704566,0.299880503014626
"1527","GTEX-1GF9W-0011-R7b-SM-9QEIF",0.157353533328596,0.301543872643243,0,0.153983700874121,0.387118893154041
"1528","GTEX-1GF9W-0011-R8b-SM-9QEIR",0.198958066672067,0.0838522033461488,0,0.346425507132399,0.370764222849386
"1529","GTEX-1GF9W-0011-R9b-SM-9WG7J",0,0.0100355135380766,0.0135410222015044,0.638151104256637,0.338272360003782
"1530","GTEX-1GF9W-2626-SM-7P8TA",0.588224421932216,0.180919273395918,0,0.0191139511922915,0.211742353479574
"1531","GTEX-1GF9W-2726-SM-9JGGW",0.376152217962943,0.190134184057167,0.0131023044193528,0,0.420611293560537
"1532","GTEX-1GMR8-0011-R10a-SM-CJI21",0.470189291116608,0.227885259228862,0,0.0574564818614615,0.244468967793069
"1533","GTEX-1GMR8-0011-R11b-SM-9OSX2",0.527363458569727,0.186744049733587,0,0.0742473787580668,0.211645112938619
"1534","GTEX-1GMR8-0011-R1b-SM-CJI2O",0.158245125428596,0.430944290886548,0,0.0912266917941223,0.319583891890734
"1535","GTEX-1GMR8-0011-R2a-SM-CE6RD",0,0.31782138649961,0,0.267499702059918,0.414678911440472
"1536","GTEX-1GMR8-0011-R3b-SM-9QEIG",0.479347684390105,0.255864330885073,0,0,0.264787984724822
"1537","GTEX-1GMR8-0011-R4a-SM-9OSX1",0.19563091667821,0.416271170608906,0,0.0926004777877148,0.29549743492517
"1538","GTEX-1GMR8-0011-R5b-SM-9QEIH",0.111024142881226,0.437414166279162,0,0.118418257896066,0.333143432943547
"1539","GTEX-1GMR8-0011-R6b-SM-CE6RC",0.26721212341235,0.390020202326516,0,0.0340185178780017,0.308749156383132
"1540","GTEX-1GMR8-0011-R7b-SM-CJI2I",0,0.431216388959695,0,0.171847079715324,0.396936531324981
"1541","GTEX-1GMR8-0011-R8a-SM-CKZNX",0.2986234713854,0.217870843315246,0.00406086466533803,0.177818898420825,0.301625922213191
"1542","GTEX-1GMR8-3026-SM-9KNVF",0.567017771036737,0.200327016729129,0,0,0.232655212234134
"1543","GTEX-1GMRU-0011-R10b-SM-CJI2L",0.765064513157221,0.0594917603933462,0,0,0.175443726449433
"1544","GTEX-1GMRU-0011-R11b-SM-C1YQ4",0.741704162641765,0,0.00128507881456199,0.0629481699666231,0.19406258857705
"1545","GTEX-1GMRU-0011-R5a-SM-CKZNS",0.0640771541003216,0.320841150949839,0,0.293312717234878,0.321768977714961
"1546","GTEX-1GMRU-0011-R6b-SM-A9G3B",0.352333268077658,0.284533390571486,0,0.0770386752824426,0.286094666068413
"1547","GTEX-1GMRU-0011-R7b-SM-A96TJ",0,0.294564946664997,0,0.314583369887165,0.390851683447838
"1548","GTEX-1GMRU-3026-SM-7P8TC",0.564160655344366,0.173350307446051,0,0.0677045060175468,0.194784531192036
"1549","GTEX-1GN1U-0011-R10b-SM-CKZNH",0.159514484624848,0.157788067355409,0.0828184293924765,0.0497614685391755,0.550117550088092
"1550","GTEX-1GN1U-0011-R1a-SM-CJI25",0.118793642459503,0.187604392161722,0,0.405379159874852,0.288222805503922
"1551","GTEX-1GN1U-0011-R2a-SM-CL53A",0,0.0785434174206687,0.0246234077761595,0.639908615642422,0.25692455916075
"1552","GTEX-1GN1U-0011-R5a-SM-9QEIS",0.165534633414415,0.11660116314762,0.0503330562715682,0.118849283922474,0.548681863243923
"1553","GTEX-1GN1U-0011-R6a-SM-CKZNO",0.342000216122655,0.26606750863239,0,0.0290624094841378,0.362869865760818
"1554","GTEX-1GN1U-0011-R8a-SM-CL537",0.367547949695799,0.358759243855943,0,0.0406966052835298,0.232996201164728
"1555","GTEX-1GN1U-0011-R9b-SM-CMKFW",0,0.0212084070909218,0.0171337554171487,0.805173486009917,0.156484351482013
"1556","GTEX-1GN1V-0011-R10a-SM-CKZNU",0.173806571084132,0.339748327307944,0,0.0639196549826826,0.422525446625242
"1557","GTEX-1GN1V-0011-R8a-SM-CKZNV",0,0.0283481739874055,0,0.573082538048686,0.398569287963909
"1558","GTEX-1GN1V-3126-SM-7PBZG",0.012940033843895,0.500433553978973,0,0.10725629135771,0.379370120819421
"1559","GTEX-1GN2E-0011-R10a-SM-CE6RI",0.358798623539322,0.332569028778259,0,0.0698619808226369,0.238770366859782
"1560","GTEX-1GN2E-0011-R1b-SM-CE6RJ",0,0.0724504030669362,0,0.67213077001142,0.255418826921643
"1561","GTEX-1GN2E-0011-R2a-SM-9WG7D",0,0.262739762970718,0,0.394828873834516,0.342431363194766
"1562","GTEX-1GN2E-0011-R5b-SM-CJI2M",0.028916857586574,0.460443897902207,0,0.160296875295258,0.350342369215961
"1563","GTEX-1GN2E-0011-R6b-SM-9QEII",0.0648377855365783,0.57944697203879,0,0.134213058369602,0.22150218405503
"1564","GTEX-1GN2E-0011-R7b-SM-9QEIJ",0,0.398935164880107,0,0.251148198938247,0.349916636181646
"1565","GTEX-1GN2E-0011-R8a-SM-CE6RK",0.294483164821137,0.109669567188313,0.00160797306735153,0.102744265164924,0.491495029758275
"1566","GTEX-1GN2E-0011-R9b-SM-9WG7F",0,0.0340309951161268,0.0240494817170764,0.723168916494883,0.218750606671914
"1567","GTEX-1GN2E-3026-SM-9WG6I",0.290326565178323,0.367994383682555,0,0.102321365424456,0.239357685714666
"1568","GTEX-1GN73-0011-R10b-SM-CKZNR",0.642151263904943,0.104790949980888,0,0.0615660549137946,0.191491731200374
"1569","GTEX-1GN73-0011-R11b-SM-9OSX4",0.596691914794532,0.125959649948264,0,0.0820463055640985,0.195302129693106
"1570","GTEX-1GN73-0011-R1a-SM-CKZNT",0.215879254489519,0.178196569254807,0.01191675636969,0.293320011415135,0.300687408470849
"1571","GTEX-1GN73-0011-R2a-SM-CJI2V",0.153959975750477,0.0615079300247733,0,0.480958530019869,0.30357356420488
"1572","GTEX-1GN73-0011-R3b-SM-9QEIL",0.544241572485171,0.228100691559552,0,0,0.227657735955277
"1573","GTEX-1GN73-0011-R4b-SM-9QEIK",0.314776585733193,0.288720465030515,0,0.101650710036553,0.294852239199739
"1574","GTEX-1GN73-0011-R5a-SM-9QEIM",0.38889816691581,0.172772538273866,0,0.145047795212415,0.293281499597908
"1575","GTEX-1GN73-0011-R6b-SM-CJI2T",0.491560652066603,0.199098532401468,0,0.0567907331884863,0.252550082343442
"1576","GTEX-1GN73-0011-R7a-SM-CJI2U",0.207333785404463,0.074430938643202,0,0.392320318480622,0.325914957471713
"1577","GTEX-1GN73-0011-R8b-SM-CKZNY",0.368526205659824,0.0825700795227712,0,0.225027717042289,0.323875997775116
"1578","GTEX-1GN73-0011-R9a-SM-CKZO5",0.186861865738291,0,0,0.641059267926466,0.172078866335243
"1579","GTEX-1GN73-3026-SM-7MXV8",0.535122121226966,0.194009423588453,0,0.0341724539456643,0.236696001238917
"1580","GTEX-1GN73-3126-SM-9KNTY",0.456092650747541,0.196522327512585,0,0.0749034756341796,0.272481546105694
"1581","GTEX-1GPI6-0011-R5a-SM-CJI2W",0,0.507983331244952,0,0.123140789075739,0.36887587967931
"1582","GTEX-1GTWX-0011-R10b-SM-CJI2X",0.511217089656701,0.258734212295149,0,0.027171380120675,0.202877317927476
"1583","GTEX-1GTWX-0011-R11b-SM-C1YQJ",0.498846155410799,0.192054978013152,0,0.126556641075796,0.182542225500254
"1584","GTEX-1GTWX-0011-R1a-SM-CE6RL",0.301850568949952,0.177673413750303,0,0.330659908096308,0.189816109203436
"1585","GTEX-1GTWX-0011-R2b-SM-ADEH5",0,0.226012740902056,0,0.585132956979169,0.188854302118775
"1586","GTEX-1GTWX-0011-R3b-SM-CJI2Z",0.462363712466904,0.337663778457673,0,0.00133915980828801,0.198633349267135
"1587","GTEX-1GTWX-0011-R4a-SM-C1YQI",0.160326638190059,0.450922771212318,0,0.147072109968684,0.241678480628939
"1588","GTEX-1GTWX-0011-R5b-SM-CKZO6",0.237767793427159,0.328170416813084,0,0.171673807304728,0.262387982455028
"1589","GTEX-1GTWX-0011-R6a-SM-A96RN",0.365219473977171,0.334096359994467,0,0.0775609211603391,0.223123244868023
"1590","GTEX-1GTWX-0011-R7a-SM-A96RO",0.141530114884466,0.305079885931093,0,0.315492725296137,0.237897273888304
"1591","GTEX-1GTWX-0011-R8a-SM-CE6RM",0.38047646626589,0.166505737047038,0.0167749963706927,0.0899863178387522,0.346256482477626
"1592","GTEX-1GTWX-0011-R9a-SM-ADEH4",0,0,0,0.897617431209412,0.102382568790588
"1593","GTEX-1GTWX-2926-SM-7MXV4",0.398292146134679,0.268099123690303,0,0.0806626856170314,0.252946044557986
"1594","GTEX-1GZ2Q-0011-R10b-SM-CE6RN",0.667344550171279,0.175704812302628,0,0.00433767959107851,0.152612957935014
"1595","GTEX-1GZ2Q-0011-R1a-SM-CJI2Y",0.296996247243724,0.25511626512987,0,0.213870978474251,0.234016509152156
"1596","GTEX-1GZ2Q-0011-R2b-SM-9OSWO",0,0.4082464522566,0,0.222213525171327,0.369540022572073
"1597","GTEX-1GZ2Q-0011-R3a-SM-A96RP",0.325051681828496,0.38192285296896,0,0.0879984582214669,0.205027006981078
"1598","GTEX-1GZ2Q-0011-R5a-SM-A96RQ",0.175685573049869,0.497981348801005,0,0.0547597933248394,0.271573284824286
"1599","GTEX-1GZ2Q-0011-R6a-SM-9OSWM",0.241185175935609,0.44345925376846,0,0.0488446876890101,0.26651088260692
"1600","GTEX-1GZ2Q-0011-R7b-SM-9OSWN",0,0.369687050392893,0,0.353145917073206,0.277167032533901
"1601","GTEX-1GZ2Q-0011-R8a-SM-CE6RO",0.268892488825115,0.321499162219687,0,0.0947967000637261,0.314811648891472
"1602","GTEX-1GZ2Q-0011-R9a-SM-9WG7A",0,0.00650990582098268,0,0.804567913494834,0.188922180684183
"1603","GTEX-1GZ2Q-3026-SM-9JGG3",0.653721237726927,0.139181696797468,0,0.0771496820057431,0.129947383469862
"1604","GTEX-1GZ2Q-3226-SM-9WG6L",0.470567039875596,0.321024266175894,0,0.00165337683629428,0.206755317112216
"1605","GTEX-1GZ4I-0011-R10a-SM-9OSX3",0.596266161893469,0.236624249706532,0,0.00104909925773739,0.166060489142262
"1606","GTEX-1GZ4I-0011-R11b-SM-9OSWR",0.742686086251322,0.0733678589617266,0,0.0216024302604373,0.162343624526514
"1607","GTEX-1GZ4I-0011-R3b-SM-9OSWP",0.194774103834248,0.416893738004345,0,0.121739880677932,0.266592277483475
"1608","GTEX-1GZ4I-0011-R4a-SM-9QEI9",0.0903954088794675,0.202420291721062,0,0.368936709443799,0.338247589955672
"1609","GTEX-1GZ4I-0011-R5a-SM-9OSWQ",0.108716532645895,0.365585395156698,0,0.224365306494314,0.301332765703093
"1610","GTEX-1GZ4I-0011-R6b-SM-9WG77",0.417065581575512,0.305172108285344,0,0.0688041519994765,0.208958158139668
"1611","GTEX-1GZ4I-0011-R7b-SM-ARU71",0.0171901559569997,0.433585652552303,0,0.132476561225165,0.416747630265533
"1612","GTEX-1GZ4I-0011-R8b-SM-9WG76",0.352253396178623,0.189878674207093,0,0.186804827907365,0.271063101706919
"1613","GTEX-1GZ4I-0011-R9b-SM-B2LY8",0.0193670717456746,0.00135514721031924,0,0.775042246466622,0.204235534577384
"1614","GTEX-1GZ4I-2926-SM-9JGGO",0.620279537565827,0.192916544922144,0,0.0186078085280216,0.168196108984007
"1615","GTEX-1GZ4I-3026-SM-9KNTX",0.576827423399326,0.268754059385273,0,0,0.154418517215401
"1616","GTEX-1GZHY-0011-R11a-SM-C1YRQ",0.714932803394945,0.0151306521360067,0,0.0113375995607713,0.258598944908277
"1617","GTEX-1GZHY-0011-R1a-SM-CE6RR",0,0.0499828747828718,0,0.284722754570583,0.665294370646545
"1618","GTEX-1GZHY-0011-R6a-SM-9OSWL",0.135154823780315,0.262523734435418,0,0.222253162813162,0.380068278971105
"1619","GTEX-1GZHY-0011-R8b-SM-9OSWK",0.20372463110956,0.153041846600836,0,0.056027971750714,0.58720555053889
"1620","GTEX-1GZHY-0011-R9a-SM-9WG5R",0,0.00603524280412864,0,0.858578201758471,0.135386555437401
"1621","GTEX-1GZHY-3026-SM-7MXVA",0.634281226409107,0.0994168125938818,0,0.0235928289743042,0.242709132022707
"1622","GTEX-1GZHY-3126-SM-9QEHH",0.0932459954912752,0.616695934072049,0,0.00338546942521084,0.286672601011465
"1623","GTEX-1H1CY-0011-R10a-SM-CE6SD",0.243477898617,0.269124435764041,0,0.28715688836976,0.200240777249198
"1624","GTEX-1H1CY-0011-R11a-SM-C1YQR",0.83221454710134,0.00388328305021104,0.000188218902310895,0.0137706017204609,0.149943349225677
"1625","GTEX-1H1CY-0011-R1a-SM-CKZOZ",0.0269329279112975,0.202879913319787,0,0.50688152698878,0.263305631780135
"1626","GTEX-1H1CY-0011-R4b-SM-CJI3G",0.0580001480946425,0.119621907959585,0,0.462420344142016,0.359957599803757
"1627","GTEX-1H1CY-0011-R5a-SM-CM2SN",0.0298519499161765,0.390832799032105,0,0.31913640495101,0.260178846100708
"1628","GTEX-1H1CY-0011-R6b-SM-CE6RP",0.410005207940838,0.30829170219145,0,0.0572105695580983,0.224492520309614
"1629","GTEX-1H1CY-0011-R7a-SM-CJI32",0,0.403486391154213,0,0.345332312742198,0.251181296103589
"1630","GTEX-1H1CY-0011-R8b-SM-CJI31",0,0.0672650465647714,0.000192603508057357,0.630551125780296,0.301991224146875
"1631","GTEX-1H1CY-3026-SM-9OSW7",0.693697054583664,0.0830740772578,0,0.0238279418624047,0.199400926296131
"1632","GTEX-1H1DF-0011-R9b-SM-CM2RN",0,0.0166826531938658,0.021643142502368,0.659925626494762,0.301748577809004
"1633","GTEX-1H1DG-0011-R10b-SM-CE6S7",0.627972125481786,0.145531446378973,0,0,0.22649642813924
"1634","GTEX-1H1DG-0011-R11a-SM-C1YQK",0.519221448104334,0.124633019406928,0.0144187660320526,0,0.341726766456685
"1635","GTEX-1H1DG-0011-R1b-SM-CKZP1",0.0127748633695556,0.0824258361286782,0.00368546767726927,0.528140923694886,0.372972909129611
"1636","GTEX-1H1DG-0011-R2a-SM-ADEIQ",0,0.077160903672317,0.0111241951155335,0.671400145969113,0.240314755243036
"1637","GTEX-1H1DG-0011-R4a-SM-CE6RQ",0.0161128809501087,0.13180582546468,0.0341108235195803,0.369226381117919,0.448744088947712
"1638","GTEX-1H1DG-0011-R5b-SM-CJI33",0.20271658822346,0.375081907984874,0,0.0590142914088804,0.363187212382785
"1639","GTEX-1H1DG-0011-R6a-SM-A9SK8",0.353243618714106,0.303196589535168,0.00744256135949288,0.0687739362803076,0.267343294110926
"1640","GTEX-1H1DG-0011-R7b-SM-A96RR",0.0756738205068912,0.328894346339899,0,0.194853215304598,0.400578617848612
"1641","GTEX-1H1DG-0011-R8a-SM-CL54Z",0.0841523422435102,0.0537944678537139,0,0.490272918640489,0.371780271262287
"1642","GTEX-1H1DG-0011-R9b-SM-ACKVB",0,0.0316680255172181,0.0521961247408189,0.564862488674906,0.351273361067057
"1643","GTEX-1H1DG-2826-SM-9JGHB",0.453286750489148,0.2270767874967,0,0,0.319636462014153
"1644","GTEX-1H1DG-2926-SM-9WYU3",0.558015283100085,0.186474666500706,0,0,0.255510050399209
"1645","GTEX-1H1ZS-0011-R10b-SM-A9SK9",0.45555963791586,0.263836505795,0,0.0236727135068068,0.256931142782333
"1646","GTEX-1H1ZS-0011-R11a-SM-C1YQM",0.763225606779238,0.106344184351702,0,0.0274606463383178,0.102969562530743
"1647","GTEX-1H1ZS-0011-R1b-SM-A9G1E",0.409958228838452,0.206599740674222,0,0.149941700788386,0.23350032969894
"1648","GTEX-1H1ZS-0011-R2b-SM-CL54Q",0,0.415283457945358,0,0.279128568540665,0.305587973513977
"1649","GTEX-1H1ZS-0011-R3b-SM-CE6RS",0.336380514693819,0.362985805528214,0,0,0.300633679777967
"1650","GTEX-1H1ZS-0011-R4b-SM-CKZO7",0.168810734521052,0.401716262081028,0,0.138174391672488,0.291298611725432
"1651","GTEX-1H1ZS-0011-R5b-SM-CL53L",0.224046485165504,0.407471481474658,0.00919899303834769,0.101094720259474,0.258188320062016
"1652","GTEX-1H1ZS-0011-R6b-SM-A9G1F",0.333271367528089,0.25170389330703,0,0.130000858596967,0.285023880567915
"1653","GTEX-1H1ZS-0011-R7a-SM-CL54P",0.0973165655746423,0.264805352569406,0,0.32234862917707,0.315529452678882
"1654","GTEX-1H1ZS-0011-R8b-SM-A9SKA",0.238033749114542,0.118770479456347,0.0102993911711387,0.315441488427966,0.317454891830007
"1655","GTEX-1H1ZS-0011-R9a-SM-CM2SO",0,0.151533746042942,0,0.673046861695892,0.175419392261166
"1656","GTEX-1H1ZS-2926-SM-9WPP2",0.580259955347403,0.128322598493106,0,0.0688501801391408,0.22256726602035
"1657","GTEX-1H1ZS-3026-SM-9KNUJ",0.485898870352271,0.245036457352398,0,0.0343167019759637,0.234747970319367
"1658","GTEX-1H23P-0011-R10a-SM-A96RS",0.303102433949689,0.276316124516821,0,0.0890471265277651,0.331534315005725
"1659","GTEX-1H23P-0011-R1a-SM-ACKVC",0,0.0150356934065352,0,0.779238518137997,0.205725788455468
"1660","GTEX-1H23P-0011-R2a-SM-CKZP3",0,0.134157115619774,0,0.321517895965855,0.544324988414371
"1661","GTEX-1H23P-0011-R3b-SM-CL54S",0.0831697328391042,0.652482303613889,0,0.0175403039107407,0.246807659636266
"1662","GTEX-1H23P-0011-R4b-SM-CL54R",0,0.262922442363648,0,0.369875455417952,0.3672021022184
"1663","GTEX-1H23P-0011-R5a-SM-CKZOI",0,0.440348611051061,0,0.225129831675898,0.334521557273041
"1664","GTEX-1H23P-0011-R6b-SM-A9G1H",0,0.381581768730044,0,0.249401652048407,0.369016579221549
"1665","GTEX-1H23P-0011-R7b-SM-CKZP2",0,0.347716817348709,0,0.305098018013765,0.347185164637526
"1666","GTEX-1H23P-0011-R8b-SM-A9G1G",0,0.115398160375854,0,0.410691600202858,0.473910239421288
"1667","GTEX-1H23P-0011-R9a-SM-CM2T1",0,0.0354924446699873,0,0.699924102928358,0.264583452401655
"1668","GTEX-1H23P-2926-SM-9WYU8",0.293473776869467,0.347038935871196,0,0.0439001159190054,0.315587171340331
"1669","GTEX-1H2FU-0011-R3b-SM-CKZP4",0.0144063547434876,0.427051859057133,0,0.107942036833997,0.450599749365382
"1670","GTEX-1H2FU-0011-R4a-SM-CL551",0,0.130920606348561,0,0.383745665411627,0.485333728239812
"1671","GTEX-1H2FU-0011-R5b-SM-CL552",0,0.499842311585071,0.00159119803976083,0.193938882106429,0.304627608268739
"1672","GTEX-1H2FU-0011-R9b-SM-CE6S4",0,0.183629897959345,0.121767496943835,0.352084338309908,0.342518266786912
"1673","GTEX-1H2FU-3126-SM-9WYUJ",0.302756353697414,0.332167598706563,0,0.00585306503168798,0.359222982564334
"1674","GTEX-1H3NZ-0011-R11b-SM-CE6SF",0.736411277519483,0.00954131115323646,0,0.0707740651884056,0.183273346138874
"1675","GTEX-1H3NZ-0011-R1a-SM-CKZP5",0.323756368315127,0,0.0132606665534301,0.422958830522629,0.240024134608814
"1676","GTEX-1H3NZ-0011-R4a-SM-CL54T",0.518751662292488,0.128979798694935,0,0.140677830695394,0.211590708317183
"1677","GTEX-1H3NZ-0011-R5a-SM-CM2SP",0.322296524276742,0.239459579878128,0.00890553247961328,0.110349966723484,0.318988396642033
"1678","GTEX-1H3NZ-0011-R6b-SM-A9G1N",0.397534018757044,0.257424001201559,0.0136497625066749,0.0374629837575771,0.293929233777145
"1679","GTEX-1H3NZ-0011-R7a-SM-A9SKD",0.141911265276297,0.250944661552862,0,0.299472655777294,0.307671417393548
"1680","GTEX-1H3NZ-0011-R8a-SM-CKZP6",0.481813225919126,0.0635087987125598,0.0335289852539317,0.100932932476375,0.320216057638008
"1681","GTEX-1H3NZ-0011-R9a-SM-ADEH7",0,0,0.0482806502362703,0.729313232728254,0.222406117035476
"1682","GTEX-1H3NZ-2926-SM-9WPQ8",0.577910846785704,0.156603576352866,0.000452376296672241,0.0882880233981871,0.17674517716657
"1683","GTEX-1H3NZ-3026-SM-9JGHW",0.511975227773795,0.188181590713762,0,0.0596149767158692,0.240228204796573
"1684","GTEX-1H3O1-0011-R10a-SM-CJI3O",0.628793784039266,0.192611076426178,0,0.0152941121232084,0.163301027411347
"1685","GTEX-1H3O1-0011-R11a-SM-A96RV",0.801775391874066,0.00310949088698239,0.00957471969883777,0.0336261150425668,0.151914282497547
"1686","GTEX-1H3O1-0011-R1b-SM-CL554",0.173769555563211,0.0631672057027869,0,0.626888894887699,0.136174343846303
"1687","GTEX-1H3O1-0011-R2b-SM-CKZOT",0,0.216951442115471,0.0133293000667177,0.493991432900655,0.275727824917156
"1688","GTEX-1H3O1-0011-R3a-SM-ACKVD",0.54458885680545,0.277424123673714,0,0,0.177987019520836
"1689","GTEX-1H3O1-0011-R4b-SM-A9SKE",0.178688816595279,0.484937273439719,0,0.0923065677483033,0.244067342216699
"1690","GTEX-1H3O1-0011-R5b-SM-ADEH8",0.328215077331196,0.270647815386341,0,0.0882044118847655,0.312932695397697
"1691","GTEX-1H3O1-0011-R6b-SM-CL54U",0.031575958187865,0.252803302174177,0.00241877716013889,0.464494829266205,0.248707133211614
"1692","GTEX-1H3O1-0011-R7a-SM-CE6SJ",0.321501206695322,0.29287731440331,0,0.116981282255703,0.268640196645664
"1693","GTEX-1H3O1-0011-R8a-SM-CL555",0.133906736908448,0.0505491104220056,0,0.560103563338405,0.255440589331142
"1694","GTEX-1H3O1-0011-R9b-SM-CM2SQ",0,0.012476962169685,0.0459435379812066,0.765843271920786,0.175736227928322
"1695","GTEX-1H3O1-1726-SM-9WYSR",0.324918883798755,0.184923967782135,0,0.249594851821072,0.240562296598038
"1696","GTEX-1H3O1-1826-SM-A96TO",0.659003465175505,0.161042657936897,0,0.0166214419666411,0.163332434920957
"1697","GTEX-1H3VE-0011-R10b-SM-A9SKC",0.359270271024912,0.361883190827161,0,0.00920710267806018,0.269639435469867
"1698","GTEX-1H3VE-0011-R11b-SM-C1YRP",0.585154405431076,0.171293283737629,0.00126427715877837,0.0287104771063624,0.213577556566154
"1699","GTEX-1H3VE-0011-R1a-SM-A9G1K",0.0914965602853538,0.258945426663679,0,0.267962507117652,0.381595505933315
"1700","GTEX-1H3VE-0011-R2a-SM-CE6SA",0,0.412258192413984,0,0.156870033417264,0.430871774168752
"1701","GTEX-1H3VE-0011-R3a-SM-CE6SK",0.110338633009851,0.333165748179895,0,0.0373699899893657,0.519125628820889
"1702","GTEX-1H3VE-0011-R5a-SM-CKZOU",0.0259014715042597,0.454250173330778,0.00971778446592714,0.064110440248826,0.446020130450209
"1703","GTEX-1H3VE-0011-R6b-SM-A9G1M",0,0.477590309085016,0,0.0249623448214244,0.497447346093559
"1704","GTEX-1H3VE-0011-R7b-SM-CE6S9",0,0.536735954330595,0,0.0906428623389893,0.372621183330415
"1705","GTEX-1H3VE-0011-R8b-SM-A9G1L",0,0.537784733144426,0.00950777154182052,0.105852239703949,0.346855255609805
"1706","GTEX-1H3VE-2726-SM-9WPP3",0.148635703030789,0.365601836353671,0,0.0415480501788203,0.44421441043672
"1707","GTEX-1H3VE-2826-SM-9WPOL",0.176605668979497,0.413121269993456,0,0,0.410273061027048
"1708","GTEX-1H4P4-0011-R10b-SM-CE6SG",0.579115607156667,0.22592886179254,0,0.00754083150790923,0.187414699542884
"1709","GTEX-1H4P4-0011-R11b-SM-CE6S8",0.837166139672121,0,0.000504201934075918,0.0106411015454775,0.151688556848326
"1710","GTEX-1H4P4-0011-R1b-SM-CL54V",0,0.0246202165578584,0,0.739186095206387,0.236193688235755
"1711","GTEX-1H4P4-0011-R6a-SM-ARZLR",0.0605881551342364,0.491469674078711,0,0.124707955368483,0.32323421541857
"1712","GTEX-1H4P4-0011-R7b-SM-ARU77",0,0.324068046546563,0,0.184794425656782,0.491137527796655
"1713","GTEX-1H4P4-2726-SM-9JGGB",0.79045665700112,0.0361647416444306,0,0.00483674609928763,0.168541855255162
"1714","GTEX-1HB9E-0011-R10a-SM-CJI3H",0.656713976114693,0.00631388085390693,0.00797612242959391,0.0688749019536468,0.26012111864816
"1715","GTEX-1HB9E-0011-R11b-SM-ARU79",0.503962183130611,0.063752283964996,0.0749876183170147,0.0954553434817988,0.26184257110558
"1716","GTEX-1HB9E-0011-R2b-SM-A96RW",0.222581461195943,0.0780688157601873,0.0470048311125895,0.322883568024273,0.329461323907007
"1717","GTEX-1HB9E-0011-R3a-SM-ARL7D",0.33515217550824,0.0798985112349893,0.0329636051682239,0.201216257924351,0.350769450164196
"1718","GTEX-1HB9E-0011-R4b-SM-ARZLS",0.0906621455570884,0.392992586707717,0.00704296986202529,0.186614829967535,0.322687467905634
"1719","GTEX-1HB9E-0011-R5b-SM-ARU78",0.340736374378909,0.132873995764094,0.0364480109202151,0.14730852050303,0.342633098433752
"1720","GTEX-1HB9E-0011-R6b-SM-A9G1P",0.40658987000357,0.231197670337248,0.0459258557492059,0.0344370124609179,0.281849591449058
"1721","GTEX-1HB9E-0011-R7b-SM-A9G1Q",0.186595373862953,0.016539575511406,0.0067730552961957,0.492913265565661,0.297178729763784
"1722","GTEX-1HB9E-0011-R8b-SM-A9G1O",0.498614858940689,0.0478292079181319,0.0625172870376904,0.173050968936105,0.217987677167383
"1723","GTEX-1HB9E-2926-SM-D4P3S",0.194712888891471,0.199352320649419,0,0.315766756808192,0.290168033650918
"1724","GTEX-1HB9E-3126-SM-AHZ4M",0.367556972776297,0.165340005544189,0,0.000249200011825678,0.466853821667688
"1725","GTEX-1HBPH-0011-R10a-SM-CE6SI",0.435282385150549,0.33114764289094,0,0.0398794412724538,0.193690530686057
"1726","GTEX-1HBPH-0011-R3a-SM-A96RY",0.204910942897268,0.39790855846694,0,0.137940157153257,0.259240341482535
"1727","GTEX-1HBPH-0011-R4a-SM-A96RX",0.28286207245705,0.147647406677308,0,0.332317208820112,0.23717331204553
"1728","GTEX-1HBPH-0011-R5b-SM-A9G1R",0.0405465275685754,0.0534184782710902,0,0.544814662036007,0.361220332124327
"1729","GTEX-1HBPH-0011-R6a-SM-CKZOV",0.381619978982634,0.30670391870726,0,0.0967261583751508,0.214949943934955
"1730","GTEX-1HBPH-0011-R8b-SM-CL556",0.0146176989791216,0.0430251809144464,0,0.747842612136384,0.194514507970048
"1731","GTEX-1HBPH-0011-R9a-SM-CMKH3",0,0.0245085851382677,0,0.848558940964171,0.126932473897561
"1732","GTEX-1HBPH-3026-SM-9WPNY",0.640519876551176,0.182306489000407,0,0.028447627416815,0.148726007031603
"1733","GTEX-1HBPH-3126-SM-9WYUV",0.590021895740435,0.235984289230442,0,0,0.173993815029122
"1734","GTEX-1HBPI-0011-R10a-SM-A96RZ",0.69449857785528,0.114575676841365,0,0.00675416987747181,0.184171575425883
"1735","GTEX-1HBPI-0011-R11b-SM-CE6SH",0.645854389845677,0.103469167676793,0,0.067318911156167,0.183357531321363
"1736","GTEX-1HBPI-0011-R1b-SM-A9SKF",0.0941437270901721,0.0976505711083551,0,0.621068365248796,0.187137336552677
"1737","GTEX-1HBPI-0011-R4a-SM-CJI3K",0.16062292393185,0.349981770667511,0,0.207844779988199,0.28155052541244
"1738","GTEX-1HBPI-0011-R5a-SM-CKZOW",0.408227284435521,0.278092028751507,0,0.0547215332414811,0.25895915357149
"1739","GTEX-1HBPI-0011-R6b-SM-A9G1T",0.348613087033108,0.335619846238112,0,0.0556141544058581,0.260152912322922
"1740","GTEX-1HBPI-0011-R8a-SM-A9G1S",0,0.149427702617525,0,0.538962920031171,0.311609377351304
"1741","GTEX-1HBPI-0011-R9b-SM-ARL76",0,0.0566025724082946,0,0.754397043588275,0.18900038400343
"1742","GTEX-1HBPI-2726-SM-9WPPF",0.602175396307909,0.168288122650104,0,0.0516878586955536,0.177848622346433
"1743","GTEX-1HBPI-2826-SM-ARZNO",0.414092976335494,0.262952553609463,0,0.121871497641323,0.20108297241372
"1744","GTEX-1HBPM-0011-R10a-SM-CJI3Q",0,0.521756638499319,0,0.0985786981045893,0.379664663396091
"1745","GTEX-1HBPM-0011-R6b-SM-ARU73",0,0.446456797048167,0,0.0551949131192517,0.498348289832581
"1746","GTEX-1HBPM-0011-R9b-SM-ARL7C",0,0,0.0261222672061686,0.734769025508916,0.239108707284915
"1747","GTEX-1HBPM-2926-SM-CL54E",0,0.53045913389665,0,0.0890469315870995,0.380493934516251
"1748","GTEX-1HCU6-0011-R10a-SM-CKZP8",0.475872944032722,0.164238189159465,0,0.0956732773637424,0.26421558944407
"1749","GTEX-1HCU6-0011-R11b-SM-AHZ2F",0.828031834232576,0.000942756611676257,0.00100627309267939,0.0187517018872098,0.151267434175858
"1750","GTEX-1HCU6-0011-R3a-SM-ARU75",0.453386706633877,0.233677831569056,0,0,0.312935461797067
"1751","GTEX-1HCU6-0011-R4b-SM-ARU74",0.553075123541197,0,0,0.197150922081738,0.249773954377065
"1752","GTEX-1HCU6-0011-R5a-SM-ARU76",0,0.34511085152836,0,0.167269833780481,0.487619314691158
"1753","GTEX-1HCU6-0011-R7b-SM-ARL77",0.000336769898302589,0.262288705454242,0,0.387140684087032,0.350233840560424
"1754","GTEX-1HCU6-0011-R8a-SM-CJI3R",0.222010036261501,0.0771696081564251,0,0.333520813098049,0.367299542484025
"1755","GTEX-1HCU6-3126-SM-CL54L",0.495496189717243,0.241650253310725,0,0,0.262853556972032
"1756","GTEX-1HCVE-0011-R10a-SM-ARZLT",0.600594390164436,0.202165734121092,0,0.0216207703385412,0.175619105375931
"1757","GTEX-1HCVE-0011-R5b-SM-CKZP7",0.227630000149147,0.188814569184165,0,0.34183083583631,0.241724594830379
"1758","GTEX-1HCVE-0011-R7b-SM-A9G1I",0.291445196384331,0.376263717329516,0,0.0758183466199907,0.256472739666162
"1759","GTEX-1HCVE-0011-R8a-SM-ARU7A",0.325705826975113,0.175925960786884,0,0.0960374248511907,0.402330787386812
"1760","GTEX-1HCVE-2926-SM-9WPPJ",0.551945599920425,0.193259269321107,0,0.104313981377574,0.150481149380893
"1761","GTEX-1HCVE-3026-SM-CL54G",0.601375518377243,0.199229538584685,0,0.0257433160073245,0.173651627030747
"1762","GTEX-1HFI6-0011-R10b-SM-ARZLO",0.790907658689959,0.00624556358144915,0,0.0509171480709851,0.151929629657606
"1763","GTEX-1HFI6-0011-R11b-SM-A96RU",0.780317584779959,0.0348023646423742,0,0.0608165162806313,0.124063534297036
"1764","GTEX-1HFI6-0011-R2a-SM-CMKH5",0.146283402079909,0.0231370672879628,0.0152018082574707,0.600775780881213,0.214601941493445
"1765","GTEX-1HFI6-0011-R3b-SM-A9SKB",0.642822986063143,0.0743362841128744,0,0.089775860449165,0.193064869374818
"1766","GTEX-1HFI6-0011-R4b-SM-A96RT",0.447067775551141,0.141402966294143,0,0.188722833489082,0.222806424665634
"1767","GTEX-1HFI6-0011-R5a-SM-A9G1J",0.242621266250892,0.265084757124823,0,0.225287263713228,0.267006712911057
"1768","GTEX-1HFI6-0011-R6b-SM-CM2SR",0,0.0573932822305587,0,0.811238335442673,0.131368382326769
"1769","GTEX-1HFI6-0011-R7b-SM-CM2SS",0.30505499117035,0.294479549473269,0.0289560098381123,0.167211957084321,0.204297492433947
"1770","GTEX-1HFI6-0011-R8a-SM-ARZLP",0.555879923199769,0.0650404553123939,0,0.0964637441839884,0.282615877303849
"1771","GTEX-1HFI6-0011-R9b-SM-CMKH4",0.0071962590962881,0,0.0137350749148301,0.756852597861931,0.222216068126951
"1772","GTEX-1HFI6-3026-SM-CNPPJ",0.224131402381209,0.16429945032056,0.00210371390111129,0.459225063434427,0.150240369962693
"1773","GTEX-1HGF4-0011-R10b-SM-CE6S5",0.577043246599944,0.196777237731282,0,0.0475754690854532,0.17860404658332
"1774","GTEX-1HGF4-0011-R11a-SM-C1YRR",0.675775129775476,0.119364699768231,0,0.0319020192414893,0.172958151214803
"1775","GTEX-1HGF4-0011-R1a-SM-CJI3S",0.00357402091113505,0.220527572019834,0,0.511659024911278,0.264239382157753
"1776","GTEX-1HGF4-0011-R3b-SM-CL54W",0.209040120345403,0.494759896547031,0,0.0662859024177615,0.229914080689804
"1777","GTEX-1HGF4-0011-R5b-SM-CM2ST",0.29390495505124,0.313666385855288,0,0.134002209549811,0.25842644954366
"1778","GTEX-1HGF4-0011-R6a-SM-A96S1",0.348441566248024,0.33648331429826,0,0.0535813518846512,0.261493767569065
"1779","GTEX-1HGF4-0011-R7a-SM-A96S2",0.252931430409935,0.30255699243377,0,0.144028915963197,0.300482661193098
"1780","GTEX-1HGF4-0011-R8b-SM-CKZP9",0.280886578450618,0.126081646417442,0,0.252215204462772,0.340816570669168
"1781","GTEX-1HGF4-0011-R9a-SM-ADEH9",0,0.0606859026079601,0,0.744318903275046,0.194995194116994
"1782","GTEX-1HGF4-3126-SM-CL54M",0.42951134690388,0.250208700862935,0,0.0626283668891749,0.25765158534401
"1783","GTEX-1HR98-0011-R1a-SM-ARZLQ",0,0.115034630155443,0.00196454756787684,0.583971877581522,0.299028944695159
"1784","GTEX-1HR98-0011-R2a-SM-ARL7A",0,0.121342034401521,0.0275605290207989,0.598211039266609,0.252886397311072
"1785","GTEX-1HR98-0011-R3b-SM-A9G1U",0.153630190562618,0.114090573815472,0,0.372325551382197,0.359953684239713
"1786","GTEX-1HR98-0011-R5a-SM-A9G1V",0,0.63407463901245,0,0.111378827530246,0.254546533457304
"1787","GTEX-1HR98-0011-R9b-SM-ARL79",0,0.066874129344823,0.045510244306868,0.545953665058616,0.341661961289693
"1788","GTEX-1HR98-3026-SM-CNPPK",0.400029028070706,0.257913476141786,0,0.144308278850854,0.197749216936654
"1789","GTEX-1HR9M-0011-R10a-SM-CM2SU",0.117922552431877,0.496329208541733,0,0.121353131613609,0.26439510741278
"1790","GTEX-1HR9M-0011-R5a-SM-ARU72",0,0.363909642892297,0,0.241513114133046,0.394577242974657
"1791","GTEX-1HR9M-0011-R6a-SM-ARU6Z",0.475961128202337,0.208304099991681,0,0.0210669017490662,0.294667870056916
"1792","GTEX-1HSKV-0011-R10b-SM-CMKH6",0.435219223616992,0.328454142288731,0,0.024946008232161,0.211380625862116
"1793","GTEX-1HSKV-0011-R11b-SM-AHZ2E",0.664239936043765,0.128451145445034,0,0.0413818584003825,0.165927060110819
"1794","GTEX-1HSKV-0011-R1b-SM-CMKH7",0.164189921060633,0.188693622401503,0,0.44308859403002,0.204027862507844
"1795","GTEX-1HSKV-0011-R5b-SM-ARZLN",0.0710093137476864,0.423223994019265,0,0.189688569645095,0.316078122587953
"1796","GTEX-1HSKV-0011-R8a-SM-CL54X",0.346490063530639,0.302211811435246,0,0.111372886761619,0.239925238272496
"1797","GTEX-1HSKV-2926-SM-B2LWJ",0.48104637333848,0.200598003993368,0,0.133173383070003,0.185182239598149
"1798","GTEX-1HSKV-3026-SM-A96SL",0.294414370060464,0.422835381162743,0,0.0152704671637865,0.267479781613007
"1799","GTEX-1HSMO-0011-R10a-SM-CL54Y",0.590217224044212,0.079467954828928,0,0.0956732640441647,0.234641557082695
"1800","GTEX-1HSMO-0011-R1a-SM-CM2SV",0.217646128007113,0.0674781992849835,0,0.450113811115031,0.264761861592872
"1801","GTEX-1HSMO-0011-R2a-SM-CL553",0,0.117512929538267,0.00639504005234243,0.658008399562943,0.218083630846447
"1802","GTEX-1HSMO-0011-R9b-SM-CM2T2",0,0.0410335020718892,0.0500504312902635,0.586105421413326,0.322810645224521
"1803","GTEX-1HSMO-2926-SM-C1YR5",0.564862947120485,0.152078885624024,0,0.0423365559706683,0.240721611284822
"1804","GTEX-1HSMO-3026-SM-A9G3F",0.69350452344924,0.0249758238742804,0,0.056811598313951,0.224708054362529
"1805","GTEX-1HT8W-0011-R1b-SM-CJI3V",0.327038171547659,0.344046831952543,0,0.103747414392525,0.225167582107273
"1806","GTEX-1HT8W-0011-R2a-SM-CMKH9",0.325250564695068,0.0111035445673876,0,0.392751752162341,0.270894138575203
"1807","GTEX-1HT8W-0011-R5b-SM-CJI3P",0.406511095914257,0.22755051945849,0,0.122966601454957,0.242971783172296
"1808","GTEX-1HT8W-0011-R6a-SM-CM2SY",0.508030013027947,0.267647274591471,0,0.0769876919809018,0.14733502039968
"1809","GTEX-1HT8W-0011-R7b-SM-CMKH8",0.485749232381109,0.146805028746659,0,0.132779312372067,0.234666426500165
"1810","GTEX-1HT8W-0011-R8b-SM-CM2SX",0.580230168209343,0,0,0.246731952603624,0.173037879187033
"1811","GTEX-1HT8W-3026-SM-CGQEO",0.772757424587986,0.0682111092271045,0,0,0.15903146618491
"1812","GTEX-1HUB1-0011-R11b-SM-CE6SC",0.534377638202191,0.217399321681496,0,0.0606526615985029,0.18757037851781
"1813","GTEX-1HUB1-0011-R3b-SM-CKZOX",0.393103630295909,0.388224775594658,0,0,0.218671594109433
"1814","GTEX-1HUB1-0011-R5a-SM-CKZOY",0.0793659024311908,0.277755067432051,0,0.264431643844652,0.378447386292105
"1815","GTEX-1HUB1-0011-R6b-SM-ARU6W",0.384346226709627,0.295165649156049,0,0.0323488425638303,0.288139281570494
"1816","GTEX-1HUB1-2926-SM-ACKXA",0.265653965397358,0.286190541207843,0,0.166702017549209,0.28145347584559
"1817","GTEX-1I19N-0011-R11b-SM-ARU6Y",0.715763696276069,0.0426578798343847,0.00463671983275487,0.0386243508634366,0.198317353193355
"1818","GTEX-1I19N-0011-R5b-SM-ARU6X",0.112107270368937,0.364050274622,0.00487242617117847,0.130333642649207,0.388636386188678
"1819","GTEX-1I19N-0011-R6b-SM-CY8GC",0.139310547093385,0.40819292801597,0,0.107040197350918,0.345456327539727
"1820","GTEX-1I19N-0011-R9a-SM-CMKHN",0,0.0772821538019006,0.030888817606091,0.633054160501085,0.258774868090924
"1821","GTEX-1I19N-3026-SM-CL55E",0.208589712522138,0.421164886254971,0,0.0757472634151809,0.29449813780771
"1822","GTEX-1I1CD-0011-R10b-SM-CJI3W",0.407323197006494,0.269595099925515,0,0.0374887217276908,0.285592981340299
"1823","GTEX-1I1CD-0011-R2a-SM-CM2T3",0,0.110774105025249,0,0.539844762969701,0.349381132005051
"1824","GTEX-1I1CD-0011-R6b-SM-CJI3Y",0.489359065768883,0.228341020184486,0.0140576260661292,0.00905132911974103,0.259190958860761
"1825","GTEX-1I1CD-0011-R7a-SM-CMKHA",0,0.0718978964342826,0,0.782266942774886,0.145835160790832
"1826","GTEX-1I1CD-0011-R8b-SM-CJI3X",0.362272341384659,0.055373160639155,0,0.151771046289945,0.430583451686242
"1827","GTEX-1I1CD-0011-R9a-SM-CMKHB",0,0,0,0.810759668187211,0.189240331812789
"1828","GTEX-1I1CD-2926-SM-A96SJ",0.667326505380511,0.124839468415338,0,0.0350411348417259,0.172792891362425
"1829","GTEX-1I1CD-3026-SM-B2LY2",0.576749566805017,0.228737354815901,0,0.00650852178384905,0.188004556595233
"1830","GTEX-1I1GQ-0011-R11b-SM-CKZPA",0.754803574317481,0.084970135802826,0,0.0465915674649684,0.113634722414725
"1831","GTEX-1I1GQ-0011-R1a-SM-CY8GG",0.104590110780912,0.26707908262148,0,0.381903724422864,0.246427082174744
"1832","GTEX-1I1GQ-0011-R5a-SM-CMKHJ",0.323962899909197,0.258978956043281,0,0.181324186486695,0.235733957560827
"1833","GTEX-1I1GQ-0011-R6b-SM-CE6SE",0.229943335729833,0.360474785477205,0,0.166052460329173,0.243529418463789
"1834","GTEX-1I1GQ-0011-R7a-SM-CJI41",0.196744089185538,0.237705584621373,0,0.337058742266052,0.228491583927037
"1835","GTEX-1I1GQ-0011-R8a-SM-C1YRS",0.615182911587951,0.117682316912926,0,0.0172018643897984,0.249932907109325
"1836","GTEX-1I1GQ-3026-SM-CL55K",0.353780341416281,0.410934044613947,0,0,0.235285613969772
"1837","GTEX-1I1GR-0011-R11a-SM-CM2T5",0.77416090702719,0.0445462852496358,0,0.0270525374524061,0.154240270270768
"1838","GTEX-1I1GR-0011-R3a-SM-CM2T4",0.701576535054833,0.0993784573295028,0,0.0166772075397944,0.18236780007587
"1839","GTEX-1I1GR-0011-R4a-SM-CMKHC",0.176015890424511,0.210849021315082,0,0.366021750784754,0.247113337475653
"1840","GTEX-1I1GR-0011-R5a-SM-CMKHD",0.255621305703337,0.207576887289798,0,0.302644618580457,0.234157188426408
"1841","GTEX-1I1GR-0011-R6a-SM-CMKHI",0.41132947407264,0.304809746747267,0,0.0720345248743952,0.211826254305698
"1842","GTEX-1I1GR-2926-SM-CNNQG",0.529727789646169,0.221465334978815,0,0.0753551302433336,0.173451745131682
"1843","GTEX-1I1GS-0011-R11a-SM-C1YRU",0.724349607042801,0.148202457614354,0,0,0.127447935342845
"1844","GTEX-1I1GS-0011-R1a-SM-CJI43",0.265650530665458,0.0571248348813182,0,0.425739607676454,0.25148502677677
"1845","GTEX-1I1GS-0011-R2b-SM-CMKHG",0,0.292433588250078,0,0.474047337458251,0.233519074291671
"1846","GTEX-1I1GS-0011-R3b-SM-CYPS7",0.360751055019351,0.366600506531203,0,0,0.272648438449446
"1847","GTEX-1I1GS-0011-R5a-SM-CKZPC",0.331369102666631,0.279412004259812,0,0.081134909567293,0.308083983506263
"1848","GTEX-1I1GS-0011-R6b-SM-CMKHE",0.109142591306072,0.239371570656578,0,0.297806434099873,0.353679403937477
"1849","GTEX-1I1GS-0011-R7a-SM-CM2T6",0,0.409622084967554,0,0.118051557372163,0.472326357660283
"1850","GTEX-1I1GS-0011-R8b-SM-CKZPE",0.312998997597491,0.191624034269131,0,0.190949882341414,0.304427085791964
"1851","GTEX-1I1GS-0011-R9b-SM-CMKHF",0,0,0,0.841151089283253,0.158848910716747
"1852","GTEX-1I1GV-0011-R10a-SM-CE6S6",0.513705984044609,0.2407889006675,0,0.0645895206085385,0.180915594679353
"1853","GTEX-1I1GV-0011-R11a-SM-CJI3Z",0.703177940323952,0.0847789427970823,0,0.0448877244125072,0.167155392466459
"1854","GTEX-1I1GV-0011-R1a-SM-CL559",0,0.212816848882609,0,0.610500710695516,0.176682440421874
"1855","GTEX-1I1GV-0011-R2a-SM-ARZLF",0,0.130634544602393,0,0.633504334193205,0.235861121204402
"1856","GTEX-1I1GV-0011-R3a-SM-CL557",0.380874903306214,0.298714351678816,0,0.0954924342323261,0.224918310782644
"1857","GTEX-1I1GV-0011-R5b-SM-CKZPD",0.064706072937788,0.580577590028238,0,0.0733904014030321,0.281325935630942
"1858","GTEX-1I1GV-0011-R6b-SM-ARU6Q",0.474050413426938,0.246237882988297,0,0.0845889509079613,0.195122752676803
"1859","GTEX-1I1GV-0011-R7a-SM-ARU6R",0,0.339589183053473,0,0.39083410617178,0.269576710774746
"1860","GTEX-1I1GV-0011-R9b-SM-ARZLE",0,0.0599699003083333,0,0.683341667678613,0.256688432013054
"1861","GTEX-1I1GV-3026-SM-CNNR9",0.690656294153152,0.146404376162106,0,0.0103653460730996,0.152573983611642
"1862","GTEX-1I1GV-3126-SM-A96SF",0.28554917010221,0.391154759619164,0,0.0542772207018894,0.269018849576736
"1863","GTEX-1I1HK-0011-R10b-SM-CJI3M",0.653299111774078,0.157700195543102,0,0.0310126949627577,0.157987997720062
"1864","GTEX-1I1HK-0011-R11a-SM-B2LVN",0.840496642696882,0,0,0.00527601835311347,0.154227338950004
"1865","GTEX-1I1HK-0011-R1b-SM-CM2T7",0.326697892875706,0.100444303616568,0,0.288283566298287,0.284574237209439
"1866","GTEX-1I1HK-0011-R5b-SM-ARU6S",0,0.410023398336211,0,0.25399790788787,0.335978693775918
"1867","GTEX-1I1HK-0011-R6b-SM-CM2T9",0.014876975293846,0.284338249040319,0,0.458932587624766,0.241852188041069
"1868","GTEX-1I1HK-0011-R8b-SM-E8VN9",0.391019887059262,0.133320086601723,0.0032541254713504,0.13869415274778,0.333711748119885
"1869","GTEX-1I1HK-0011-R9a-SM-CMKHK",0,0.0380089015387258,0.0114623622116705,0.607580266139376,0.342948470110228
"1870","GTEX-1I1HK-2726-SM-AHZ2M",0.740647717956144,0.107515372419342,0,0.0333343763931876,0.118502533231326
"1871","GTEX-1I1HK-2826-SM-CKZPL",0.331792035009406,0.275918487026523,0,0.176637684697452,0.215651793266619
"1872","GTEX-1ICLZ-0011-R10a-SM-A9SM2",0.747378023683639,0.0820267221853727,0,0.0121715016645841,0.158423752466404
"1873","GTEX-1ICLZ-0011-R11a-SM-CJI3N",0.780097166063236,0.0109530954494122,0.00506975663281899,0.0572941486579951,0.146585833196537
"1874","GTEX-1ICLZ-0011-R1b-SM-A9SM3",0.531118191323527,0.175616384196134,0,0.0766462845902339,0.216619139890105
"1875","GTEX-1ICLZ-0011-R4a-SM-CMKHL",0.366649943385535,0.208986451365726,0,0.0978845559888737,0.326479049259865
"1876","GTEX-1ICLZ-0011-R6b-SM-A9G3A",0.390198991327017,0.0988388614910387,0,0.200410358136894,0.31055178904505
"1877","GTEX-1ICLZ-0011-R7a-SM-ARZLU",0.426506259468044,0,0.00546417983901676,0.251471116954882,0.316558443738056
"1878","GTEX-1ICLZ-0011-R8b-SM-ACKX4",0.137805418361448,0.0733044005456818,0.0016266059516535,0.525166685804816,0.2620968893364
"1879","GTEX-1ICLZ-0011-R9a-SM-ARL7E",0.0517854024521126,0.0217530300448427,0.0656334718526778,0.543257150970909,0.317570944679458
"1880","GTEX-1ICLZ-2826-SM-CL53U",0.338477501201005,0.355036207172258,0,0.0328151951753344,0.273671096451403
"1881","GTEX-1IDFM-2826-SM-ACKWJ",0.0345952346878517,0.430882019263123,0,0.15622627092271,0.378296475126315
"1882","GTEX-1IDJH-0011-R10a-SM-ARZLK",0.76035918356861,0.107703248468942,0,0,0.131937567962449
"1883","GTEX-1IDJH-0011-R11b-SM-C1YRT",0.741911888385181,0.0846418446478422,0,0.0361098845247476,0.137336382442229
"1884","GTEX-1IDJH-0011-R1b-SM-ARU6U",0.396346427404798,0.14204471569614,0,0.228577686597561,0.2330311703015
"1885","GTEX-1IDJH-0011-R3a-SM-CJI42",0.649858916967107,0.187782948242212,0,0,0.162358134790681
"1886","GTEX-1IDJH-0011-R5a-SM-CE6SR",0.330300009727033,0.209838721362395,0,0.206250287970294,0.253610980940278
"1887","GTEX-1IDJH-0011-R6a-SM-A9SLZ",0.43414865623094,0.216561600853181,0,0.11967858205264,0.229611160863239
"1888","GTEX-1IDJH-0011-R7a-SM-A9SM1",0.452103151347224,0.146064129785475,0,0.132628252816475,0.269204466050826
"1889","GTEX-1IDJH-0011-R8b-SM-ARZLL",0.331070087755332,0.165671171604012,0,0.246757104118493,0.256501636522163
"1890","GTEX-1IDJH-0011-R9a-SM-ADEIN",0,0.0293163857877453,0,0.846854644117511,0.123828970094744
"1891","GTEX-1IDJH-3026-SM-CL53B",0.601818016001828,0.16495338477715,0,0.0738835060672873,0.159345093153735
"1892","GTEX-1IDJH-3126-SM-C1YQS",0.616575945437323,0.145592732265798,0,0.0534722734814857,0.184359048815393
"1893","GTEX-1IGQW-0011-R11a-SM-C1YRV",0.649479963796462,0.0550136448443358,0.00226095763519533,0.0666880213334071,0.2265574123906
"1894","GTEX-1IGQW-0011-R2b-SM-D4P26",0,0.254507798942378,0.00473980284427408,0.384060963260951,0.356691434952397
"1895","GTEX-1IGQW-0011-R5b-SM-CJI44",0,0.479676725502661,0,0.17103293929875,0.349290335198589
"1896","GTEX-1IGQW-0011-R6a-SM-CM2TC",0.122114373592093,0.263769425106841,0,0.243551056970337,0.370565144330729
"1897","GTEX-1IGQW-0011-R9b-SM-D4P25",0,0.0138258632726814,0.0306196889552821,0.716364229033508,0.239190218738528
"1898","GTEX-1IKJJ-0011-R2b-SM-ARZLJ",0.0383265071572796,0.0845215872545168,0.00367766778203654,0.673959813488801,0.199514424317366
"1899","GTEX-1IKJJ-0011-R3b-SM-C1YRW",0.666913685945813,0.170585376486468,0,0.00281756587703975,0.159683371690679
"1900","GTEX-1IKJJ-0011-R5b-SM-CE6SL",0.287938448260245,0.276176345894705,0,0.203525201520326,0.232360004324724
"1901","GTEX-1IKJJ-0011-R7a-SM-ARZLH",0.188833437976751,0.258387488024569,0,0.341323445320134,0.211455628678547
"1902","GTEX-1IKJJ-0011-R9a-SM-ARZLI",0.126927350948012,0.104678226461855,0,0.554860521896982,0.213533900693151
"1903","GTEX-1IKJJ-2926-SM-A9G2N",0.287465955894022,0.429737412943735,0,0.0500483571773674,0.232748273984876
"1904","GTEX-1IKK5-0011-R10b-SM-CE6SP",0.441017960390947,0.1846507295216,0,0.139644596017669,0.234686714069784
"1905","GTEX-1IKK5-0011-R11a-SM-C1YRX",0.563436300454823,0.0529167685991583,0.00395298451332577,0.166205850709702,0.213488095722991
"1906","GTEX-1IKK5-0011-R1b-SM-CE6SQ",0.212337856826608,0.22882264701473,0,0.228035584986766,0.330803911171895
"1907","GTEX-1IKK5-0011-R3b-SM-C1YRY",0.458939599093465,0.24860275759254,0,0.0427364065151947,0.2497212367988
"1908","GTEX-1IKK5-0011-R5b-SM-CL55B",0.181725034594738,0.216888954755943,0.00632452371340929,0.339277287511491,0.255784199424418
"1909","GTEX-1IKK5-0011-R6b-SM-A9SLY",0.258953775105906,0.255304014826981,0,0.235681339362735,0.250060870704378
"1910","GTEX-1IKK5-0011-R7b-SM-A9G39",0.146264044447845,0.211547892287621,0,0.357439288608054,0.284748774656481
"1911","GTEX-1IKK5-0011-R8b-SM-CJI45",0.473836827754979,0.193568516202422,0,0.0593727317202903,0.273221924322309
"1912","GTEX-1IKK5-2926-SM-ARU7Q",0.578469423544558,0.178057427340685,0,0.0241436327900297,0.219329516324728
"1913","GTEX-1IKOH-0011-R11a-SM-AHZ38",0.774335221341894,0.0199264202553806,0.0029548740702403,0.0311764512489898,0.171607033083495
"1914","GTEX-1IKOH-0011-R2a-SM-CMKHO",0,0.0920637183028251,0,0.535435952141946,0.372500329555228
"1915","GTEX-1IKOH-0011-R5a-SM-ARU8C",0.0325650860580622,0.455248580675571,0,0.183324191859376,0.328862141406991
"1916","GTEX-1IKOH-0011-R6b-SM-A9G1W",0,0.533100446013388,0,0.155431042021531,0.311468511965081
"1917","GTEX-1IKOH-0011-R7b-SM-CKZPH",0,0.482333257283193,0,0.18398847125548,0.333678271461327
"1918","GTEX-1IKOH-0011-R8a-SM-A9SKG",0.205183151958842,0.160344645896247,0,0.160491206959245,0.473980995185665
"1919","GTEX-1IKOH-2826-SM-CNNRC",0.734661834915422,0.0503114726616579,0,0.0188499454561988,0.196176746966721
"1920","GTEX-1IL2U-0011-R11a-SM-CE6SO",0.46347139574107,0.281648228911128,0,0.101321390607505,0.153558984740298
"1921","GTEX-1IL2U-0011-R2a-SM-ARU6V",0,0.133941927773607,0,0.366953169976802,0.499104902249591
"1922","GTEX-1IL2U-0011-R5a-SM-CE6SN",0,0.473290185054004,0,0.205990775218854,0.320719039727141
"1923","GTEX-1IL2U-0011-R6a-SM-ARZLG",0,0.381977763530964,0,0.216591785022238,0.401430451446798
"1924","GTEX-1IL2U-3026-SM-C1YSH",0.370844506200335,0.309669860596272,0,0.112508917625928,0.206976715577465
"1925","GTEX-1IL2V-0011-R10a-SM-CL55A",0.0149549318083657,0.173114179765277,0,0.519437499292191,0.292493389134166
"1926","GTEX-1IL2V-0011-R11a-SM-ARU6T",0.64532373827613,0.0856088610558462,0.00252456777733659,0.0854059637697605,0.181136869120927
"1927","GTEX-1IL2V-0011-R5a-SM-ARL78",0,0.426974057360541,0,0.19982047359278,0.373205469046679
"1928","GTEX-1IL2V-3026-SM-CYPSA",0.545826324612782,0.124333755057818,0,0.0990743411296884,0.230765579199711
"1929","GTEX-1IOXB-0011-R10a-SM-D3L8I",0.680707192766772,0.181211934155849,0,0,0.138080873077379
"1930","GTEX-1IOXB-0011-R11a-SM-A9G1X",0.580666798727757,0.0446085602109252,0,0.101260351933489,0.273464289127829
"1931","GTEX-1IOXB-0011-R1a-SM-D4P27",0.385450896400097,0.135576294860718,0,0.252885428345221,0.226087380393964
"1932","GTEX-1IOXB-0011-R7b-SM-CE6SM",0.0752910093633659,0.418174607019435,0,0.188859874608054,0.317674509009145
"1933","GTEX-1IOXB-3126-SM-CKZO1",0.0657746008559758,0.666828640435351,0,0.0382933169016413,0.229103441807032
"1934","GTEX-1IY9M-0011-R11b-SM-A96TI",0.638143968395568,0.0702588034331288,0,0.133718681206604,0.157878546964699
"1935","GTEX-1IY9M-0011-R1a-SM-EXURZ",0.410524042533916,0.251638073688516,0,0.161675000553841,0.176162883223728
"1936","GTEX-1IY9M-0011-R2a-SM-D4P29",0.0863671405853628,0.0297406673273993,0.0162996064960536,0.648169901013349,0.219422684577835
"1937","GTEX-1IY9M-0011-R4a-SM-C1YQ2",0.495987306364307,0.248611377615806,0,0.0558711779937163,0.199530138026171
"1938","GTEX-1IY9M-0011-R5a-SM-A9SLX",0.470024124067423,0.220902316558488,0.0111720180390813,0.0535302080898366,0.244371333245171
"1939","GTEX-1IY9M-0011-R6a-SM-D4P28",0.335433523904667,0.229330510912454,0,0.225049522141377,0.210186443041502
"1940","GTEX-1IY9M-0011-R7a-SM-D4P49",0.411899023040693,0.168900887550582,0,0.153296263543252,0.265903825865473
"1941","GTEX-1IY9M-0011-R8a-SM-EYYWW",0.102583571107379,0.0729939435174641,0.0406806883641156,0.573193777837524,0.210548019173517
"1942","GTEX-1IY9M-0011-R9b-SM-D3L8J",0,0.0384664846396162,0.0276697606155371,0.766431150676512,0.167432604068334
"1943","GTEX-1IY9M-3026-SM-A9G37",0.566585848464043,0.242685970546175,0,0.00848698213038429,0.182241198859398
"1944","GTEX-1IY9M-3126-SM-AHZ3A",0.703478491595847,0.0822947866609775,0.00168701365745598,0.0776954325636882,0.134844275522031
"1945","GTEX-1J1OQ-0011-R10a-SM-A9G1Y",0.357084500419801,0.357634928144661,0,0,0.285280571435538
"1946","GTEX-1J1OQ-0011-R11a-SM-A96S3",0.660819177348878,0.147568245535952,0.00853244179139141,0,0.183080135323779
"1947","GTEX-1J1OQ-0011-R1a-SM-A9G1Z",0.295341856960469,0.307790829643086,0,0.0786253123959845,0.318242001000461
"1948","GTEX-1J1OQ-0011-R2b-SM-ARU88",0,0.270888679014586,0,0.199920494227315,0.529190826758099
"1949","GTEX-1J1OQ-0011-R3b-SM-D4P2B",0.43854872514406,0.318824618421915,0,0,0.242626656434024
"1950","GTEX-1J1OQ-0011-R4a-SM-D4P2A",0.0232400480068893,0.525423020502137,0,0.16720797533447,0.284128956156504
"1951","GTEX-1J1OQ-0011-R5a-SM-D3L8K",0.378880773093848,0.273124978646315,0.00044300605381078,0.0285743482720473,0.318976893933979
"1952","GTEX-1J1OQ-0011-R6a-SM-ARU86",0.364098931247605,0.203760575943648,0,0.0577481797903861,0.374392313018361
"1953","GTEX-1J1OQ-0011-R7b-SM-ARU87",0.155581771993611,0.374199241482963,0,0.112477653952726,0.3577413325707
"1954","GTEX-1J1OQ-0011-R8a-SM-ACKVE",0.39252775987758,0.0876261137029614,0,0.171443318977735,0.348402807441723
"1955","GTEX-1J1OQ-0011-R9b-SM-ARZMK",0,0.0482825622182452,0.0361553891849872,0.583928712911737,0.331633335685031
"1956","GTEX-1J1OQ-3126-SM-D4P2O",0.601337069296288,0.197329640639034,0,0.0140149212614293,0.187318368803248
"1957","GTEX-1J1OQ-3226-SM-A9G2Q",0.332422940810988,0.234076640182197,0,0.0852398617916305,0.348260557215184
"1958","GTEX-1J8EW-0011-R11a-SM-AHZ37",0.728177493231241,0.0797056373782067,0,0.0200610872289448,0.172055782161608
"1959","GTEX-1J8EW-0011-R3a-SM-ARU8A",0.0685139665559478,0.435047471348485,0,0.0238279216453364,0.472610640450231
"1960","GTEX-1J8EW-0011-R4b-SM-ARU89",0,0.486173624674142,0,0.130585213814637,0.383241161511221
"1961","GTEX-1J8EW-0011-R5b-SM-ARU8B",0,0.579783106740869,0,0.0531159720844561,0.367100921174675
"1962","GTEX-1J8EW-0011-R9b-SM-D4P2F",0,0.0111400216902119,0,0.839402600320544,0.149457377989244
"1963","GTEX-1J8JJ-0011-R5a-SM-D4P2G",0,0.337763412026151,0,0.206534706872529,0.45570188110132
"1964","GTEX-1J8JJ-0011-R9a-SM-ACKVF",0,0.0251863096123339,0,0.797476085372157,0.177337605015509
"1965","GTEX-1J8Q2-0011-R10b-SM-D4P2C",0.660010179829015,0.105752729377362,0,0.0691898377131647,0.165047253080458
"1966","GTEX-1J8Q2-0011-R11a-SM-A9SKI",0.537871968908575,0.109286656187207,0,0.0961165302628736,0.256724844641345
"1967","GTEX-1J8Q2-0011-R1a-SM-D4P2D",0.0669921479140878,0.368148091752202,0,0.279763161086711,0.285096599247
"1968","GTEX-1J8Q2-0011-R2b-SM-EAZ2X",0,0.0785945180343835,0,0.729142268716562,0.192263213249054
"1969","GTEX-1J8Q2-0011-R3b-SM-ACKVG",0.545595588173223,0.226434040247966,0,0.0396498716224566,0.188320499956355
"1970","GTEX-1J8Q2-0011-R4a-SM-ADEHA",0.0654901865031178,0.370078091659995,0,0.303048977063949,0.261382744772938
"1971","GTEX-1J8Q2-0011-R5b-SM-A9SKH",0.237249240007275,0.44535164408776,0,0.0938614884818497,0.223537627423116
"1972","GTEX-1J8Q2-0011-R6a-SM-CKZPG",0.35273162470042,0.221136529095677,0,0.169488753712853,0.25664309249105
"1973","GTEX-1J8Q2-0011-R7a-SM-CKZPF",0.221522969806869,0.358313294365773,0,0.177454304038616,0.242709431788742
"1974","GTEX-1J8Q2-0011-R8b-SM-D4P2E",0.444749264134982,0.035850260960727,0,0.27292254339213,0.24647793151216
"1975","GTEX-1J8Q2-3026-SM-CKZN8",0.365639812292235,0.344994136556838,0,0.0523617465886043,0.237004304562323
"1976","GTEX-1JJ6O-0011-R11b-SM-EXUS2",0.588262966415283,0.195768062560425,0,0.00562377951037406,0.210345191513918
"1977","GTEX-1JJ6O-0011-R7b-SM-EXUTB",0.0869399541012096,0.377880698740242,0,0.307736649752535,0.227442697406013
"1978","GTEX-1JJ6O-0011-R9a-SM-EYYXP",0,0.226774932626935,0,0.495750748652625,0.277474318720441
"1979","GTEX-1JJ6O-3026-SM-C1YQH",0.35984905663322,0.333738779693145,0,0.0404077239848857,0.26600443968875
"1980","GTEX-1JJ6O-3126-SM-CNNP8",0.458462055594915,0.270865243273743,0,0.0210120036436179,0.249660697487725
"1981","GTEX-1JJE9-2926-SM-CY8HV",0,0.582896554423371,0,0.0705906253798664,0.346512820196762
"1982","GTEX-1JJE9-3026-SM-CNNPA",0.309001557481343,0.298075811841177,0,0.0873623829414729,0.305560247736008
"1983","GTEX-1JJEA-0011-R11a-SM-EXUTE",0.717043579519416,0.101703725123023,0,0.0322786661893026,0.148974029168258
"1984","GTEX-1JJEA-0011-R3b-SM-EXUTD",0.578814287753603,0.242885974441698,0,0,0.178299737804698
"1985","GTEX-1JJEA-0011-R4a-SM-EXUTC",0,0.175789059982495,0,0.33728895350573,0.486921986511776
"1986","GTEX-1JJEA-0011-R6a-SM-EXUS1",0.17052006709839,0.408680618279716,0,0.098517340771205,0.322281973850689
"1987","GTEX-1JJEA-2826-SM-ARU8R",0.396983790108499,0.295289264011068,0,0.0128760558206435,0.29485089005979
"1988","GTEX-1JJEA-2926-SM-C1YSK",0.754422090351285,0.12120456513701,0,0,0.124373344511705
"1989","GTEX-1JMLX-0011-R6b-SM-EXUT9",0.565365987740705,0.308728036056314,0,0.0110552357456172,0.114850740457364
"1990","GTEX-1JMLX-0011-R9a-SM-EYYXM",0,0.0108438710492346,0,0.834686429355116,0.15446969959565
"1991","GTEX-1JMLX-2926-SM-CL54C",0.446063952858072,0.346210840363619,0,0.0101152262158656,0.197609980562443
"1992","GTEX-1JMLX-3026-SM-EV79Q",0.591422259001274,0.161594922580038,0,0.0692478234418691,0.177734994976819
"1993","GTEX-1JMOU-0011-R11b-SM-EXUTA",0.634752808977213,0.0892088254537722,0.0355432702265957,0.0488931936637613,0.191601901678658
"1994","GTEX-1JMOU-0011-R3a-SM-EYYXN",0.372137559058208,0.39442040180771,0,0,0.233442039134083
"1995","GTEX-1JMOU-2726-SM-CY8IO",0.367382069756283,0.319377642875059,0,0.0304281620944194,0.282812125274238
"1996","GTEX-1JMOU-2826-SM-EV79R",0.491788363012157,0.216979538635587,0,0.041421222261923,0.249810876090332
"1997","GTEX-1JMPZ-0011-R3a-SM-EYYWX",0.375590431325515,0.283899513843015,0,0.0526447872997303,0.287865267531739
"1998","GTEX-1JMPZ-0011-R5b-SM-EYYWY",0.251967222722471,0.242847912291683,0,0.133947729872961,0.371237135112885
"1999","GTEX-1JMPZ-2726-SM-ARZNF",0.435133856270187,0.237850311357875,0,0.0740031045307587,0.253012727841179
"2000","GTEX-1JMPZ-2826-SM-C1YRA",0.500189371518971,0.261624172369173,0,0.0405777466119487,0.197608709499907
"2001","GTEX-1JMQJ-0011-R11a-SM-EXOJY",0.83106658892856,0,0.00388684171475961,0.0606064084482754,0.104440160908405
"2002","GTEX-1JMQJ-0011-R4b-SM-EXUT8",0.444123162251358,0.222397314082962,0,0.0424596605983777,0.291019863067303
"2003","GTEX-1JMQJ-0011-R5a-SM-EYYXO",0.419912704532501,0.256607783167242,0,0.0954771970639464,0.22800231523631
"2004","GTEX-1JMQJ-3126-SM-EV79G",0.726362106881174,0.0458986163907581,0,0.075477975589609,0.152261301138459
"2005","GTEX-1JMQK-0011-R2a-SM-EYYXQ",0,0.147153829246926,0.0829385066148202,0.493706776837249,0.276200887301005
"2006","GTEX-1JMQK-0011-R7b-SM-EXUTF",0.094128803402025,0.473569346304534,0,0.163207131853025,0.269094718440417
"2007","GTEX-1JMQK-2926-SM-D4P2T",0.680528232669476,0.117054012848076,0,0.0360020252791376,0.16641572920331
"2008","GTEX-1JMQK-3026-SM-ARL95",0.230443073178573,0.42345295933682,0,0.0222896913854873,0.32381427609912
"2009","GTEX-1JMQL-2826-SM-ARU91",0.246880027798319,0.295302242958708,0,0.0293926573273124,0.428425071915661
"2010","GTEX-1JN1M-0011-R9a-SM-EZ6MR",0,0.0297086469823997,0.0222423853875036,0.653617239197508,0.294431728432588
"2011","GTEX-1JN1M-3126-SM-AHZ4E",0.519948509790764,0.245234713729177,0,0.0609132116937755,0.173903564786283
"2012","GTEX-1JN6P-0011-R4a-SM-EZ6MS",0.012726219588866,0.172778974026302,0.0084349947891939,0.302759895421766,0.503299916173872
"2013","GTEX-1KANB-0011-R9b-SM-EZ6MO",0,0,0,0.86111028580808,0.13888971419192
"2014","GTEX-1KANB-3226-SM-D4P3G",0.479448366825379,0.143280274115344,0,0.0580987258945605,0.319172633164717
"2015","GTEX-1KD4Q-0011-R11b-SM-EXOIE",0.74909720520619,0.0825345999695578,0,0.0425063925509296,0.125861802273322
"2016","GTEX-1KD4Q-0011-R3b-SM-EXOID",0.277425939176574,0.387150313876959,0,0.134781360487771,0.200642386458696
"2017","GTEX-1KD4Q-2926-SM-D3L9N",0.607382780799526,0.195916462218879,0,0.027290330455459,0.169410426526135
"2018","GTEX-1KD4Q-3026-SM-EV7A7",0.577109340527101,0.182383776530692,0,0.0298771148850705,0.210629768057137
"2019","GTEX-1KWVE-2226-SM-CXZKN",0.623241843347774,0.113742790492645,0,0.127368076216032,0.135647289943549
"2020","GTEX-1KWVE-2326-SM-D4P3N",0.731715603406723,0.0884303025975933,0,0,0.179854093995684
"2021","GTEX-1LB8K-0011-R1b-SM-EZ6MV",0,0.150172102050142,0,0.691592956256975,0.158234941692883
"2022","GTEX-1LB8K-0011-R2a-SM-EZ6MQ",0,0.0398123265040722,0,0.753988376869872,0.206199296626056
"2023","GTEX-1LB8K-0011-R6a-SM-EXURT",0,0.586285098903372,0,0.116340881007979,0.297374020088649
"2024","GTEX-1LB8K-0011-R9a-SM-EZ6MP",0,0.0431212365146931,0.00229756266504005,0.792457881154898,0.162123319665369
"2025","GTEX-1LC47-0011-R10b-SM-EYYWE",0,0.228702676858731,0,0.352820037867701,0.418477285273568
"2026","GTEX-1LC47-0011-R6b-SM-EZ6MI",0.023574811944628,0.221989546915468,0,0.252835865965943,0.501599775173961
"2027","GTEX-1LC47-2926-SM-CXZKC",0.127149252985426,0.437297099080049,0,0.0720802515308843,0.363473396403641
"2028","GTEX-1LG7Y-0011-R11a-SM-EXOIH",0.780765494175642,0.0683338622464635,0,0.0246014041818925,0.126299239396002
"2029","GTEX-1LG7Y-0011-R1a-SM-EYYWV",0.30601954351342,0.298029565767873,0,0.0981934746738757,0.297757416044831
"2030","GTEX-1LG7Y-0011-R5a-SM-EZ6MU",0.392842715571883,0.337711721591797,0,0.0410759159680142,0.228369646868306
"2031","GTEX-1LG7Y-3026-SM-D5OVI",0.612883522328341,0.208542975495169,0,0,0.178573502176491
"2032","GTEX-1LG7Y-3126-SM-EV7AS",0.77261439862083,0.0808359746777717,0,0.0201417463402682,0.12640788036113
"2033","GTEX-1LH75-0011-R2b-SM-EYYWQ",0.279986833345142,0.00961619798238575,0.0138619629480408,0.322333795930319,0.374201209794113
"2034","GTEX-1LH75-0011-R6a-SM-EXURS",0.416427726081667,0.224915177727931,0.0368274695929925,0.0121941797259683,0.309635446871442
"2035","GTEX-1LH75-0011-R7a-SM-EXOIF",0.384631570131756,0.173181285562102,0,0.11177656416339,0.330410580142752
"2036","GTEX-1LKK1-0011-R11a-SM-EXOIG",0.196564213277329,0.410158297403521,0,0.0570797267740043,0.336197762545145
"2037","GTEX-1LKK1-3126-SM-EWRNY",0.187551934732071,0.321843553246439,0,0.0677331925118899,0.422871319509599
"2038","GTEX-1LSNL-0011-R2a-SM-EZ6MK",0.0886463646541894,0.182986322413199,0,0.328070092870832,0.40029722006178
"2039","GTEX-1LSNL-0011-R7a-SM-EYYWI",0.0613996758198688,0.306810116840536,0,0.365392825226809,0.266397382112786
"2040","GTEX-1LSNL-0011-R9b-SM-EYYWK",0,0.00842628798510883,0,0.786579910706687,0.204993801308204
"2041","GTEX-1LSVX-0011-R11b-SM-EXOIA",0.713033408496885,0.0606278635832755,0.0143220990263867,0.0347486825318838,0.177267946361569
"2042","GTEX-1LSVX-0011-R4b-SM-EXURP",0.25793280822033,0.330289481335467,0.0110770130681631,0.169504369567854,0.231196327808186
"2043","GTEX-1LSVX-2826-SM-EVR58",0.647585892288997,0.0963790268005575,0,0.0606790040115775,0.195356076898868
"2044","GTEX-1LVA9-0011-R2a-SM-EZ6MJ",0,0.11038271920444,0,0.667041382623938,0.222575898171622
"2045","GTEX-1LVA9-0011-R6a-SM-EYYWH",0.269288331764945,0.37561004904775,0,0.105252066099427,0.249849553087879
"2046","GTEX-1LVA9-0011-R7a-SM-EYYWG",0,0.551407121495732,0,0.173451282875171,0.275141595629097
"2047","GTEX-1LVA9-0011-R9a-SM-EYYWF",0.059571702684313,0.0767614831201957,0.00451351321597287,0.653667764588405,0.205485536391114
"2048","GTEX-1LVAO-0011-R11b-SM-EXOI8",0.717531616342626,0.0326627262456685,0.00193652055065193,0.0199653171619079,0.227903819699145
"2049","GTEX-1LVAO-0011-R2a-SM-EYYX1",0,0.338404732700766,0,0.206584916820969,0.455010350478265
"2050","GTEX-1LVAO-0011-R3a-SM-EXOI7",0.478209603275922,0.240941750678606,0,0.00522941655290416,0.275619229492568
"2051","GTEX-1LVAO-0011-R4a-SM-EXURO",0.327872061373685,0.273230787384838,0,0.0893392472085988,0.309557904032878
"2052","GTEX-1LVAO-0011-R6b-SM-EZ6MX",0.508331941965332,0.0679591766879886,0.00530270207087565,0.111700044695277,0.306706134580526
"2053","GTEX-1LVAO-0011-R7a-SM-EYYWZ",0.353145638845778,0.10199266235814,0,0.22819724081747,0.316664457978611
"2054","GTEX-1LVAO-0011-R9a-SM-EZ6MY",0.217422789279369,0.0266597183351395,0,0.467169540908217,0.288747951477275
"2055","GTEX-1M4P7-0011-R11b-SM-EXOIK",0.788927550811059,0.0110600566620196,0.00436385510227171,0.0353227722431127,0.160325765181537
"2056","GTEX-1M4P7-2726-SM-E9TJQ",0.269779591914445,0.300436126166555,0,0.133614064365508,0.296170217553492
"2057","GTEX-1MA7X-0011-R2b-SM-EZ6MT",0.143530160413187,0.144010389938369,0,0.423753693735636,0.288705755912807
"2058","GTEX-1MA7X-0011-R6a-SM-EYYWR",0.409084615440694,0.285937832748284,0.00142076259356963,0.0803943366533561,0.223162452564096
"2059","GTEX-1MA7X-0011-R7b-SM-EYYWS",0,0.359202883335118,0,0.305792906773354,0.335004209891528
"2060","GTEX-1MCQQ-0011-R3a-SM-EXURW",0.417679212110231,0.270914539304964,0,0.0439858519669314,0.267420396617874
"2061","GTEX-1MJK2-0011-R6a-SM-EXUS3",0.383353872360032,0.352445939241612,0,0.0774468599441881,0.186753328454168
"2062","GTEX-1MJK2-0011-R7a-SM-EXUS4",0.112785649626061,0.379562055185284,0,0.272792511440669,0.234859783747986
"2063","GTEX-1MJK2-0011-R9b-SM-EZ6MZ",0,0.0488923210543053,0.0113688279652258,0.713387944563462,0.226350906417007
"2064","GTEX-1MJK2-3026-SM-EV7A5",0.814537249107391,0,0,0.014277939286326,0.171184811606283
"2065","GTEX-1N2DW-0011-R11b-SM-EXOIL",0.861673389217142,0.0195631993466014,0.00290208914334358,0.0120595913247376,0.103801730968175
"2066","GTEX-1N2DW-0011-R4b-SM-EZ6MD",0.0203874793775641,0.196909906123633,0,0.577938585289278,0.204764029209525
"2067","GTEX-1N2DW-0011-R5a-SM-EYYX3",0.18146052264924,0.390497464060796,0,0.150814025056698,0.277227988233266
"2068","GTEX-1N2DW-0011-R6a-SM-EZ6MW",0.218242369555922,0.303539911259256,0,0.200209643208113,0.27800807597671
"2069","GTEX-1N2DW-2826-SM-E9TK5",0.279431696613151,0.239493100198979,0,0.183654766229404,0.297420436958466
"2070","GTEX-1N2EE-0011-R11b-SM-EXOIJ",0.754917308962847,0.0707716404559378,0.00604894612749089,0.0206890948272559,0.147573009626469
"2071","GTEX-1N2EE-0011-R3b-SM-EXURY",0.555328296248801,0.269638921595687,0,0,0.175032782155513
"2072","GTEX-1N2EE-0011-R4a-SM-EXOII",0.241605716496055,0.271429875847909,0,0.172054272080576,0.314910135575459
"2073","GTEX-1N5O9-2926-SM-EXUSN",0.232008039193419,0.414705601016824,0,0.0213244218272069,0.331961937962551
"2074","GTEX-1NV5F-3226-SM-EXUSL",0.0580184799191703,0.53731509552455,0,0.0261707710566093,0.37849565349967
"2075","GTEX-1NV8Z-3026-SM-DTX8Z",0.658422456123128,0.131250180866303,0,0.0414397343244653,0.168887628686104
"2076","GTEX-1NV8Z-3126-SM-E76R3",0.582623814686734,0.201350250319337,0,0.0390047319130471,0.177021203080882
"2077","GTEX-1O9I2-3026-SM-E76PX",0.271301847952864,0.20693888893986,0,0.176788888594851,0.344970374512425
"2078","GTEX-1OJC4-0011-R6a-SM-EXOIM",0.572948800209403,0.191746774456661,0.000392899779237079,0.0540212951126803,0.180890230442019
"2079","GTEX-1OJC4-0011-R7a-SM-EYYX4",0.124219191677993,0.238641913192478,0,0.408180985314697,0.228957909814831
"2080","GTEX-1OJC4-0011-R9a-SM-EZ6N1",0,0.0305945032065711,0.0159582439316447,0.759857771143018,0.193589481718766
"2081","GTEX-1OJC4-2826-SM-E6CQX",0.508187514562651,0.282705273145673,0,0.00826731644717447,0.200839895844501
"2082","GTEX-1P4AB-3026-SM-EXOJS",0.761053809858052,0.0707454069585826,0,0.0588416664497181,0.109359116733648
"2083","GTEX-1PIIG-2726-SM-E76PQ",0.669723932620109,0.0392842793347514,0,0,0.290991788045139
"2084","GTEX-1PIIG-2826-SM-DTX7O",0.642106838524559,0.127873313396233,0,0.0470985335820535,0.182921314497155
"2085","GTEX-1POEN-2726-SM-E9U6B",0.684131091691439,0.121105677091557,0,0.0435464874908938,0.15121674372611
"2086","GTEX-1PPGY-3126-SM-EXUSR",0.488559773137459,0.195933414933984,0,0.0961769258486042,0.219329886079953
"2087","GTEX-1PWST-3026-SM-EAZ3H",0.431685790580776,0.322676662853463,0,0.00810196061423363,0.237535585951528
"2088","GTEX-1PWST-3126-SM-EXUSE",0.168974022508308,0.368271181466626,0,0.0653964667188641,0.397358329306202
"2089","GTEX-1QEPI-3026-SM-EXOIW",0.562739905346622,0.128720406249682,0.000421106818041758,0.0254841290039684,0.282634452581686
"2090","GTEX-1QMI2-3126-SM-EXUT5",0.598186835574532,0.162678968320221,0,0.023138804496287,0.21599539160896
"2091","GTEX-1QP6S-2926-SM-DTXF8",0.131026557548233,0.0762685543782097,0,0.623782865270151,0.168922022803406
"2092","GTEX-1QP6S-3026-SM-EAZ4N",0.664155092054927,0.0973337996716213,0,0.0862657459480595,0.152245362325392
"2093","GTEX-1R46S-0011-R6a-SM-EZ6N6",0.0361412498634931,0.557972160424631,0,0.0320905945972262,0.373795995114649
"2094","GTEX-1R46S-0011-R7b-SM-EXUTH",0,0.53375183275942,0,0.0528158457902497,0.413432321450331
"2095","GTEX-1R46S-0011-R9a-SM-EZ6N7",0,0.119829124218636,0.0347131409676951,0.600941210514699,0.24451652429897
"2096","GTEX-1R46S-3126-SM-DPRZ9",0.459029912433528,0.297800181781158,0,0.0206612387920488,0.222508666993266
"2097","GTEX-1R9K4-0011-R11a-SM-EZ6N9",0.676236014903068,0.0660430976324923,0.00364183993403106,0.0344001759242651,0.219678871606143
"2098","GTEX-1R9K4-0011-R5b-SM-EZ6N8",0.432633559830477,0.214154183137989,0,0.074616146850526,0.278596110181008
"2099","GTEX-1R9K4-3126-SM-DTX9Y",0.428476045884726,0.281030526902335,0,0.0156162935649122,0.274877133648027
"2100","GTEX-1R9PO-0011-R11b-SM-EZ6NB",0.61424297565327,0.0553297087596693,0.0129181728829186,0.0887696522169539,0.228739490487188
"2101","GTEX-1R9PO-0011-R5a-SM-EZ6NA",0.297402525774793,0.175056321574906,0,0.253676155124633,0.273864997525667
"2102","GTEX-1R9PO-2826-SM-E6CPV",0.603800256532115,0.0858871692957532,0.00602589011607247,0.0711826987930219,0.233103985263038
"2103","GTEX-1R9PO-2926-SM-EVYBR",0.405436803074115,0.226599371159922,0,0,0.367963825765963
"2104","GTEX-1RDX4-3226-SM-DPS14",0.486967640451534,0.218696072630394,0,0.0900689124701048,0.204267374447967
"2105","GTEX-1RLM8-0011-R2a-SM-EZ6N4",0,0.435941842252457,0,0.262346501165967,0.301711656581576
"2106","GTEX-1RLM8-0011-R6a-SM-EYYXS",0,0.50320911164319,0,0.158466270855114,0.338324617501696
"2107","GTEX-1RLM8-0011-R8a-SM-EYYXR",0.280951942567616,0.191581182626092,0.0178774750757693,0.164061134968996,0.345528264761527
"2108","GTEX-1RNSC-0011-R5a-SM-EZ6N5",0,0.33088919768036,0,0.247415360169555,0.421695442150085
"2109","GTEX-1RNSC-3126-SM-EVR4V",0.524632968466581,0.0658725307530927,0,0.0428276680587474,0.366666832721579
"2110","GTEX-1RQEC-0011-R9a-SM-EZ6N3",0,0.0301819640912674,0.00675638915139304,0.81696875429123,0.146092892466109
"2111","GTEX-1RQEC-2926-SM-EVR5A",0.427773649274425,0.340928094827904,0,0.00139491724301286,0.229903338654658
"2112","GTEX-1RQEC-3026-SM-DPRXM",0.48813553711853,0.106861570659141,0,0.156829878792317,0.248173013430011
"2113","GTEX-N7MS-0011-R10A-SM-2HMJK",0.788313785107459,0.0174091191541068,0,0.00663636627287625,0.187640729465558
"2114","GTEX-N7MS-0011-R11A-SM-2HMJS",0.780293011268285,0,0.00101327853267107,0.0573614881060173,0.161332222093027
"2115","GTEX-N7MS-0011-R1a-SM-2HMJG",0.565184278020219,0,0,0.268605195992359,0.166210525987422
"2116","GTEX-N7MS-0011-R2a-SM-2HML6",0.210346301746905,0,0,0.574801453239739,0.214852245013356
"2117","GTEX-N7MS-0011-R3a-SM-33HC6",0.855178768378863,0,0,0.0291813062894333,0.115639925331704
"2118","GTEX-N7MS-0011-R4a-SM-2HMKW",0.0609876387840907,0.0308876180676412,0,0.714723669531085,0.193401073617183
"2119","GTEX-N7MS-0011-R5a-SM-2HMK8",0.268536082137766,0.151706895408859,0,0.322612735754003,0.257144286699372
"2120","GTEX-N7MS-0011-R6a-SM-2HMJ4",0.561162551602805,0.105479580989703,0,0.118118498205863,0.215239369201629
"2121","GTEX-N7MS-0011-R7a-SM-2HMKN",0.211803130598253,0.207971521544541,0,0.28110986086563,0.299115486991575
"2122","GTEX-N7MS-0011-R8a-SM-2YUMK",0,0.0247191335953709,0.0157755003747959,0.727899723178797,0.231605642851036
"2123","GTEX-N7MS-2526-SM-2D7W3",0.627989175186252,0.0586317382818061,0,0.148707468967204,0.164671617564738
"2124","GTEX-N7MT-0011-R10A-SM-2I3E1",0.566791377696819,0.0629475571041088,0,0.0963978201060349,0.273863245093037
"2125","GTEX-N7MT-0011-R11A-SM-2I3DZ",0.390647055800473,0.23102863487278,0,0.063830483796549,0.314493825530198
"2126","GTEX-N7MT-0011-R1a-SM-CNPO1",0.24074663119414,0.0992405875501639,0,0.388862569401531,0.271150211854165
"2127","GTEX-N7MT-0011-R2a-SM-2I3GI",0,0.0282625344491495,0.0131914619191797,0.723980221848037,0.234565781783634
"2128","GTEX-N7MT-0011-R3a-SM-2I3GC",0,0.0659966586231944,0,0.716043093765848,0.217960247610958
"2129","GTEX-N7MT-0011-R4a-SM-2I3G9",0.0980242226102771,0.172276226870984,0.0432569175002035,0.419026075257422,0.267416557761113
"2130","GTEX-N7MT-0011-R5a-SM-2I3G6",0.266993196858636,0.324518351769877,0.0113970952325771,0.067750019020695,0.329341337118214
"2131","GTEX-N7MT-0011-R6a-SM-2I3G3",0.287075329206478,0.261038268438903,0,0.125808728085842,0.326077674268777
"2132","GTEX-N7MT-0011-R7a-SM-2I3FZ",0.26106958293549,0.149433173194019,0,0.188847117441574,0.400650126428916
"2133","GTEX-N7MT-0011-R8a-SM-2I5GU",0.125117279076661,0.0608583913769827,0.0117250949392683,0.417476949260165,0.384822285346923
"2134","GTEX-N7MT-1126-SM-CYPQY",0.137847956195007,0.122925919581552,0,0.48849737899509,0.250728745228351
"2135","GTEX-N7MT-1226-SM-DKPOK",0.572770402721393,0.199416456634102,0,0.0438332970991569,0.183979843545347
"2136","GTEX-NL3H-0011-R10A-SM-2I3E9",0.835526611321316,0,0,0.00570990895755857,0.158763479721126
"2137","GTEX-NL3H-0011-R11A-SM-2I3E6",0.777605618482902,0.021927286268394,0.00886564749137379,0.0303988919287635,0.161202555828567
"2138","GTEX-NL3H-0011-R1a-SM-48TDJ",0.37907478995145,0.0789244024721226,0,0.144683252320531,0.397317555255896
"2139","GTEX-NL3H-0011-R3a-SM-2I3GL",0.693714875591658,0.0663522978619261,0,0.0316751348085302,0.208257691737886
"2140","GTEX-NL3H-0011-R4a-SM-2I3GK",0.293526816835076,0.365489415675843,0,0.0428062865634284,0.298177480925652
"2141","GTEX-NL3H-0011-R5a-SM-2I3GB",0.111117933744506,0.416417102109108,0.00903333432918047,0.146926502937647,0.316505126879558
"2142","GTEX-NL3H-0011-R6a-SM-2I3G8",0.49862589261897,0.27945809071027,0.00204281857763425,0.0491955876730035,0.170677610420122
"2143","GTEX-NL3H-0011-R7a-SM-2I3G5",0.025290952069467,0.507333320091587,0,0.129072045614429,0.338303682224517
"2144","GTEX-NL3H-0011-R8a-SM-DIPDY",0.0465053861852882,0.179981259945048,0.025472072866823,0.287821517956667,0.460219763046174
"2145","GTEX-NL4W-0011-R10A-SM-2I3DY",0.301023102858313,0.337695236414826,0.029648239503798,0.0250077218391929,0.306625699383871
"2146","GTEX-NL4W-0011-R11A-SM-2I3DW",0.639937784107421,0.0402869881152907,0.00542411362627899,0.0487771998584931,0.265573914292516
"2147","GTEX-NL4W-0011-R2a-SM-2I5GV",0,0.0882408605405768,0.0681596476084685,0.406861797926793,0.436737693924162
"2148","GTEX-NL4W-0011-R4a-SM-2I5GZ",0.141436215389138,0.33484348393175,0.010356532844045,0.199378155348027,0.31398561248704
"2149","GTEX-NL4W-0011-R5a-SM-2I3GD",0.0983126383773427,0.383346563018822,0.00342892864228841,0.198333854992915,0.316578014968632
"2150","GTEX-NL4W-0011-R6a-SM-2I3GA",0.226236810460441,0.355061718337791,0,0.14123625154742,0.277465219654348
"2151","GTEX-NL4W-0011-R8a-SM-2I3G4",0.309696871127467,0.0362021467280926,0.0467865984068035,0.148400590990022,0.458913792747615
"2152","GTEX-NL4W-0011-R9a-SM-2I3G1",0,0,0.103489675415809,0.634332927866371,0.26217739671782
"2153","GTEX-NPJ7-0011-R10A-SM-2I3E5",0.574688655567523,0.17118342751722,0,0.0120143439322047,0.242113572983052
"2154","GTEX-NPJ7-0011-R11A-SM-2I3E8",0.594861695338931,0.14331375816463,0.00658377198561986,0.0142281481693042,0.241012626341515
"2155","GTEX-NPJ7-0011-R1a-SM-3GACT",0.249440713544943,0.160233458710791,0.0166040222263099,0.245786627785948,0.327935177732008
"2156","GTEX-NPJ7-0011-R2a-SM-2I3GF",0,0.0687956399853329,0,0.690680624638354,0.240523735376313
"2157","GTEX-NPJ7-0011-R4a-SM-2I3GJ",0.253277321194336,0.165838933417236,0,0.229218020429789,0.351665724958639
"2158","GTEX-NPJ7-0011-R5a-SM-33HBK",0,0.431436045152251,0,0.238559209340277,0.330004745507471
"2159","GTEX-NPJ7-0011-R6a-SM-2I3G7",0.470790053901059,0.176025073603478,0.0174873899207258,0.0526230058844859,0.283074476690251
"2160","GTEX-NPJ7-0011-R7a-SM-EV79B",0.041528366572409,0.264669149756163,0,0.192522239918652,0.501280243752776
"2161","GTEX-NPJ7-0011-R8a-SM-2I3G2",0.384850817468094,0,0.0196955479836247,0.294088065081863,0.301365569466419
"2162","GTEX-NPJ7-0011-R9a-SM-2TC5R",0,0.0342647420055057,0.0623276707054757,0.630008437421088,0.27339914986793
"2163","GTEX-NPJ7-2726-SM-2I3FT",0.238264366422721,0.262292458063653,0,0.111684044401403,0.387759131112223
"2164","GTEX-NPJ7-2826-SM-2I3FU",0.406701180594177,0.30156675318045,0,0.0216263029464124,0.270105763278961
"2165","GTEX-NPJ8-0011-R10A-SM-2YUMO",0.574756155918789,0.149948228222997,0,0.0426688983003864,0.232626717557828
"2166","GTEX-NPJ8-0011-R11A-SM-2YUMS",0.613718092797168,0.127769218170457,0.00516964305195647,0.0193576042697766,0.233985441710642
"2167","GTEX-NPJ8-0011-R1a-SM-33HCB",0,0.133801033516786,0,0.580760663762343,0.285438302720871
"2168","GTEX-NPJ8-0011-R2a-SM-2TC6M",0,0.203830382783147,0.0420446908778875,0.211448333253026,0.542676593085939
"2169","GTEX-NPJ8-0011-R3a-SM-2HMIW",0.0354713199229955,0.142187522292562,0.0264598494124412,0.462790742847376,0.333090565524626
"2170","GTEX-NPJ8-0011-R4a-SM-2HML3",0.0445088344467865,0.377185886441336,0.0019564933760561,0.151603750672502,0.424745035063319
"2171","GTEX-NPJ8-0011-R5a-SM-2HMJY",0.0539472106625836,0.425792105380863,0,0.0992157054932118,0.421044978463342
"2172","GTEX-NPJ8-0011-R6a-SM-2HMKB",0.34521275075469,0.254864342153246,0.0106256826198339,0.0513520550803292,0.337945169391901
"2173","GTEX-NPJ8-0011-R7a-SM-2HMJV",0.0478028848272201,0.344130154670248,0,0.108960987678132,0.4991059728244
"2174","GTEX-NPJ8-0011-R8a-SM-2HMLG",0.454789076636777,0.191503500693568,0.0528890637656444,0.0116751398215462,0.289143219082464
"2175","GTEX-NPJ8-0011-R9a-SM-2YUN5",0.0259732189561448,0.0827937288004874,0.0842706813671869,0.487967770362835,0.318994600513346
"2176","GTEX-NPJ8-1526-SM-2D7VU",0.259036913501126,0.177756104575786,0,0.250034422473751,0.313172559449337
"2177","GTEX-NPJ8-2626-SM-2D7W2",0.418315084930882,0.242737674294216,0,0.114759992241422,0.224187248533481
"2178","GTEX-OHPN-0011-R10A-SM-33HBU",0.122523345624213,0.0787591881053038,0.106717920768912,0.11181871667686,0.580180828824711
"2179","GTEX-OHPN-0011-R11A-SM-2I5FM",0.556797085561458,0.00879122162700586,0.00609596979947676,0.128120903418855,0.300194819593204
"2180","GTEX-OHPN-0011-R1A-SM-2I5GB",0.123040381160806,0.0704143402626688,0.0306924337650444,0.309228624590466,0.466624220221015
"2181","GTEX-OHPN-0011-R2A-SM-2I5FB",0,0.0643516226454095,0.0245963504857632,0.573477574749584,0.337574452119243
"2182","GTEX-OHPN-0011-R4A-SM-2I5FD",0.00489975559483502,0.188686340379698,0.0537115779691219,0.32891893632976,0.423783389726585
"2183","GTEX-OHPN-0011-R6A-SM-2I5FH",0.0683935364005559,0.231559203280415,0.051432708543889,0.110801702608516,0.537812849166625
"2184","GTEX-OHPN-0011-R7A-SM-2I5FI",0.0801148063385201,0.273913665987256,0.0262459715104562,0.164073936327929,0.455651619835839
"2185","GTEX-OHPN-0011-R8A-SM-33HBT",0,0.00990452971700189,0.00583845161981923,0.745938083914467,0.238318934748712
"2186","GTEX-OHPN-0011-R9A-SM-5TDEJ",0,0.00562625014784834,0.105899317235501,0.64465261404841,0.24382181856824
"2187","GTEX-OHPN-2526-SM-2I5H3",0.265172836427902,0.109280962614386,0.0516994248357099,0.0758231858736481,0.498023590248354
"2188","GTEX-OHPN-2626-SM-2I5H1",0.427449325215875,0.122118792947933,0,0.129521082952235,0.320910798883957
"2189","GTEX-OXRN-0011-R10A-SM-2I5GC",0.528738402693295,0.250159625664138,0,0.0454990485520092,0.175602923090557
"2190","GTEX-OXRN-0011-R5A-SM-2I5EF",0.113461711320545,0.467901878119038,0,0.130557123783402,0.288079286777015
"2191","GTEX-OXRN-0011-R8A-SM-E9TI1",0.130777797107748,0.129919096689903,0.000154284338863852,0.0468055305461425,0.692343291317343
"2192","GTEX-OXRN-2426-SM-2I5EQ",0.379080568469069,0.363232057400826,0,0.0237044869781751,0.233982887151929
"2193","GTEX-OXRO-0011-R10A-SM-2I5EH",0.296295669067395,0.415241136216241,0,0.0271030858623598,0.261360108854004
"2194","GTEX-OXRO-0011-R2A-SM-3NB1W",0,0.0973162670408454,0,0.43529713983253,0.467386593126624
"2195","GTEX-OXRO-0011-R5A-SM-2I5EG",0,0.485813061794048,0,0.0723205200153547,0.441866418190597
"2196","GTEX-OXRO-0011-R9A-SM-3NB1X",0,0.0841761893818404,0.00598157242546919,0.596972599337796,0.312869638854895
"2197","GTEX-P44G-0011-R10A-SM-2I3FF",0.717296513580571,0.127079003682856,0,0.00588748756816702,0.149736995168406
"2198","GTEX-P44G-0011-R11A-SM-2I3FD",0.684040648121997,0.0928876987466303,0,0.0538827168896057,0.169188936241766
"2199","GTEX-P44G-0011-R1A-SM-2I3FE",0.413467694153745,0.351437823716863,0,0,0.235094482129392
"2200","GTEX-P44G-0011-R2A-SM-2XCD2",0.0333131757594163,0.102771634397083,0,0.611826190411094,0.252088999432407
"2201","GTEX-P44G-0011-R3A-SM-2I3FC",0.729588612807521,0.071005425309131,0,0.0201258547673057,0.179280107116042
"2202","GTEX-P44G-0011-R4A-SM-2I3FB",0.255947576718333,0.394967052986164,0,0.0703421109471954,0.278743259348307
"2203","GTEX-P44G-0011-R5A-SM-2I3FA",0.231088829585862,0.256939759324248,0,0.220680223084803,0.291291188005086
"2204","GTEX-P44G-0011-R6A-SM-2XCD3",0.295432825597866,0.305362439556516,0.00311295987227151,0.113845899225772,0.282245875747574
"2205","GTEX-P44G-0011-R7A-SM-2I3F9",0.151525615993957,0.335809799809252,0,0.18683409815389,0.325830486042901
"2206","GTEX-P44G-2426-SM-2I5ER",0.538791937079615,0.193767007143025,0,0,0.26744105577736
"2207","GTEX-P44G-2526-SM-2I5EK",0.612945139764897,0.150099246928393,0,0.0702226745614393,0.166732938745271
"2208","GTEX-P44H-0011-R10A-SM-2XCEK",0.480368828902658,0.259500641360218,0,0.0740262677566437,0.18610426198048
"2209","GTEX-P44H-0011-R11A-SM-2XCER",0.776436448294667,0.0469818344722161,0.00746155456768687,0.0517016620271461,0.117418500638285
"2210","GTEX-P44H-0011-R1A-SM-3NM8J",0.148988984905015,0.193526962777209,0,0.445290536396433,0.212193515921343
"2211","GTEX-P44H-0011-R3A-SM-D3L8E",0.451620028843844,0.30233801331875,0,0.00845110511985557,0.23759085271755
"2212","GTEX-P44H-0011-R4A-SM-2XCEW",0.289554272890691,0.22378941839805,0,0.289311669734449,0.19734463897681
"2213","GTEX-P44H-0011-R5A-SM-2XCEX",0.346938849386428,0.326010969717626,0.00398707169452367,0.0813448228001178,0.241718286401304
"2214","GTEX-P44H-0011-R6A-SM-2XCF3",0,0.307110510147764,0,0.438909044421027,0.25398044543121
"2215","GTEX-P44H-0011-R8A-SM-2XCEL",0.339734694112592,0.132513419624361,0,0.295224248664645,0.232527637598402
"2216","GTEX-P44H-2426-SM-2XCEJ",0.600428903244824,0.267267789940416,0,0.0285926952318847,0.103710611582875
"2217","GTEX-PVOW-0011-R10A-SM-EXOHB",0.853831340676865,0,0,0,0.146168659323135
"2218","GTEX-PVOW-0011-R1A-SM-32PL6",0.46860267093448,0.103512206563998,0,0.308706296475828,0.119178826025693
"2219","GTEX-PVOW-0011-R3A-SM-32PKX",0.789821026404031,0.0058587666300342,0,0.134489420778581,0.0698307861873542
"2220","GTEX-PVOW-0011-R5A-SM-32PL7",0.278017948149042,0.186848942593597,0,0.386654412216079,0.148478697041282
"2221","GTEX-PVOW-2526-SM-2XCF7",0.857845882404991,0.03481911331599,0,0.0332335901712277,0.074101414107791
"2222","GTEX-PVOW-2626-SM-32PL8",0.667967306571721,0.11008983989209,0,0.14422025247503,0.0777226010611592
"2223","GTEX-PWO3-0011-R1A-SM-2I5EW",0.113402708686374,0.335948644416125,0.0341176622896867,0.228555004921024,0.28797597968679
"2224","GTEX-PWO3-0011-R2A-SM-2S1OX",0,0.168726685588874,0.0810392762684468,0.391515764531068,0.358718273611611
"2225","GTEX-PWO3-0011-R3A-SM-2I5EX",0.269524990764242,0.292406213102815,0.00861998266976858,0.115690308397104,0.31375850506607
"2226","GTEX-PWO3-0011-R5A-SM-2I5EZ",0.0669325153518522,0.497559273279322,0.0176375280212337,0.121929639454575,0.295941043893017
"2227","GTEX-PWO3-0011-R6A-SM-2I5F3",0.021642025911721,0.475469608089897,0.0490594571859801,0.0387777830116677,0.415051125800734
"2228","GTEX-PWO3-0011-R8A-SM-2I5GD",0.277632274818483,0.107486363042599,0.0787004184639546,0.164435802171996,0.371745141502968
"2229","GTEX-PWO3-0011-R9A-SM-EVR2V",0,0,0.152000174554366,0.531740388149918,0.316259437295716
"2230","GTEX-PWO3-0926-SM-2I5EY",0.125606598183146,0.485920413378309,0,0.0722072044791075,0.316265783959438
"2231","GTEX-PWO3-1026-SM-2I5F2",0.535675624589482,0.240482125905165,0,0.0220101461191831,0.20183210338617
"2232","GTEX-Q2AG-0011-R10A-SM-2HMLA",0.73481807919201,0.105215088590432,0,0.0286155770120409,0.131351255205516
"2233","GTEX-Q2AG-0011-R11A-SM-2HMKZ",0.766698333976122,0.0635809369169367,0,0.0824442466525322,0.0872764824544089
"2234","GTEX-Q2AG-0011-R1A-SM-2HMJI",0.447904904673217,0.0522080951871072,0,0.315262743028845,0.184624257110831
"2235","GTEX-Q2AG-0011-R2A-SM-2HMIT",0.00177849992561422,0.0218763107911269,0,0.816879961801294,0.159465227481965
"2236","GTEX-Q2AG-0011-R3A-SM-2HMJ9",0.79481898243288,0.0366794269005802,0,0.0213605138857933,0.147141076780747
"2237","GTEX-Q2AG-0011-R4A-SM-2HMKA",0.47549787520241,0.242988586764833,0,0.114696594092142,0.166816943940615
"2238","GTEX-Q2AG-0011-R5A-SM-2HMJH",0.383190461744894,0.311949638175394,0,0.0640797094822224,0.240780190597489
"2239","GTEX-Q2AG-0011-R6A-SM-2HML7",0.38305519198616,0.242262790103461,0,0.150665231397862,0.224016786512517
"2240","GTEX-Q2AG-0011-R7A-SM-2HMJP",0.195717996055946,0.140446016929979,0,0.398679710608573,0.265156276405502
"2241","GTEX-Q2AG-0011-R8A-SM-2HMK5",0.218139273984371,0.102742937071295,0,0.426413251418468,0.252704537525866
"2242","GTEX-Q2AG-0011-R9A-SM-2HMJ6",0,0.0622611600128289,0,0.744701932822987,0.193036907164184
"2243","GTEX-Q2AG-2826-SM-2HMJQ",0.560403088210364,0.0675950295559486,0,0.273059020013352,0.0989428622203355
"2244","GTEX-Q2AG-2926-SM-2HMJ3",0.485761506035081,0.225564231313349,0,0.0809949464045233,0.207679316247046
"2245","GTEX-QDT8-0011-R10A-SM-32PKG",0.584747841105282,0.202448708335259,0,0.145357335344252,0.0674461152152074
"2246","GTEX-QDT8-0011-R11A-SM-32PKD",0.605324726335214,0.242239575812248,0,0.0670209652909975,0.0854147325615402
"2247","GTEX-QDT8-0011-R1A-SM-32PKS",0.27270669218825,0.3135222435967,0.012107887929193,0.17510837434086,0.226554801944997
"2248","GTEX-QDT8-0011-R2A-SM-32PKQ",0.19646225408406,0.150746306624599,0.039353163705112,0.441451541192787,0.171986734393442
"2249","GTEX-QDT8-0011-R3A-SM-32PKR",0.315391463587927,0.467759498131658,0,0.01455288399691,0.202296154283506
"2250","GTEX-QDT8-0011-R4A-SM-32PKM",0.18121910823109,0.353030026976654,0,0.258769022772033,0.206981842020222
"2251","GTEX-QDT8-0011-R5A-SM-32PKN",0,0.399810493025712,0,0.358310175374581,0.241879331599707
"2252","GTEX-QDT8-0011-R6A-SM-32PKI",0.0568893371098266,0.519506572529343,0,0.187958390774127,0.235645699586703
"2253","GTEX-QDT8-0011-R7A-SM-32PKF",0.441289263568867,0.266839672658197,0,0.146840169940874,0.145030893832061
"2254","GTEX-QDT8-0011-R8A-SM-32PKE",0,0.437503780675743,0,0.329173550192492,0.233322669131764
"2255","GTEX-QDT8-0011-R9A-SM-CYPRD",0,0.109841161264483,0.0330754285075767,0.690388062787879,0.166695347440061
"2256","GTEX-QDT8-2926-SM-32PKC",0.377127865570575,0.277039406279384,0,0.166840090029737,0.178992638120305
"2257","GTEX-QDT8-3026-SM-32PKB",0.537899347399239,0.21246622763673,0,0.127497476550653,0.122136948413378
"2258","GTEX-QMR6-0011-R10A-SM-32PKO",0.628642485119018,0.224894898237776,0,0.0215663413943647,0.124896275248841
"2259","GTEX-QMR6-0011-R11A-SM-32PKK",0.630043342965583,0.188489238059075,0.000338169147719603,0.0704057426086776,0.110723507218945
"2260","GTEX-QMR6-0011-R1A-SM-32PKW",0.141339300376067,0.190716163375696,0,0.449041972658017,0.21890256359022
"2261","GTEX-QMR6-0011-R2A-SM-32PKV",0.0455093330580813,0.306092346119512,0.00150189823821645,0.44283518838842,0.204061234195771
"2262","GTEX-QMR6-0011-R4A-SM-32PKU",0.12461318251581,0.195693040485423,0,0.496163003299879,0.183530773698887
"2263","GTEX-QMR6-0011-R5A-SM-32PKT",0.0452864027965287,0.239686063157017,0,0.448289980216918,0.266737553829536
"2264","GTEX-QMR6-0011-R6A-SM-32PKP",0.515730822689689,0.207642172330995,0.00309806876772141,0.122544136173681,0.150984800037914
"2265","GTEX-QMR6-0011-R7A-SM-32PKL",0,0.362016351949692,0,0.402209166278522,0.235774481771786
"2266","GTEX-QMR6-0011-R8A-SM-32PKJ",0.522825819574194,0.183663542880782,0.00972671259362201,0.140511447429014,0.143272477522388
"2267","GTEX-QMR6-1326-SM-32PLB",0.504154085665923,0.348017676405705,0,0.0689930512696968,0.0788351866586757
"2268","GTEX-QMR6-1426-SM-32PLA",0.516251925033307,0.267209924720065,0,0.104250495717433,0.112287654529195
"2269","GTEX-QVJO-0011-R10A-SM-2S1QJ",0.639965749677935,0.0789739432818854,0.000255313337419109,0.111723127074899,0.169081866627861
"2270","GTEX-QVJO-0011-R1A-SM-2S1QI",0.183271982515081,0.27701191769584,0.0228350089954533,0.22738035055783,0.289500740235796
"2271","GTEX-QVJO-0011-R4A-SM-2S1QL",0.306404249575277,0.33544135622795,0.0120209368466958,0.133546064622411,0.212587392727666
"2272","GTEX-QVJO-0011-R5A-SM-2S1QM",0.330177043785764,0.287561138823878,0,0.13556088995494,0.246700927435418
"2273","GTEX-QVJO-0011-R6A-SM-2S1QN",0.411259862585748,0.247126933489921,0.017238206842077,0.12736298564939,0.197012011432864
"2274","GTEX-QVJO-0011-R7A-SM-2S1QO",0.374359830865111,0.288653409921923,0,0.094727993419358,0.242258765793608
"2275","GTEX-QVJO-0011-R8A-SM-447C7",0.2952462622251,0.0230804322702264,0.040706819552866,0.275001504181449,0.365964981770359
"2276","GTEX-QVJO-0011-R9A-SM-2S1QH",0.334059796162865,0.0134346576029826,0.0980771661007125,0.310932281690597,0.243496098442843
"2277","GTEX-QVJO-1325-SM-2S1QX",0.604518246855382,0.180125513112496,0,0.0671627547511395,0.148193485280983
"2278","GTEX-QVJO-1426-SM-2S1QY",0.479431302483659,0.259996788033376,0,0.0199385751684597,0.240633334314505
"2279","GTEX-QVUS-0011-R10A-SM-3GIK3",0.430971864480029,0.27799285562224,0.0135682870715431,0.0812777282013718,0.196189264624816
"2280","GTEX-QVUS-0011-R1A-SM-3GAD2",0,0.363520631195304,0.0391743224702225,0.316253375356553,0.28105167097792
"2281","GTEX-QVUS-0011-R3A-SM-3GAFD",0.644648614840478,0.183258339789661,0,0.0535316520320474,0.118561393337814
"2282","GTEX-QVUS-0011-R4A-SM-3GAE7",0.157873759592348,0.347227185699264,0.00911891181471848,0.311045810542564,0.174734332351106
"2283","GTEX-QVUS-0011-R6A-SM-3GACX",0.117778757268299,0.437331799116959,0.0126346181111286,0.123636992792078,0.308617832711535
"2284","GTEX-QVUS-0011-R8A-SM-3GAD7",0.549502051835178,0.0478281304017536,0.0519171020209487,0.0500313176263884,0.300721398115731
"2285","GTEX-QVUS-0011-R9A-SM-3GIJA",0,0.105008924682863,0.0583717619330851,0.568814404487594,0.267804908896458
"2286","GTEX-QVUS-2826-SM-3GADB",0.23259012970191,0.29127029578534,0,0.212844015929267,0.263295558583482
"2287","GTEX-QVUS-2926-SM-3GIJB",0.618110258160446,0.186229882817867,0.00151799321363111,0.0527202867327692,0.141421579075287
"2288","GTEX-R55E-0011-R11A-SM-2TC6I",0.757956964843852,0.0555864669359602,0,0.0760436885507069,0.110412879669481
"2289","GTEX-R55E-0011-R1A-SM-2TC6N",0.474863725267104,0.207179918556824,0,0.0930071207654498,0.224949235410622
"2290","GTEX-R55E-0011-R2A-SM-EYYV9",0.0466131966131361,0.171581899016453,0.164251393910027,0.332175945692866,0.285377564767518
"2291","GTEX-R55E-0011-R4A-SM-2TC5H",0.492609770399302,0.254264976587593,0,0.0890625079720825,0.164062745041022
"2292","GTEX-R55E-0011-R5A-SM-2TC5N",0.210429602605718,0.283522088380243,0,0.25095777374047,0.255090535273569
"2293","GTEX-R55E-0011-R6A-SM-2TC5T",0.252270305271686,0.378394833491836,0,0.151649849294948,0.21768501194153
"2294","GTEX-R55E-0011-R7A-SM-2TC5Z",0.147285114587491,0.29343913508105,0,0.319989821896547,0.239285928434911
"2295","GTEX-R55E-0011-R8A-SM-2TC66",0.0842418766530329,0.0619561588812794,0,0.682912155134895,0.170889809330792
"2296","GTEX-R55E-0011-R9A-SM-2TC6C",0.0468603734833683,0.00956536697706617,0.0259315355020056,0.696862412462489,0.220780311575071
"2297","GTEX-R55E-2526-SM-2TC6H",0.453126577074524,0.151099494793535,0,0.0295467661908561,0.366227161941085
"2298","GTEX-RNOR-0011-R1A-SM-CNNP5",0.663692053265526,0.0400565948185284,0,0.107487258738187,0.188764093177759
"2299","GTEX-RNOR-0011-R3A-SM-5SI8E",0.802226125594506,0,0,0.0553489965571851,0.142424877848309
"2300","GTEX-RNOR-0011-R4A-SM-3GAD3",0.242932662083136,0.329324605562695,0,0.188052874489832,0.239689857864336
"2301","GTEX-RNOR-0011-R5A-SM-2TF4J",0.840523494762901,0.0143382492665222,0,0.0273836634218076,0.117754592548769
"2302","GTEX-RNOR-0011-R7A-SM-2TF4V",0.489619300405866,0.0212986998937732,0,0.306479663227901,0.18260233647246
"2303","GTEX-RNOR-0011-R8A-SM-EZ6MN",0.139431514803654,0.150185496298153,0,0.423458991790803,0.286923997107389
"2304","GTEX-RNOR-0011-R9A-SM-2TF52",0,0.0834802371326187,0.0176467227133386,0.734425760987992,0.164447279166051
"2305","GTEX-RNOR-2226-SM-2TF5O",0.579297967069007,0.194857523837733,0,0.100589500650157,0.125255008443102
"2306","GTEX-RNOR-2326-SM-2TF4I",0.672847740156255,0.146980747004738,0,0.027648609616008,0.152522903222999
"2307","GTEX-RU72-0011-R11A-SM-CM2U1",0.719153532692674,0.0910645249592393,0.00265507548838608,0.0228659626687872,0.164260904190913
"2308","GTEX-RU72-0011-R2A-SM-2TF6O",0.171673458265535,0.0969546704592991,0,0.402812330358951,0.328559540916214
"2309","GTEX-RU72-0011-R5A-SM-2TF6U",0.262738957632451,0.413928691979217,0,0.0728773127341321,0.2504550376542
"2310","GTEX-RU72-0011-R6A-SM-2TF71",0.158210959401469,0.319864396474278,0,0.239882093762372,0.282042550361881
"2311","GTEX-RU72-0011-R7A-SM-2TF5U",0.122907978492164,0.43190069729288,0,0.150976173665584,0.294215150549372
"2312","GTEX-RU72-0011-R8A-SM-2TF61",0.390362983600735,0.161046188598568,0,0.122965178532804,0.325625649267894
"2313","GTEX-RU72-0011-R9A-SM-2TF67",0,0.0519634027498065,0.0245403589238966,0.664505622522538,0.258990615803759
"2314","GTEX-RU72-2926-SM-2TF66",0.449012897662309,0.227571061059362,0,0,0.323416041278328
"2315","GTEX-RU72-3026-SM-CYPRV",0.407740859364787,0.349971895315675,0,0.00483620855257001,0.237451036766968
"2316","GTEX-RVPV-0011-R11A-SM-2TF6F",0.726235945189869,0.0474528829905233,0.0111046069336324,0.0232471344464713,0.191959430439504
"2317","GTEX-RVPV-0011-R3A-SM-2TF63",0.467482141894123,0.218816011954286,0,0.112462632666498,0.201239213485093
"2318","GTEX-RVPV-0011-R5A-SM-2TF69",0.0988720202233401,0.283208544823984,0,0.241653610887878,0.376265824064797
"2319","GTEX-S7PM-0011-R5A-SM-3NM8G",0,0.522655988077263,0,0.146885036278776,0.330458975643961
"2320","GTEX-S7PM-0011-R6A-SM-3NM8F",0,0.596771199241144,0,0.0684199958668019,0.334808804892054
"2321","GTEX-S7SE-0011-R10A-SM-2XCDF",0.723711657781135,0.0747492127121166,0,0.0878611897198795,0.113677939786869
"2322","GTEX-S7SE-0011-R11A-SM-2XCDD",0.750217596679502,0.0679033792886362,0.00103660804873454,0.028365677393277,0.15247673858985
"2323","GTEX-S7SE-0011-R1A-SM-2XCDE",0.322152394872281,0.233017476368309,0,0.191785708651571,0.253044420107839
"2324","GTEX-S7SE-0011-R2A-SM-2XCDC",0.0932024097359857,0.131873775178561,0,0.576216995184606,0.198706819900847
"2325","GTEX-S7SE-0011-R4A-SM-2XCDB",0.401940424811369,0.293723510845837,0,0.131837396286334,0.17249866805646
"2326","GTEX-S7SE-0011-R5A-SM-2XCDA",0.397440164781321,0.300869675606682,0,0.0675018345673121,0.234188325044685
"2327","GTEX-S7SE-0011-R6A-SM-2XCD9",0.354160041472378,0.245197055218526,0,0.212639163029778,0.188003740279318
"2328","GTEX-S7SE-0011-R7A-SM-2XCDI",0.469043456172061,0.184821407055301,0,0.0896068041781759,0.256528332594461
"2329","GTEX-S7SE-0011-R8A-SM-2XCDG",0.458752801127156,0.103796466626817,0,0.240793647476111,0.196657084769916
"2330","GTEX-S7SE-2526-SM-2XCDL",0.61345486271255,0.156376035972849,0,0.109815218762341,0.12035388255226
"2331","GTEX-T2IS-0011-R11A-SM-32QPC",0.811613375668097,0,0.00446568962084958,0.0859061443336833,0.0980147903773704
"2332","GTEX-T2IS-0011-R2A-SM-32QPF",0.0154266285958438,0.0531616177102835,0.0771698638651021,0.581962776047921,0.272279113780849
"2333","GTEX-T2IS-0011-R3A-SM-32QPB",0.826462315304295,0,0,0.0268680478114057,0.146669636884299
"2334","GTEX-T2IS-0011-R5A-SM-32QP4",0.691432429493271,0.134115087350575,0,0.0350942311413494,0.139358252014804
"2335","GTEX-T2IS-0011-R6A-SM-32QP2",0.424598752683421,0.394059805617591,0,0.0512054768848207,0.130135964814168
"2336","GTEX-T2IS-2926-SM-32QPO",0.688027993422939,0.00925450025418896,0,0.151480644270289,0.151236862052583
"2337","GTEX-T2IS-3026-SM-32QPM",0.782875435764993,0.0651081530720766,0,0,0.15201641116293
"2338","GTEX-T5JC-0011-R10A-SM-32PM2",0.742317862982676,0.0910246408071743,0,0.0130560503335226,0.153601445876627
"2339","GTEX-T5JC-0011-R11A-SM-32PMB",0.715260963021551,0.00181812493137873,0.0100114704773057,0.126180651944868,0.146728789624897
"2340","GTEX-T5JC-0011-R1A-SM-32PM6",0.456756790467091,0.100795340807978,0,0.161134471272989,0.281313397451942
"2341","GTEX-T5JC-0011-R2A-SM-32PLZ",0.0103574977190971,0.0577151948244428,0.0255292975940488,0.614318104581438,0.292079905280973
"2342","GTEX-T5JC-0011-R4A-SM-32PLT",0.255917608152023,0.351972131067723,0,0.118434151798104,0.27367610898215
"2343","GTEX-T5JC-0011-R5A-SM-32PLK",0.38564383124023,0.25529627461692,0,0.0621488207705209,0.296911073372329
"2344","GTEX-T5JC-0011-R6A-SM-D3L87",0.399164974004091,0.234292804742161,0.00934050223581514,0.0305944492832839,0.32660726973465
"2345","GTEX-T5JC-0011-R7A-SM-32PME",0.358303911899364,0.143941215702194,0,0.221737154513253,0.276017717885189
"2346","GTEX-T5JC-0011-R8A-SM-32PLM",0.801886461716016,0,0,0.0330138592870125,0.165099678996971
"2347","GTEX-T5JC-0011-R9A-SM-32PLV",0,0.0871616517983354,0.0212608216807255,0.546508526116626,0.345069000404313
"2348","GTEX-T5JC-2326-SM-32PMR",0.717195427315426,0.0394008770958579,0,0.123782989398914,0.119620706189802
"2349","GTEX-T5JC-2426-SM-3NMDB",0.707667596855499,0.0760652379571463,0,0.0460680550407412,0.170199110146613
"2350","GTEX-T6MN-0011-R10A-SM-32QP7",0.87477530005963,0,0,0.00197162237266635,0.123253077567704
"2351","GTEX-T6MN-0011-R11A-SM-32QOX",0.740617083387956,0.0573702619847834,0,0.131968016180611,0.07004463844665
"2352","GTEX-T6MN-0011-R1A-SM-32QOY",0.402282070603369,0.0207943024116653,0,0.406732218220572,0.170191408764395
"2353","GTEX-T6MN-0011-R2A-SM-32QOW",0.104224507141259,0.17084158865961,0.024530899814225,0.425751610154213,0.274651394230692
"2354","GTEX-T6MN-0011-R4A-SM-32QPG",0.167015132526576,0.39886747503881,0,0.246759265877963,0.187358126556651
"2355","GTEX-T6MN-0011-R5A-SM-32QPD",0.403774106586215,0.337646940386761,0,0.0570078415487608,0.201571111478264
"2356","GTEX-T6MN-0011-R6A-SM-32QP8",0.426947093752578,0.284483668014788,0,0.12544875269697,0.163120485535664
"2357","GTEX-T6MN-0011-R7A-SM-32QP5",0.418359705845768,0.350598650534365,0,0.0896400774616142,0.141401566158253
"2358","GTEX-T6MN-0011-R8A-SM-32QP3",0.147138245451982,0.0238239506603277,0,0.622298890182197,0.206738913705494
"2359","GTEX-T6MN-0011-R9A-SM-32QOZ",0,0.0444464468265591,0.0705773151764198,0.720680267363818,0.164295970633203
"2360","GTEX-T6MN-2526-SM-32PMN",0.512135812352273,0.11750255514334,0,0.180571193401733,0.189790439102654
"2361","GTEX-T6MN-2626-SM-32PMQ",0.641574929141307,0.0700389188201929,0,0.0989394847690908,0.189446667269409
"2362","GTEX-TSE9-0011-R10A-SM-3DB7O",0.535285806433448,0.293254575747,0,0.0109997544761845,0.160459863343368
"2363","GTEX-TSE9-0011-R11A-SM-3DB7N",0.61993548805852,0.0822876170558663,0.0121700976588795,0.0543234350826386,0.231283362144096
"2364","GTEX-TSE9-0011-R1A-SM-3DB7E",0.369366323071992,0.181673816850365,0,0.114017355354316,0.334942504723328
"2365","GTEX-TSE9-0011-R4A-SM-3DB7H",0.425275438018459,0.226882626824947,0,0.12662713099149,0.221214804165104
"2366","GTEX-TSE9-0011-R5A-SM-3DB7J",0.302977200913353,0.322538800509614,0,0.0483290238192557,0.326154974757777
"2367","GTEX-TSE9-0011-R6A-SM-3DB7L",0.390759788720934,0.347342934203709,0.0140321669542495,0.0178352350672211,0.230029875053887
"2368","GTEX-TSE9-0011-R7A-SM-3DB7P",0.151150231552511,0.346100998018908,0,0.203558174289184,0.299190596139397
"2369","GTEX-TSE9-0011-R8A-SM-3DB7R",0.279547632252049,0.118729291874022,0,0.302063636624957,0.299659439248971
"2370","GTEX-TSE9-0011-R9A-SM-3DB7Q",0,0.110264389940445,0.0112220035617255,0.66912274034765,0.20939086615018
"2371","GTEX-TSE9-2926-SM-3DB77",0.559246290448903,0.117653867382889,0.00899749544094911,0.0548616181286167,0.259240728598642
"2372","GTEX-TSE9-3026-SM-3DB76",0.693123580147202,0.188413791048639,0,0.00198834674348374,0.116474282060675
"2373","GTEX-UTHO-0011-R10A-SM-3GIJQ",0.559621994474922,0.00126666497183718,0.00463755512041412,0.236151958015343,0.198321827417484
"2374","GTEX-UTHO-0011-R11A-SM-3GIJE",0.798461161776373,0.00494778064586827,0.011995305520783,0.0646478355381489,0.119947916518827
"2375","GTEX-UTHO-0011-R1A-SM-3GIJO",0,0.110599310664346,0.0110615644197346,0.660866553390741,0.217472571525178
"2376","GTEX-UTHO-0011-R2A-SM-3GIKC",0,0.0411339101632848,0.000177683716423093,0.744637672573734,0.214050733546558
"2377","GTEX-UTHO-0011-R3A-SM-3GIK8",0.409954435950773,0.10686282432625,0.000379273233909284,0.285474890680177,0.197328575808892
"2378","GTEX-UTHO-0011-R4A-SM-3GIJP",0.182161326605783,0.0584996427480392,0,0.512158150553969,0.247180880092209
"2379","GTEX-UTHO-0011-R5A-SM-3GIJD",0.478581230111217,0.197685399088669,0,0.117748694678128,0.205984676121986
"2380","GTEX-UTHO-0011-R6A-SM-3GIJW",0.3600305354986,0.262970149018975,0,0.172124506950549,0.204874808531875
"2381","GTEX-UTHO-2926-SM-3P5Z9",0.657525974964635,0.141619394672039,0,0.033319792539341,0.167534837823985
"2382","GTEX-UTHO-3026-SM-3GAFB",0.519847828182378,0.0708917518293227,0,0.290275871980915,0.118984548007384
"2383","GTEX-WHSE-0011-R10A-SM-EYYVG",0.467969166454584,0.259835232962282,0,0,0.272195600583134
"2384","GTEX-WHSE-0011-R11A-SM-3P5YY",0.451538212943264,0.0973070442480727,0,0.215098247123667,0.236056495684997
"2385","GTEX-WHSE-0011-R1A-SM-3P5ZK",0.561914478960361,0.0916069000846983,0,0.110191878398091,0.23628674255685
"2386","GTEX-WHSE-0011-R2A-SM-3P5ZL",0.12837091301222,0.0771174767450487,0.0203568196700153,0.45592804242479,0.318226748147926
"2387","GTEX-WHSE-0011-R3A-SM-3P5ZM",0.473393304538507,0.22571421285243,0,0.00475157913302243,0.29614090347604
"2388","GTEX-WHSE-0011-R4A-SM-3P5ZN",0.177758557284863,0.204631958297204,0.0131554186686418,0.245565886934841,0.35888817881445
"2389","GTEX-WHSE-0011-R6A-SM-3P5ZP",0.302368171479719,0.308775118927972,0.00623923048150155,0.0442698262932391,0.338347652817569
"2390","GTEX-WHSE-0011-R7A-SM-3P5YZ",0.448509113950186,0.0119503360261977,0.0427887517951039,0.126087930330641,0.370663867897871
"2391","GTEX-WHSE-0011-R8A-SM-3P5Z1",0.217754089132427,0.0248978097664927,0.00197684540070141,0.345852052688531,0.409519203011847
"2392","GTEX-WHSE-2926-SM-3NMBG",0.48128566180108,0.162214056929813,0,0.105282309077966,0.251217972191141
"2393","GTEX-WHSE-3026-SM-3P5ZH",0.543081701804447,0.156654568675595,0,0.0618124184281439,0.238451311091814
"2394","GTEX-WL46-0011-R10A-SM-3MJFQ",0.870571547927481,0,0,0.00340896851237764,0.126019483560141
"2395","GTEX-WL46-0011-R11A-SM-3MJFT",0.758325522186762,0,0.00146790056774159,0.118341431723046,0.121865145522451
"2396","GTEX-WL46-0011-R1A-SM-3LK6M",0.494093003245664,0.0366746792640767,0,0.259439733166703,0.209792584323557
"2397","GTEX-WL46-0011-R3A-SM-3TW8E",0.825214206660986,0,0,0.00422606797607507,0.170559725362939
"2398","GTEX-WL46-0011-R5A-SM-3LK6V",0.331000758727152,0,0,0.416645197772833,0.252354043500016
"2399","GTEX-WL46-0011-R6A-SM-3LK6X",0.23080908121764,0.149893050000157,0,0.416150134608265,0.203147734173937
"2400","GTEX-WL46-0011-R7A-SM-3LK7X",0.430138249339826,0.00790768028874833,0,0.222854417445049,0.339099652926376
"2401","GTEX-WL46-0011-R9A-SM-3MJFP",0,0,0,0.842431300628784,0.157568699371216
"2402","GTEX-WL46-2826-SM-3LK81",0.768990366234006,0,0,0.064492456993898,0.166517176772096
"2403","GTEX-WL46-2926-SM-3LK82",0.694849517247728,0,0,0.124235613413769,0.180914869338502
"2404","GTEX-WVLH-0011-R10A-SM-3MJFM",0.822167621193542,3.18187652426667e-05,0,0.061832625980504,0.115967934060712
"2405","GTEX-WVLH-0011-R11A-SM-3MJFO",0.86794227478575,0.00803755931856737,0,0.0293417077345887,0.094678458161094
"2406","GTEX-WVLH-0011-R1A-SM-4MVOK",0.20332971518464,0.279621566378386,0,0.160034975845293,0.357013742591681
"2407","GTEX-WVLH-0011-R4A-SM-3MJFS",0.338568765519901,0.344864752656014,0,0.102352789348901,0.214213692475184
"2408","GTEX-WVLH-0011-R5A-SM-3MJFW",0.337782889972645,0.346101209971658,0,0.11674314569808,0.199372754357617
"2409","GTEX-WVLH-0011-R6A-SM-3MJFZ",0.219399612203074,0.279988500934929,0,0.270049933134413,0.230561953727584
"2410","GTEX-WVLH-0011-R7A-SM-3MJFB",0.0188879774159838,0.454309993767864,0,0.203055135744776,0.323746893071376
"2411","GTEX-WVLH-0011-R8A-SM-3MJFC",0.111261549770337,0.0494806656404767,0,0.230976676536085,0.608281108053102
"2412","GTEX-WVLH-2926-SM-3MJG5",0.542494356490727,0.0896039070887013,0,0.172358786593784,0.195542949826788
"2413","GTEX-WVLH-3026-SM-3MJG9",0.734224598445236,0.0541895598250458,0,0.0379455481193927,0.173640293610326
"2414","GTEX-WWYW-0011-R10A-SM-3NB35",0.605419458021826,0.094543486781877,0,0.157124230562616,0.142912824633681
"2415","GTEX-WWYW-0011-R11A-SM-3NB38",0.696584932805634,0.0727657868515359,0,0.069571396917714,0.161077883425116
"2416","GTEX-WWYW-0011-R1A-SM-3TW8G",0.515704912157424,0.106030675341531,0,0.128615793848714,0.24964861865233
"2417","GTEX-WWYW-0011-R5A-SM-3NB3E",0.198583632977646,0.255188346869514,0,0.252239736230916,0.293988283921924
"2418","GTEX-WWYW-0011-R6A-SM-3NB3G",0.400673834399555,0.303756683241381,0,0.0769807514412992,0.218588730917764
"2419","GTEX-WWYW-0011-R7A-SM-3NB3H",0.0765496562454774,0.284275227152565,0,0.316270028676671,0.322905087925287
"2420","GTEX-WWYW-0011-R8A-SM-3NB3S",1.99782701262425e-05,0.179969920716147,0,0.493532399408048,0.326477701605679
"2421","GTEX-WWYW-3026-SM-3NB36",0.435955657534732,0.127659279167715,0,0.181461404686993,0.25492365861056
"2422","GTEX-WWYW-3126-SM-3NB39",0.586459913174531,0.154035104488091,0,0.00184426905566513,0.257660713281713
"2423","GTEX-WZTO-0011-R10B-SM-4E3KB",0.8214374016808,0.0350324099692166,0,0.0129090756144871,0.130621112735496
"2424","GTEX-WZTO-0011-R11A-SM-4E3K9",0.710449337165597,0.0414224271638594,0,0.085224170437549,0.162904065232995
"2425","GTEX-WZTO-0011-R1B-SM-3NMAR",0.174391398763704,0.131535640051085,0,0.532244370547125,0.161828590638086
"2426","GTEX-WZTO-0011-R3B-SM-3NMC6",0.787681804504125,0.0695783692693651,0,0.0299091187417785,0.112830707484731
"2427","GTEX-WZTO-0011-R4A-SM-3NMC7",0.591032292879134,0.121431796972127,0,0.123665292175303,0.163870617973436
"2428","GTEX-WZTO-0011-R5B-SM-3NMC5",0.314063275405379,0.232440243429574,0,0.243513433666159,0.209983047498888
"2429","GTEX-WZTO-0011-R6B-SM-4E3J6",0.504938133880833,0.240147767447772,0,0.088790467203665,0.16612363146773
"2430","GTEX-WZTO-0011-R7B-SM-4E3IS",0.172472805579477,0.184299762164835,0,0.404261434741163,0.238965997514525
"2431","GTEX-WZTO-0011-R8A-SM-4E3II",0.48752591318094,0.013459439891685,0,0.270870418296809,0.228144228630567
"2432","GTEX-WZTO-2826-SM-3NM8P",0.648047763786195,0.102984440261441,0,0.141707106230911,0.107260689721453
"2433","GTEX-WZTO-2926-SM-3NM9I",0.584681712622754,0.148813299458608,0,0,0.266504987918638
"2434","GTEX-X261-0011-R10B-SM-4E3JT",0.307225688447998,0.266186106022709,0,0.0532554489159518,0.373332756613341
"2435","GTEX-X261-0011-R11A-SM-4E3JY",0.666890150438697,0.107856040351219,0,0.0201246121330256,0.205129197077058
"2436","GTEX-X261-0011-R5A-SM-3NMB4",0,0.557392522387655,0,0.0744908637226374,0.368116613889708
"2437","GTEX-X261-0011-R6B-SM-4E3J8",0,0.512568673458944,0,0.103326947870816,0.38410437867024
"2438","GTEX-X261-0011-R7A-SM-4E3JJ",0,0.42808534329004,0,0.0994738392796073,0.472440817430353
"2439","GTEX-X261-0011-R8A-SM-4E3I5",0.301435540864696,0.178427715332483,0,0.0917877544296396,0.428348989373181
"2440","GTEX-X261-3126-SM-4PQZC",0.648605358586286,0.14475256215809,0,0,0.206642079255624
"2441","GTEX-X4EP-0011-R10B-SM-4QASJ",0.42446157207965,0.133063611833024,0.0394161868883402,0,0.403058629198986
"2442","GTEX-X4EP-0011-R11B-SM-4QASK",0.613783297201259,0.0900567437937536,0.0157734600301646,0.0200273244025401,0.260359174572283
"2443","GTEX-X4EP-0011-R1A-SM-3P624",0,0.0635637591798756,0.261221226638898,0,0.675215014181226
"2444","GTEX-X4EP-0011-R3A-SM-3P626",0,0,0.158108800990075,0,0.841891199009925
"2445","GTEX-X4EP-0011-R4B-SM-3P627",0,0,0.105990249262025,0,0.894009750737975
"2446","GTEX-X4EP-0011-R6A-SM-3P629",0,0.161527139102311,0.109015519369504,0,0.729457341528185
"2447","GTEX-X4EP-0011-R8B-SM-4QASL",0.0378211012023193,0,0.14257133049735,0.151609560722468,0.667998007577863
"2448","GTEX-X4EP-3026-SM-3P5YP",0.449614049052054,0.136620052288311,0.0215364854878566,0,0.392229413171779
"2449","GTEX-X4XX-0011-R10B-SM-46MWO",0.705338704910684,0.0836461547042254,0,0.03548418445108,0.175530955934011
"2450","GTEX-X4XX-0011-R11A-SM-46MWQ",0.698920278890068,0.0868111366405942,0.0173040670684699,0.0424026925404858,0.154561824860382
"2451","GTEX-X4XX-0011-R1B-SM-3P622",0.14858135192577,0.242542050890854,0.0084885403620995,0.288739577184677,0.311648479636599
"2452","GTEX-X4XX-0011-R2A-SM-3P623",0,0.0133977037530865,0,0.831355578255923,0.15524671799099
"2453","GTEX-X4XX-0011-R3B-SM-46MWK",0.528087770731727,0.20435984239489,0,0.046110272400151,0.221442114473232
"2454","GTEX-X4XX-0011-R4B-SM-46MWL",0.108067864912827,0.0315559445941021,0,0.567758633962355,0.292617556530716
"2455","GTEX-X4XX-0011-R5A-SM-46MWN",0,0.184399301694903,0.00745304331805766,0.536407108844849,0.271740546142191
"2456","GTEX-X4XX-0011-R6B-SM-46MWP",0.333572640929378,0.341403300319494,0,0.0970249860637846,0.227999072687344
"2457","GTEX-X4XX-0011-R8B-SM-46MWM",0.418428036694267,0.0163047291025274,0.0535351704822451,0.215086195455144,0.296645868265816
"2458","GTEX-X4XX-2926-SM-3NMB1",0.698801118696671,0.127191405163124,0.00335352302185944,0.017710475629164,0.152943477489182
"2459","GTEX-X4XX-3026-SM-3NMB2",0.545675500061308,0.201857647059323,0,0.0165267535518327,0.235940099327536
"2460","GTEX-X4XY-0011-R10B-SM-46MWS",0,0.0534037455882076,0,0.45684547157803,0.489750782833762
"2461","GTEX-X4XY-0011-R3B-SM-EXOHI",0.571524178173127,0.0141979028619434,0,0.0418397141396985,0.372438204825231
"2462","GTEX-X4XY-0011-R6B-SM-46MVB",0.0402963952023556,0.144472531194656,0,0.0840619876326942,0.731169085970294
"2463","GTEX-X4XY-0011-R8A-SM-46MVC",0,0.137590347476862,0,0.349718874674774,0.512690777848364
"2464","GTEX-X4XY-3026-SM-EWRM9",0.688954872087705,0.0105346283681954,0,0.0166575336972448,0.283852965846855
"2465","GTEX-X585-0011-R10A-SM-46MUY",0.735803154659859,0,0.0136173385284468,0.0211597090690145,0.22941979774268
"2466","GTEX-X585-0011-R11B-SM-46MUZ",0.444216059961252,0.0818742536957162,0.0743231606258859,0.0600395856716398,0.339546940045506
"2467","GTEX-X585-0011-R1B-SM-46MVE",0.602405037214183,0,0.0248136951100573,0.127236192493241,0.245545075182519
"2468","GTEX-X585-0011-R2B-SM-46MVF",0.160378248046566,0.0328039053214308,0.0474481140464095,0.366822588576185,0.392547144009409
"2469","GTEX-X585-0011-R3B-SM-46MVG",0.715246857533081,0.0364285641726456,0.00618328503610097,0.0242013787126458,0.217939914545526
"2470","GTEX-X585-0011-R4B-SM-46MVH",0.154983744591594,0.0144413033312189,0.0590916990064951,0.448259347851842,0.32322390521885
"2471","GTEX-X585-0011-R5A-SM-46MVI",0.316693484315742,0,0.045524038010217,0.232987226072726,0.404795251601315
"2472","GTEX-X585-0011-R6A-SM-46MVJ",0.508144251757268,0.0146298261170882,0.0368563271526505,0.110817665384107,0.329551929588886
"2473","GTEX-X585-0011-R8A-SM-46MUX",0.674645782910396,0,0.0192742301340906,0.0636954720431545,0.242384514912359
"2474","GTEX-X585-3026-SM-46MWF",0.411904674409556,0.0903588860240132,0.0126107543215603,0.0563094030322742,0.428816282212596
"2475","GTEX-XLM4-0011-R10A-SM-4AT5P",0.542752015506433,0.172005284618544,0,0.0609768852635017,0.224265814611522
"2476","GTEX-XLM4-0011-R2B-SM-4AT5Z",0.0525695962241084,0.0896782229169898,0.0125271044232461,0.487360862963535,0.357864213472121
"2477","GTEX-XLM4-0011-R3B-SM-4AT6E",0.64181327574015,0.167919915707469,0,0.0127774954034404,0.177489313148941
"2478","GTEX-XLM4-0011-R4B-SM-4AT5C",0.33759149977087,0.20621861045516,0,0.246437846036799,0.209752043737172
"2479","GTEX-XLM4-0011-R6A-SM-4AT4B",0.552925866419245,0.211967081669425,0.00227023529096663,0.0286841534064375,0.204152663213926
"2480","GTEX-XLM4-0011-R7A-SM-4AT5L",0.34610369218454,0.153425969554594,0,0.168866840555303,0.331603497705562
"2481","GTEX-XLM4-0011-R8A-SM-4AT44",0,0.0474646997019497,0,0.754744696704898,0.197790603593152
"2482","GTEX-XLM4-0011-R9A-SM-4AT45",0,0.0641191983146277,0.0701465004590051,0.589839211118836,0.275895090107531
"2483","GTEX-XLM4-2926-SM-4AT59",0.548075294583886,0.204271097496218,0,0.0318847363985485,0.215768871521348
"2484","GTEX-XLM4-3026-SM-4AT6L",0.496465011995174,0.235309793462319,0,0.0841686930118894,0.184056501530618
"2485","GTEX-XMD1-0011-R10A-SM-4AT4A",0.034467351288452,0.154022827333365,0,0.52471695192722,0.286792869450963
"2486","GTEX-XMD1-0011-R11A-SM-4AT5J",0.721591543799309,0.0550264422657156,0.0127082712624036,0.0153215689458796,0.195352173726692
"2487","GTEX-XMD1-0011-R1A-SM-4AT4C",0,0.212541989317441,0,0.522426191775766,0.265031818906793
"2488","GTEX-XMD1-0011-R2B-SM-4AT5N",0,0.160384292298728,0.00432336961918129,0.397545345986213,0.437746992095877
"2489","GTEX-XMD1-0011-R3B-SM-4AT5R",0.0488743755135031,0.26297491234248,0,0.371463504813167,0.316687207330851
"2490","GTEX-XMD1-0011-R5A-SM-4AT47",0.0370684962161245,0.384076980339926,0.0489817023929464,0.109829647932657,0.420043173118347
"2491","GTEX-XMD1-0011-R6A-SM-4AT5K",0.25015777745796,0.346855872715996,0.00507064895673308,0.033837402913578,0.364078297955732
"2492","GTEX-XMD1-0011-R8A-SM-4AT48",0,0.205659293108804,0.0352030036745123,0.400707036723097,0.358430666493587
"2493","GTEX-XMD1-0011-R9A-SM-4AT49",0,0.0276373344113075,0.0347170687713235,0.731268771957253,0.206376824860116
"2494","GTEX-XMD1-2826-SM-4AT5F",0.486908958607786,0.247732984311763,0,0.0177375149509338,0.247620542129517
"2495","GTEX-Y111-2726-SM-4TT3N",0.519699545112235,0.228300487889032,0,0.0338978193745507,0.218102147624182
"2496","GTEX-Y111-2826-SM-4TT3O",0.66549940547742,0.0562225692573279,0,0.128900574525775,0.149377450739477
"2497","GTEX-Y8DK-0011-R10A-SM-4SOK1",0.76199704484614,0.0570317790951966,0,0.0297256183355417,0.151245557723121
"2498","GTEX-Y8DK-0011-R11A-SM-4SOK2",0.756126872591695,0.0449659311159577,0,0.0646769969237167,0.13423019936863
"2499","GTEX-Y8DK-0011-R1A-SM-4RGLO",0.444589575615488,0.0447095477453767,0,0.26111872507645,0.249582151562685
"2500","GTEX-Y8DK-0011-R3A-SM-4RTW5",0.626606190991766,0.17308030812125,0,0.0356581827024852,0.164655318184499
"2501","GTEX-Y8DK-0011-R4A-SM-EXUR1",0.146076203404281,0.186918332552639,0,0.378243114691146,0.288762349351934
"2502","GTEX-Y8DK-0011-R5B-SM-4RTW6",0.270300870149416,0.376620619909304,0,0.128651370881745,0.224427139059535
"2503","GTEX-Y8DK-0011-R6A-SM-4V6EG",0.253032309608574,0.319674871807798,0,0.211643168896253,0.215649649687375
"2504","GTEX-Y8DK-0011-R7A-SM-4SOJZ",0.0150280445017464,0.449188523692573,0,0.276087768702315,0.259695663103366
"2505","GTEX-Y8DK-0011-R8B-SM-EYYVQ",0.10318761697048,0.257506353258793,0,0.360188710995134,0.279117318775592
"2506","GTEX-Y8DK-0726-SM-4TT3S",0.615171683597587,0.204577237711974,0,0.0411983161401747,0.139052762550264
"2507","GTEX-Y8DK-0826-SM-4TT3T",0.603689294086067,0.180599967777051,0,0.0142028300179435,0.201507908118939
"2508","GTEX-YFC4-0011-R10a-SM-4SOK5",0.723654557759704,0.077008225970406,0,0.0810188333521687,0.118318382917721
"2509","GTEX-YFC4-0011-R11a-SM-4SOK6",0.737398605521311,0.126336667063771,0,0.0348108648558425,0.101453862559076
"2510","GTEX-YFC4-0011-R1a-SM-4V6EH",0.505679042143797,0.0989043785955976,0,0.225148671505323,0.170267907755283
"2511","GTEX-YFC4-0011-R2a-SM-4V6DZ",0,0.0326641216416227,0,0.608986198125494,0.358349680232884
"2512","GTEX-YFC4-0011-R3a-SM-4RGLP",0.805732398229812,0.0414677621521786,0,0.0149698398851263,0.137829999732883
"2513","GTEX-YFC4-0011-R4a-SM-4RGLQ",0.380605379187164,0.202718299763589,0,0.19528809604816,0.221388225001087
"2514","GTEX-YFC4-0011-R5a-SM-4RGLR",0.124918076311076,0.361381244620535,0,0.259905625721868,0.253795053346521
"2515","GTEX-YFC4-0011-R6b-SM-4V6E1",0.0516044323038854,0.0861108416288022,0,0.660396477880284,0.201888248187028
"2516","GTEX-YFC4-0011-R7b-SM-4V6E2",0.1119418846557,0.493670930357552,0,0.136206016838826,0.258181168147921
"2517","GTEX-YFC4-0011-R8a-SM-4SOK3",0.307003327913577,0.0965739118435733,0,0.321638080503056,0.274784679739793
"2518","GTEX-YFC4-0011-R9a-SM-4SOK4",0,0.0302173294223775,0.0131739040340362,0.76112921808743,0.195479548456157
"2519","GTEX-YFC4-3026-SM-5IFJK",0.349628828912272,0.221312712432648,0,0.0626920403854623,0.366366418269618
"2520","GTEX-YFC4-3126-SM-5PNV6",0.569708790281232,0.141644507797043,0,0.124151863938189,0.164494837983535
"2521","GTEX-YJ89-0011-R10a-SM-4SOK9",0.731098421726874,0.136845014361842,0,0.00381162502612799,0.128244938885157
"2522","GTEX-YJ89-0011-R11a-SM-4SOKA",0.856249822088606,0,0.00150260832144927,0.00626509433945406,0.135982475250491
"2523","GTEX-YJ89-0011-R1a-SM-4RGLS",0.188196241715783,0.0651787661108374,0,0.410278706253034,0.336346285920346
"2524","GTEX-YJ89-0011-R2b-SM-4RGLT",0,0.219236852369275,0,0.427864670005728,0.352898477624996
"2525","GTEX-YJ89-0011-R3b-SM-4V6EF",0.615866183454924,0.215677449489459,0,0,0.168456367055617
"2526","GTEX-YJ89-0011-R5a-SM-4V6GM",0.139000488924418,0.431466115956653,0,0.170524595054244,0.259008800064685
"2527","GTEX-YJ89-0011-R6a-SM-4V6GN",0.202451132891534,0.195747757406274,0,0.393068248535075,0.208732861167117
"2528","GTEX-YJ89-0011-R7a-SM-4V6GO",0.166523510637212,0.31157527500469,0,0.253069447999253,0.268831766358845
"2529","GTEX-YJ89-0011-R8b-SM-4SOK8",0.14911165554599,0.15822897066248,0,0.447119627869125,0.245539745922405
"2530","GTEX-YJ89-0011-R9a-SM-4SOK7",0,0.00176686385056266,0.00978558990306355,0.807670262010864,0.18077728423551
"2531","GTEX-YJ89-2926-SM-5P9IT",0.706754755399493,0.11296320970162,0,0.0368911857736638,0.143390849125223
"2532","GTEX-YJ89-3026-SM-5IFJI",0.550632532020732,0.231287894366487,0,0,0.218079573612781
"2533","GTEX-Z93S-0011-R10a-SM-4RGNM",0.764250118571639,0.056557575080657,0,0.00779507816143846,0.171397228186265
"2534","GTEX-Z93S-0011-R11a-SM-4RGNN",0.779462840243071,0,0,0.106444842500402,0.114092317256527
"2535","GTEX-Z93S-0011-R2a-SM-4RGNG",0.613551399992168,0,0,0.227762685091215,0.158685914916617
"2536","GTEX-Z93S-0011-R3b-SM-4RGNH",0.793350306269705,0.030307573796724,0,0.00908770723239814,0.167254412701173
"2537","GTEX-Z93S-0011-R5b-SM-4RGNI",0.420002302834699,0,0,0.378657004486274,0.201340692679027
"2538","GTEX-Z93S-0011-R6b-SM-4RGNJ",0.550245505571648,0.166020427651326,0,0.0877359406453513,0.195998126131674
"2539","GTEX-Z93S-0011-R7b-SM-4RGNK",0.608198587093911,0,0,0.1875749832954,0.204226429610689
"2540","GTEX-Z93S-0011-R8a-SM-4RGNL",0.453728808697092,0,0,0.328291088139295,0.217980103163613
"2541","GTEX-Z93S-2826-SM-57WBL",0.791037277702465,0.0052939623402452,0,0.077350234361529,0.126318525595761
"2542","GTEX-Z93S-2926-SM-57WB9",0.785451337900035,0.030926280637794,0,0,0.183622381462171
"2543","GTEX-ZAB4-0011-R10a-SM-4SOKH",0.491715496068672,0.222065711858431,0,0.0757301595520725,0.210488632520825
"2544","GTEX-ZAB4-0011-R11a-SM-4SOKI",0.679467234104845,0.0749130345096289,0.00365815537476639,0.0981506803951632,0.143810895615597
"2545","GTEX-ZAB4-0011-R1a-SM-4RGNO",0.241781528265509,0.190120419128412,0,0.353970120643765,0.214127931962314
"2546","GTEX-ZAB4-0011-R2a-SM-4RGNP",0,0.0965210286108079,0,0.758814212878351,0.144664758510841
"2547","GTEX-ZAB4-0011-R3a-SM-4RGNQ",0.667660540377885,0.166003155064243,0,0.00757647717028097,0.158759827387591
"2548","GTEX-ZAB4-0011-R4a-SM-4SOKB",0.374214840451036,0.0481977141485614,0,0.335331783139911,0.242255662260492
"2549","GTEX-ZAB4-0011-R5a-SM-4SOKC",0.27892265769874,0.29280149912443,0,0.167833905943315,0.260441937233515
"2550","GTEX-ZAB4-0011-R6a-SM-4SOKD",0.0906173467510983,0.123767459685669,0,0.523755142934868,0.261860050628365
"2551","GTEX-ZAB4-0011-R7a-SM-4SOKE",0.336979350017742,0.20495258989052,0,0.229182811476654,0.228885248615084
"2552","GTEX-ZAB4-0011-R8b-SM-4SOKF",0.0630321925771454,0.145846344623702,0,0.551902765087907,0.239218697711246
"2553","GTEX-ZAB4-0011-R9a-SM-4SOKG",0,0.0729792857777116,0.0339704047849342,0.597538434429028,0.295511875008326
"2554","GTEX-ZAB4-2926-SM-57WCV",0.507985027360316,0.196266553074544,0,0.113324469925433,0.182423949639707
"2555","GTEX-ZAJG-3026-SM-5HL92",0.604730977957262,0.123037057889536,0.000421196373532031,0.0185299665538789,0.253280801225791
"2556","GTEX-ZAJG-3126-SM-5HL9J",0.379554127903993,0.0665902165093135,0,0.265278294241212,0.288577361345482
"2557","GTEX-ZAK1-0011-R4a-SM-6AJBK",0.128640641378742,0.348975486657457,0,0.281647350202212,0.24073652176159
"2558","GTEX-ZAK1-2926-SM-5HL9S",0.673982293851887,0.115377141834077,0,0.0264208959129246,0.184219668401112
"2559","GTEX-ZAK1-3026-SM-5S2MJ",0.57041967106487,0.207565341944758,0,0.0159149641912082,0.206100022799164
"2560","GTEX-ZDXO-0011-R10a-SM-4WWD8",0.476707309715747,0.150288556272154,0,0.194248768276996,0.178755365735104
"2561","GTEX-ZDXO-0011-R11a-SM-4WWD9",0.842440809704665,0.00818226969709205,0.00240749499703355,0.0222418781259751,0.124727547475234
"2562","GTEX-ZDXO-0011-R1a-SM-4WKF4",0.297805082583336,0.310766388486505,0,0.16924816481673,0.22218036411343
"2563","GTEX-ZDXO-0011-R2b-SM-4WKFG",0,0.168380844172655,0,0.459646241095492,0.371972914731853
"2564","GTEX-ZDXO-0011-R3a-SM-4WKFS",0.501705332123945,0.282983434168014,0,0.0176121346786433,0.197699099029397
"2565","GTEX-ZDXO-0011-R5a-SM-4WKG5",0,0.341757805345443,0,0.371011098092385,0.287231096562173
"2566","GTEX-ZDXO-0011-R6a-SM-4WWCT",0.309783834947135,0.391201141906717,0,0.0444255640857675,0.25458945906038
"2567","GTEX-ZDXO-0011-R7a-SM-4WWCU",0.0458985109284206,0.552128205486195,0,0.0770366124123348,0.32493667117305
"2568","GTEX-ZDXO-0011-R8a-SM-4WWD7",0.226519591355648,0.370141752751451,0,0.0990733753146279,0.304265280578273
"2569","GTEX-ZDXO-2126-SM-4WKFI",0.379498110205144,0.334096302532883,0,0.0719775711831317,0.214428016078841
"2570","GTEX-ZDXO-2926-SM-4WKFM",0.635031098324987,0.117270283968238,0,0.0572748656815784,0.190423752025197
"2571","GTEX-ZE7O-0011-R10a-SM-57WAZ",0.111263131394183,0.136789112204761,0,0.585059015912351,0.166888740488705
"2572","GTEX-ZE7O-0011-R11a-SM-57WBC",0.674392670914543,0.0746759071015819,0,0.103449352289681,0.147482069694194
"2573","GTEX-ZE7O-0011-R1a-SM-57WDM",0.0870681806753935,0.188775835488039,0,0.375285535991471,0.348870447845096
"2574","GTEX-ZE7O-0011-R5a-SM-57WBO",0.180035797695115,0.457924355464059,0,0.119671539701925,0.2423683071389
"2575","GTEX-ZE7O-0011-R6a-SM-57WCI",0.152115264382437,0.395682387932181,0,0.20769945017889,0.244502897506492
"2576","GTEX-ZE7O-0011-R7a-SM-57WCU",0,0.380056765442222,0,0.383672431307536,0.236270803250242
"2577","GTEX-ZE7O-3126-SM-5HL5X",0.359923105518349,0.386110618569525,0,0,0.253966275912126
"2578","GTEX-ZE9C-0011-R11a-SM-4WKGG",0.719626655615034,0.0275775437009209,0.00624656689092879,0.0268444534345738,0.219704780358542
"2579","GTEX-ZE9C-0011-R2a-SM-4WKGH",0,0.0121429709063315,0,0.763128373817015,0.224728655276653
"2580","GTEX-ZE9C-0011-R3a-SM-4WKGT",0.332381183506701,0.28597532183863,0,0.126512305667588,0.255131188987081
"2581","GTEX-ZE9C-0011-R4a-SM-4WKH6",0,0.261020854485175,0,0.380917048933078,0.358062096581747
"2582","GTEX-ZE9C-0011-R5a-SM-5EGLO",0.230757263866948,0.439708220329856,0,0.0611307237822483,0.268403792020948
"2583","GTEX-ZE9C-0011-R6a-SM-4WWCW",0.24648826194478,0.410438417780344,0,0.0378679549865297,0.305205365288346
"2584","GTEX-ZE9C-0011-R7a-SM-4WWCX",0.138413046205883,0.331157856947594,0,0.198175243706332,0.332253853140191
"2585","GTEX-ZE9C-0011-R9a-SM-4WWCY",0,0.0405199929359972,0.00626414767184055,0.692270316510576,0.260945542881586
"2586","GTEX-ZE9C-3026-SM-4WKHB",0.472713822690646,0.233928035354185,0,0.0726808523815101,0.220677289573659
"2587","GTEX-ZF28-0011-R10a-SM-4WWEH",0.650576583233575,0.147506225781768,0,0.00175234377109049,0.200164847213567
"2588","GTEX-ZF28-0011-R11a-SM-4WWEI",0.556359665201131,0.112331139496133,0,0.00904372793152464,0.322265467371211
"2589","GTEX-ZF28-0011-R1a-SM-4WWD1",0.242982166346103,0.183309830425674,0,0.208262267168176,0.365445736060047
"2590","GTEX-ZF28-0011-R3a-SM-4WWDA",0.29611779538736,0.375865042760865,0,0.0308735709806262,0.297143590871149
"2591","GTEX-ZF28-0011-R5a-SM-4WWCZ",0.0696946707210128,0.400154253345256,0,0.240876556942552,0.289274518991178
"2592","GTEX-ZF28-0011-R6a-SM-4WKHI",0,0.134198124138746,0.0293379515419358,0.284006171277136,0.552457753042182
"2593","GTEX-ZF28-0011-R7a-SM-4WKF5",0,0.431220631037572,0,0.240924061996319,0.327855306966109
"2594","GTEX-ZF28-0011-R8a-SM-4WWFW",0.04732640978406,0.195506958467714,0,0.121446180511331,0.635720451236894
"2595","GTEX-ZF28-0011-R9a-SM-4WWDY",0,0.0368718753570076,0.0617776206119121,0.667571266363042,0.233779237668038
"2596","GTEX-ZF28-2926-SM-4WKG1",0.290871664543996,0.320375591492191,0,0.047667869385686,0.341084874578127
"2597","GTEX-ZF28-3026-SM-4WKHP",0.446610402539999,0.243473834066508,0,0.0294221664520609,0.280493596941432
"2598","GTEX-ZUA1-0011-R10a-SM-51MT6",0.580713480143191,0.179403226808565,0,0.0237281507377217,0.216155142310523
"2599","GTEX-ZUA1-0011-R11b-SM-51MTI",0.771889198285091,0.0451185826719544,0,0.0330882790717082,0.149903939971246
"2600","GTEX-ZUA1-0011-R1a-SM-4YCE2",0.181523226705804,0.20882394114221,0,0.35654090901262,0.253111923139366
"2601","GTEX-ZUA1-0011-R3a-SM-4YCEE",0.552942648981409,0.219002184929786,0,0.0195486897843627,0.208506476304442
"2602","GTEX-ZUA1-0011-R5b-SM-51MTG",0.348692986942276,0.258498074371488,0,0.177233046757008,0.215575891929228
"2603","GTEX-ZUA1-0011-R6b-SM-4YCDD",0,0.0246811193384686,0.0170028922141373,0.688631492032047,0.269684496415347
"2604","GTEX-ZUA1-0011-R7b-SM-4YCDP",0.387537395362134,0.249111403801524,0,0.1247579971867,0.238593203649642
"2605","GTEX-ZUA1-0011-R8b-SM-51MST",0.496366093582851,0,0,0.191710668353094,0.311923238064055
"2606","GTEX-ZUA1-2926-SM-59HL3",0.755012324149743,0.0573304385174318,0,0.0215283089085856,0.166128928424239
"2607","GTEX-ZUA1-3026-SM-59HJC",0.643133192544754,0.167339697280552,0,0.00847027339902063,0.181056836775673
"2608","GTEX-ZV68-0011-R10a-SM-51MT7",0.0554179862192559,0.584843606748105,0,0.0556259846589843,0.304112422373655
"2609","GTEX-ZV68-0011-R2a-SM-4YCDK",0,0.261682505084715,0,0.396944679396038,0.341372815519247
"2610","GTEX-ZV68-0011-R5a-SM-4YCDW",0,0.600654663056478,0,0.126861332793271,0.272484004150251
"2611","GTEX-ZV68-0011-R6a-SM-51MSR",0,0.56625303892952,0,0.142358753856112,0.291388207214368
"2612","GTEX-ZV68-0011-R7a-SM-51MT4",0,0.523298834134134,0,0.208158579084141,0.268542586781725
"2613","GTEX-ZVT3-0011-R10b-SM-57WB6",0.570588231996501,0.226385876043571,0,0.005833903987423,0.197191987972505
"2614","GTEX-ZVT3-0011-R11b-SM-57WBI",0.803756532613514,0.00238740892768257,0.00569054712065799,0.0144786857116858,0.17368682562646
"2615","GTEX-ZVT3-0011-R3b-SM-51MTJ",0.197930554365611,0.381647536029937,0,0.0573036115041164,0.363118298100336
"2616","GTEX-ZVT3-0011-R5a-SM-51MSI",0,0.437906390719953,0,0.186396090804666,0.375697518475382
"2617","GTEX-ZVT3-0011-R6a-SM-51MSU",0,0.563445639002181,0,0.0669390785677978,0.369615282430022
"2618","GTEX-ZVT3-0011-R7a-SM-57WCO",0,0.445789619864353,0,0.102476459554223,0.451733920581424
"2619","GTEX-ZVT3-0011-R8b-SM-57WDJ",0.134226890257892,0.241895231448072,0,0.297033155341645,0.326844722952392
"2620","GTEX-ZVT3-2926-SM-5GU6M",0.488021497734688,0.160647822483093,0,0.122658301575715,0.228672378206504
"2621","GTEX-ZVT3-3026-SM-5E43N",0.460410160674905,0.293482838950176,0,0,0.246107000374919
"2622","GTEX-ZVZQ-0011-R10b-SM-51MRT",0.644812080608883,0.113732011423836,0,0.0811755072182759,0.160280400749006
"2623","GTEX-ZVZQ-0011-R11a-SM-51MS6",0.83189488343343,0.0229761092342826,0,0.0239252786973224,0.121203728634965
"2624","GTEX-ZVZQ-0011-R1a-SM-57WBU",0.106618389639214,0.0873691469899503,0,0.488679223891822,0.317333239479014
"2625","GTEX-ZVZQ-0011-R3a-SM-57WC7",0.36374169895077,0.292485071281913,0,0.137569728242725,0.206203501524593
"2626","GTEX-ZVZQ-0011-R4b-SM-57WCZ",0.28911328693073,0.393441039268288,0,0.0974920118645232,0.219953661936459
"2627","GTEX-ZVZQ-0011-R5b-SM-57WDC",0.0811016014260933,0.562334390355322,0,0.105461702711236,0.251102305507349
"2628","GTEX-ZVZQ-0011-R6b-SM-57WAY",0.261196162795828,0.518988863878736,0,0.0125009077891451,0.207314065536291
"2629","GTEX-ZVZQ-0011-R7b-SM-57WBB",0,0.14577012056335,0,0.652226516887989,0.20200336254866
"2630","GTEX-ZVZQ-0011-R8a-SM-51MR5",0.428279125024352,0.200853635648924,0,0.133028949599928,0.237838289726796
"2631","GTEX-ZVZQ-0011-R9a-SM-51MRH",0,0.0307096689311253,0.00627041494611196,0.698467606038347,0.264552310084416
"2632","GTEX-ZXG5-0011-R10a-SM-57WDD",0.434493438251032,0.284724506186909,0,0.0889997170000014,0.191782338562058
"2633","GTEX-ZXG5-0011-R5b-SM-57WBN",0.102099155344109,0.433642676394274,0,0.264253133170006,0.200005035091611
"2634","GTEX-ZXG5-0011-R6a-SM-57WBZ",0.353834113074506,0.349074169051041,0,0.0882334149231016,0.208858302951351
"2635","GTEX-ZXG5-0011-R7b-SM-57WCC",0,0.368207279997625,0,0.39972286307758,0.232069856924795
"2636","GTEX-ZXG5-0011-R8a-SM-57WD1",0.335096534967565,0.143138591436925,0,0.158091720797514,0.363673152797996
"2637","GTEX-ZYFD-2926-SM-5GID9",0.592363608239135,0.121600896089959,0,0.101565157333078,0.184470338337827
"2638","GTEX-ZYFD-3026-SM-5E44C",0.576420614018562,0.156545883909805,0,0.0404949237409247,0.226538578330709
"2639","GTEX-ZYY3-3026-SM-5GIEJ",0.515491609123535,0.220360582645721,0,0.0437971179944002,0.220350690236343
"2640","GTEX-ZYY3-3126-SM-5SI9L",0.246671677748116,0.166234609723267,0,0,0.587093712528617
"2641","GTEX-ZZPT-2926-SM-5EQ5S",0.537832441333468,0.222224079515598,0,0,0.239943479150934
"2642","GTEX-ZZPT-3026-SM-5GZXH",0.224111531552169,0.37042841599521,0,0.0578786935764886,0.347581358876132
