"","SampleID","Proportion of Neurons (MultiBrain)","Proportion of Astrocytes (MultiBrain)","Proportion of Microglia (MultiBrain)","Proportion of Oligodendrocytes (MultiBrain)","Proportion of Endothelia (MultiBrain)"
"1","HSB123",0.471590103803267,0.097179049013564,0,0.341383260073244,0.0898475871099254
"2","HSB126",0.570820645005309,0,0,0.218459126846703,0.210720228147988
"3","HSB130",0.537112793082174,0.0679386115463681,0.00102978706616512,0.264939049529906,0.128979758775386
"4","HSB135",0.584561914487613,0,0,0.0820235939494613,0.333414491562926
"5","HSB136",0.332929200816141,0.290963671736,0,0.151308361881827,0.224798765566032
"6","HSB145",0.756460068894063,0.0123225851257256,0,0.0915794116018234,0.139637934378388
"7","CMC_MSSM_002",0.679970343140231,0.152038833979907,0,0.104079158207608,0.0639116646722539
"8","CMC_MSSM_003",0.564864118063318,0.165171068457165,0,0.171085114214068,0.0988796992654482
"9","CMC_MSSM_004",0.73791049778142,0.127766693147134,0,0.0652429052290787,0.0690799038423673
"10","CMC_MSSM_005",0.654542716522752,0.126961399171271,0,0.110703270117701,0.107792614188277
"11","CMC_MSSM_006",0.717510221920397,0.107143869300463,0,0.0887712251103289,0.0865746836688109
"12","CMC_MSSM_007",0.640218892013574,0.0848351334112455,0,0.1935146288339,0.08143134574128
"13","CMC_MSSM_008",0.581583558183317,0.103153129693724,0,0.201675767516644,0.113587544606315
"14","CMC_MSSM_009",0.745444539178698,0.115501147197715,0,0.0498190621175049,0.0892352515060819
"15","CMC_MSSM_010",0.663817730782344,0.115010066066583,0,0.147406903417509,0.0737652997335642
"16","CMC_MSSM_011",0.690399200939712,0.0807181324768508,0,0.138484459836521,0.0903982067469164
"17","CMC_MSSM_012",0.689010135786518,0.155572108586481,0,0.0734446988445898,0.0819730567824104
"18","CMC_MSSM_013",0.595102412867104,0.11425091444886,0,0.185705731708595,0.104940940975442
"19","CMC_MSSM_016",0.57922072082051,0.102590093622872,0,0.20942074970975,0.108768435846868
"20","CMC_MSSM_017",0.647480413433407,0.103951842075878,0,0.160282432213836,0.0882853122768795
"21","CMC_MSSM_019",0.584390678176871,0.145929843596891,0.00204636959052262,0.170348336502045,0.0972847721336707
"22","CMC_MSSM_020",0.60150658804252,0.227751687276332,0,0.0874758955737182,0.0832658291074291
"23","CMC_MSSM_021",0.758355240055633,0.0931498704116454,0,0.0648309965095113,0.0836638930232107
"24","CMC_MSSM_022",0.490289622421487,0.109554399816647,0.0193120840815745,0.232476522051371,0.148367371628921
"25","CMC_MSSM_023",0.62907140874166,0.116609558643943,0,0.184147522945912,0.0701715096684847
"26","CMC_MSSM_024",0.660253963995649,0.203011211045227,0.000917679374240561,0.0732025821824906,0.0626145634023932
"27","CMC_MSSM_025",0.321785911065046,0.131368063903321,0,0.468015546951778,0.078830478079855
"28","CMC_MSSM_026",0.544002233220634,0.0679252924695752,0,0.280875516828695,0.107196957481096
"29","CMC_MSSM_027",0.343372541578424,0.176167223601691,0.0013703441654273,0.400304390406181,0.0787855002482779
"30","CMC_MSSM_028",0.590860199135577,0.199170847576227,0,0.137534651187325,0.0724343021008714
"31","CMC_MSSM_029",0.520769576230403,0.0901628244487516,0,0.316829718892462,0.0722378804283829
"32","CMC_MSSM_033",0.347988310633187,0.159142843254655,0,0.420812695884732,0.0720561502274258
"33","CMC_MSSM_035",0.624947485251339,0.0862523456521825,0,0.156037564403945,0.132762604692534
"34","CMC_MSSM_036",0.467187929962144,0.246084352381643,0.0388052062274509,0.122563233936255,0.125359277492507
"35","CMC_MSSM_037",0.657585174772901,0.0989061225717491,0,0.128161176976418,0.115347525678932
"36","CMC_MSSM_038",0.569690734364209,0.206437043909613,0,0.122281993187133,0.101590228539045
"37","CMC_MSSM_039",0.550046872669276,0.171590037506129,0,0.181056522701365,0.0973065671232301
"38","CMC_MSSM_040",0.785834902684261,0.0999256867294095,0,0.0581265243968639,0.0561128861894655
"39","CMC_MSSM_041",0.510802853664614,0.116130297203838,0,0.264416274356375,0.108650574775172
"40","CMC_MSSM_042",0.573871811747507,0.118773845501802,0,0.214855679651347,0.0924986630993445
"41","CMC_MSSM_044",0.44477948809331,0.306902721054717,0.000176993933295163,0.111720982331374,0.136419814587304
"42","CMC_MSSM_045",0.553438766331607,0.108711495935933,0,0.241641125690839,0.0962086120416205
"43","CMC_MSSM_046",0.638362913474303,0.0889190173116189,0,0.157707340186848,0.115010729027231
"44","CMC_MSSM_047",0.715193268543628,0.0862279274825854,0,0.115749690627323,0.0828291133464639
"45","CMC_MSSM_048",0.62416673381644,0.15959607149538,0,0.17857204610544,0.0376651485827402
"46","CMC_MSSM_049",0.679852275088185,0.0654849114983223,0,0.17146655760178,0.0831962558117133
"47","CMC_MSSM_050",0.584992657319626,0.160594933629256,0,0.128120913190933,0.126291495860185
"48","CMC_MSSM_051",0.535761983992163,0.238528780324645,0.00626155843716967,0.10884825786481,0.110599419381212
"49","CMC_MSSM_052",0.533108691627094,0.145568981917121,0,0.12831921551128,0.193003110944506
"50","CMC_MSSM_053",0.436675787812135,0.267452106129766,0,0.246062471676605,0.0498096343814939
"51","CMC_MSSM_054",0.650533958962152,0.111681493944915,0,0.119575687180375,0.118208859912557
"52","CMC_MSSM_055",0.650208229332153,0.132871649310782,0,0.123604144617621,0.0933159767394435
"53","CMC_MSSM_056",0.561726182429716,0.132072496556682,0,0.182440716137629,0.123760604875974
"54","CMC_MSSM_057",0.562198684932923,0.153369364520289,0,0.176714457928514,0.107717492618274
"55","CMC_MSSM_058",0.577228475263514,0.101786305795567,0,0.236092593466992,0.0848926254739278
"56","CMC_MSSM_059",0.55538201374777,0.184879802547136,0,0.177353058504339,0.0823851252007556
"57","CMC_MSSM_060",0.716440968245459,0.0835653091153452,0,0.108665573856249,0.0913281487829468
"58","CMC_MSSM_061",0.66415424706569,0.126102537117837,0,0.0998181983428946,0.109925017473579
"59","CMC_MSSM_062",0.495874272863354,0.120758709029106,0.0143398130006338,0.234936303047668,0.134090902059238
"60","CMC_MSSM_063",0,0.407452540714534,0.00486613003030725,0.439733090798762,0.147948238456396
"61","CMC_MSSM_064",0.638663132714174,0.104969407844312,0,0.133090918199882,0.123276541241632
"62","CMC_MSSM_065",0.716499836243188,0.10425524412028,0,0.098675157304917,0.0805697623316153
"63","CMC_MSSM_066",0.679430008352886,0.0800748136361462,0,0.161539058662257,0.078956119348711
"64","CMC_MSSM_067",0.67897371730224,0.159777195743648,0,0.0857574899980044,0.075491596956108
"65","CMC_MSSM_069",0,0.287522176306266,0.101810552669675,0.28422819369148,0.326439077332579
"66","CMC_MSSM_071",0.551430369135965,0.179935670499112,0.0299223482185408,0.127668799852987,0.111042812293394
"67","CMC_MSSM_072",0.773557845145992,0.120668561010024,0,0.0316881287420698,0.0740854651019143
"68","CMC_MSSM_073",0.527694761327408,0.121828446788389,0.00416246785315999,0.205161997252153,0.14115232677889
"69","CMC_MSSM_074",0.503918567060792,0.130211483578682,0,0.283111351677621,0.0827585976829049
"70","CMC_MSSM_075",0.721978086909451,0.0833949108741135,0,0.106444072809307,0.0881829294071292
"71","CMC_MSSM_076",0.737690673733073,0.0944777896134619,0,0.102390595179425,0.06544094147404
"72","CMC_MSSM_077",0.620058924469765,0.128936510400741,0.0144964571226759,0.115410211339965,0.121097896666854
"73","CMC_MSSM_078",0.68257109332334,0.0798154439834045,0.00137736113510726,0.149599567855766,0.0866365337023831
"74","CMC_MSSM_079",0.661527494551896,0.0862947461124412,0,0.118336537954492,0.133841221381171
"75","CMC_MSSM_080",0.544960882901021,0.119438328180598,0,0.262168011845165,0.0734327770732159
"76","CMC_MSSM_081",0.593033922466703,0.090428027811423,0.011872105879538,0.229080214686671,0.075585729155665
"77","CMC_MSSM_083",0.603923491599725,0.0880584713484859,0.00322569677344961,0.148582081291021,0.156210258987318
"78","CMC_MSSM_084",0.722439819653709,0.114425047353717,0,0.0540120771716439,0.10912305582093
"79","CMC_MSSM_085",0.651082518606592,0.12283047734277,0,0.140242427266279,0.0858445767843591
"80","CMC_MSSM_086",0.194775317864058,0.415253805495456,0,0.169623488336092,0.220347388304394
"81","CMC_MSSM_087",0.561128414389814,0.108206543445799,0,0.194735286724796,0.135929755439591
"82","CMC_MSSM_088",0.687937249017884,0.108997567266993,0.000666122065948987,0.113750244963396,0.0886488166857782
"83","CMC_MSSM_089",0.490713327401268,0.162916405312958,0.035079231278729,0.183593335555691,0.127697700451353
"84","CMC_MSSM_090",0.150911582770875,0.421390348233564,0,0.324070689412013,0.103627379583548
"85","CMC_MSSM_092",0.222578631137049,0.259526541665847,0,0.399953452822998,0.117941374374106
"86","CMC_MSSM_093",0.724562390324738,0.110990978064216,0,0.083345926170343,0.0811007054407028
"87","CMC_MSSM_094",0.531982366345491,0.0896652470349613,0.00375392352927771,0.240151872724794,0.134446590365476
"88","CMC_MSSM_095",0.550563273649258,0.106509352168252,0.0130099057661729,0.181584411573516,0.148333056842801
"89","CMC_MSSM_096",0.0581828693688201,0.353799170498058,0.0435601646493104,0.464958703638265,0.0794990918455457
"90","CMC_MSSM_097",0.665473957677028,0.213970488590647,0,0.0522733244250359,0.0682822293072886
"91","CMC_MSSM_098",0.640140882107371,0.0905581623468364,0,0.185832484306327,0.0834684712394656
"92","CMC_MSSM_099",0.69056389652904,0.093771998657938,0,0.144702268058654,0.0709618367543679
"93","CMC_MSSM_100",0.639914041345052,0.0862545810608265,0.00714205291764107,0.105856661061625,0.160832663614856
"94","CMC_MSSM_101",0.271302437213805,0.447301919983625,0,0.186259261076641,0.0951363817259291
"95","CMC_MSSM_104",0.56305127385616,0.109780372863772,0,0.190629647265679,0.136538706014389
"96","CMC_MSSM_105",0.483080709164614,0.198996093877417,0.000890347932702587,0.18971841293214,0.127314436093126
"97","CMC_MSSM_106",0.648176893043473,0.125935211910532,0,0.113997744891757,0.111890150154239
"98","CMC_MSSM_107",0.0991612059186033,0.494739959477273,0,0.258011753107749,0.148087081496375
"99","CMC_MSSM_108",0.143866490810622,0.331085324411992,0,0.350730419032529,0.174317765744857
"100","CMC_MSSM_109",0.654353368230791,0.103851142702562,0,0.15331535193133,0.0884801371353169
"101","CMC_MSSM_110",0.444917083094712,0.252087132243767,0.0144775611449021,0.242041510310628,0.0464767132059916
"102","CMC_MSSM_111",0.643909684135103,0.0798998286475129,0,0.186791714316179,0.0893987729012051
"103","CMC_MSSM_113",0.42612992915705,0.229619281171677,0.0149144432403347,0.226202394145082,0.103133952285857
"104","CMC_MSSM_115",0.708113665729656,0.071954726298284,0,0.143662954549913,0.0762686534221473
"105","CMC_MSSM_116",0.599921671330652,0.206316032239979,0.00177215521886353,0.11318288750303,0.0788072537074754
"106","CMC_MSSM_117",0.356684069762304,0.224451314649531,0.0121618004314084,0.299455267434472,0.107247547722284
"107","CMC_MSSM_118",0.608947314446409,0.139469847796227,0,0.151090383499141,0.100492454258222
"108","CMC_MSSM_119",0.679498900841521,0.125939130604161,0,0.113218826116264,0.0813431424380538
"109","CMC_MSSM_120",0.662844739947099,0.0924442018812907,0,0.162069890722481,0.0826411674491288
"110","CMC_MSSM_121",0.590244232654359,0.0381671563861398,0,0.251554094728435,0.120034516231067
"111","CMC_MSSM_122",0.534125640675864,0.112242425854383,0,0.209815913498985,0.143816019970768
"112","CMC_MSSM_123",0.777223924998443,0.0582058984867857,0,0.0841574898957601,0.0804126866190107
"113","CMC_MSSM_124",0.605707182931558,0.20239452628157,0,0.111328440214922,0.0805698505719509
"114","CMC_MSSM_128",0.675158795347676,0.158724074645365,0,0.0489088320033826,0.117208298003577
"115","CMC_MSSM_130",0.601031992590145,0.117366036072814,0,0.169372934812566,0.112229036524475
"116","CMC_MSSM_131",0.550103463765713,0.126266584203337,0,0.255550960565042,0.0680789914659077
"117","CMC_MSSM_132",0.590818260367467,0.177946529784671,0.00868549588533785,0.130587769212242,0.0919619447502822
"118","CMC_MSSM_133",0.684233077177586,0.103692097320327,0,0.0975244255112959,0.114550399990792
"119","CMC_MSSM_136",0.564834603975534,0.0955372321887033,0.0467863541011177,0.205100360658504,0.0877414490761408
"120","CMC_MSSM_137",0.347634385970136,0.242522890692896,0,0.30831786792626,0.101524855410709
"121","CMC_MSSM_138",0.594392132379043,0.166776962345685,0.00921217963086494,0.137466558270067,0.0921521673743394
"122","CMC_MSSM_139",0.422666045299224,0.11639326364493,0.10490049489189,0.127720007385113,0.228320188778842
"123","CMC_MSSM_140",0.657852380474152,0.0906300215553292,0,0.13759201698672,0.113925580983799
"124","CMC_MSSM_142",0.469756035304537,0.118490925657778,0,0.302004512762932,0.109748526274753
"125","CMC_MSSM_143",0.748391335795007,0.0713222495023168,0,0.121236054475266,0.0590503602274095
"126","CMC_MSSM_146",0.572372610498706,0.161800523187749,0.00566424583715322,0.139446772510406,0.120715847965985
"127","CMC_MSSM_147",0.0707215958458587,0.420758835183628,0,0.401864589644522,0.106654979325991
"128","CMC_MSSM_149",0.236491390945439,0.263813817104944,0,0.370503043699096,0.12919174825052
"129","CMC_MSSM_150",0.0758870809062895,0.448897139109434,0.0127743794985718,0.299585690099477,0.162855710386228
"130","CMC_MSSM_151",0.287337183358846,0.216584620196168,0,0.408458975646808,0.087619220798177
"131","CMC_MSSM_159",0.642425934649612,0.0880417456686944,0,0.196321810895375,0.0732105087863183
"132","CMC_MSSM_160",0.2010828713555,0.373103914743455,0,0.289830331712059,0.135982882188986
"133","CMC_MSSM_161",0.613983412223176,0.132275329969303,0,0.137038255148023,0.116703002659498
"134","CMC_MSSM_163",0.597478616780789,0.217356705523493,0,0.109587413146076,0.0755772645496425
"135","CMC_MSSM_166",0.607985395724475,0.109872516560933,0,0.205415772511827,0.0767263152027655
"136","CMC_MSSM_168",0.550948382755953,0.209074732587749,0.0118185302006586,0.1205695855033,0.107588768952338
"137","CMC_MSSM_169",0.387010221490244,0.269409899009434,0,0.251452360738386,0.0921275187619357
"138","CMC_MSSM_171",0.409675242990629,0.1728713901398,0.0117611295847358,0.334902202531917,0.0707900347529183
"139","CMC_MSSM_172",0.56354385610362,0.0860107909731539,0,0.246624066766387,0.103821286156839
"140","CMC_MSSM_173",0.703836872253158,0.0906266756208527,0,0.126360944078669,0.0791755080473204
"141","CMC_MSSM_174",0.693233546058791,0.114099361126998,0,0.114491771681393,0.0781753211328183
"142","CMC_MSSM_175",0.239200042619987,0.247668508576887,0.0341175578084988,0.266194568725779,0.212819322268847
"143","CMC_MSSM_177",0.895051865308652,0,0,0.0467993984191468,0.0581487362722015
"144","CMC_MSSM_178",0.63070469833326,0.090420330612112,0,0.192981150020178,0.0858938210344493
"145","CMC_MSSM_179",0.417038609203231,0.227116852800413,0.00422268910631248,0.257778716622161,0.0938431322678826
"146","CMC_MSSM_180",0.39541361818302,0.427014360506332,0,0.117011687059067,0.0605603342515803
"147","CMC_MSSM_182",0.669618052514714,0.0899922893101923,0,0.123213435748063,0.117176222427031
"148","CMC_MSSM_183",0.62628961383758,0.156132189852836,0,0.104201937043714,0.11337625926587
"149","CMC_MSSM_184",0.70181163890681,0.0927548264169927,0,0.126263081698629,0.0791704529775679
"150","CMC_MSSM_185",0.163989083446812,0.449011891671533,0,0.283857502183034,0.103141522698621
"151","CMC_MSSM_186",0.677243640037637,0.086696256807836,0,0.13964188398065,0.0964182191738767
"152","CMC_MSSM_187",0.705795442133704,0.119369622422497,0,0.069809803502631,0.105025131941168
"153","CMC_MSSM_188",0.536753715618403,0.101365373483484,0,0.241407801385154,0.120473109512959
"154","CMC_MSSM_190",0.707075192994025,0.151741449549099,0,0.0489507616086702,0.0922325958482049
"155","CMC_MSSM_192",0.577886245786764,0.112297933176172,0,0.221719884823864,0.0880959362132011
"156","CMC_MSSM_193",0.607471886526032,0.0355421231862474,0,0.258281986182012,0.0987040041057083
"157","CMC_MSSM_194",0.360017505706669,0.209802612341641,0.0488424082552828,0.224010068382607,0.157327405313801
"158","CMC_MSSM_196",0.477171148313899,0.310147845696958,0,0.126536043006953,0.0861449629821902
"159","CMC_MSSM_197",0.588839522633277,0.122700613379168,0,0.199636778804081,0.0888230851834739
"160","CMC_MSSM_198",0.756707914666894,0.0454726892015042,0,0.123285321608981,0.0745340745226215
"161","CMC_MSSM_199",0.301974893066921,0.376622847515003,0,0.245924306001375,0.0754779534167015
"162","CMC_MSSM_200",0.396220808318715,0.287704640732424,0,0.231908048311702,0.0841665026371582
"163","CMC_MSSM_201",0.39685517672515,0.279647250531673,0,0.211396995810017,0.11210057693316
"164","CMC_MSSM_203",0.578279517860937,0.108796006641022,0,0.227975495143324,0.0849489803547177
"165","CMC_MSSM_204",0.040772762898066,0.593915995667243,0,0.22998795678428,0.135323284650412
"166","CMC_MSSM_205",0.6511495593897,0.123977159696523,0,0.157817565767163,0.0670557151466141
"167","CMC_MSSM_206",0.366580417038112,0.220264181765793,0,0.321111700301114,0.09204370089498
"168","CMC_MSSM_208",0.325912352529337,0.208122939297395,0,0.381331832687983,0.0846328754852851
"169","CMC_MSSM_209",0.567338638913114,0.127296958077985,0,0.195669776628824,0.109694626380077
"170","CMC_MSSM_210",0.583198304913427,0.182486121868638,0,0.144188259979968,0.0901273132379668
"171","CMC_MSSM_212",0.505547641474955,0.185878808488439,0,0.238854175642445,0.0697193743941611
"172","CMC_MSSM_213",0.624423835905207,0.179187658608466,0,0.115848551598651,0.080539953887676
"173","CMC_MSSM_214",0.100001366696847,0.203907379776067,0,0.681175249376567,0.0149160041505194
"174","CMC_MSSM_215",0.0750105724156685,0.622592395507211,0.0136828107029813,0.17918027638951,0.109533944984629
"175","CMC_MSSM_216",0.275311163733072,0.29092263814574,0,0.373627047444416,0.0601391506767715
"176","CMC_MSSM_217",0.178293248607392,0.337514523154296,0.00163442856184203,0.320134456057316,0.162423343619153
"177","CMC_MSSM_218",0.691543001810925,0.159918189065099,0,0.0842116328327446,0.0643271762912314
"178","CMC_MSSM_219",0.383747864650983,0.209073044191526,0.0161319364551516,0.295722097227026,0.0953250574753132
"179","CMC_MSSM_221",0.270451254674585,0.22760972409679,0.0271985291451355,0.383091717109455,0.0916487749740352
"180","CMC_MSSM_222",0.639853657014569,0.165176830504758,0,0.0872651770654122,0.107704335415262
"181","CMC_MSSM_223",0.464884197390169,0.312938138461068,0,0.0784856018239877,0.143692062324775
"182","CMC_MSSM_224",0.181765184193947,0.455851835091938,0.00888332267787673,0.194598148448111,0.158901509588127
"183","CMC_MSSM_225",0.618844251210808,0.0893999167917369,0.019639962202316,0.155924390976718,0.116191478818422
"184","CMC_MSSM_226",0.519067389051854,0.079637401245311,0,0.276862513297992,0.124432696404843
"185","CMC_MSSM_227",0.701926591060207,0.0965797849748577,0,0.111145372166556,0.0903482517983795
"186","CMC_MSSM_228",0.667199885040055,0.137712742922292,0,0.0886701607031983,0.106417211334454
"187","CMC_MSSM_230",0.580655672259861,0.151020590348039,0,0.122823416064442,0.145500321327658
"188","CMC_MSSM_232",0.711981121186346,0.108561673678426,0,0.0893645890829074,0.0900926160523206
"189","CMC_MSSM_233",0.713179328179567,0.0964838868562917,0,0.0906230585645029,0.0997137263996389
"190","CMC_MSSM_234",0.515321572808072,0.114266675450429,0.0270340695876042,0.242212059072191,0.101165623081703
"191","CMC_MSSM_235",0.649130530165656,0.148586624360673,0,0.14495913942881,0.0573237060448612
"192","CMC_MSSM_236",0.498210767348437,0.140767770024653,0,0.246115490264368,0.114905972362542
"193","CMC_MSSM_237",0.735397250449608,0.152927556438501,0,0.0495765641632373,0.0620986289486531
"194","CMC_MSSM_238",0.2216556433532,0.267760711004832,0,0.427886949469646,0.0826966961723216
"195","CMC_MSSM_242",0.705248064698083,0.0680015905890392,0,0.141188754774251,0.0855615899386265
"196","CMC_MSSM_243",0.57101586807192,0.0971672078712533,0.0186478980824596,0.16920889914904,0.143960126825327
"197","CMC_MSSM_244",0.595170716172667,0.0953712076204493,0,0.22186843780553,0.0875896384013538
"198","CMC_MSSM_245",0.722539842242955,0.0941763462649132,0,0.113897607144249,0.0693862043478829
"199","CMC_MSSM_246",0,0.572836897129763,0,0.2321204086788,0.195042694191437
"200","CMC_MSSM_247",0.611228118593055,0.150960569671852,0,0.101123882537341,0.136687429197752
"201","CMC_MSSM_248",0.591762084629941,0.119666730511759,0.00541158005061575,0.192497993972891,0.090661610834793
"202","CMC_MSSM_249",0.461731289698962,0.121132346687019,0,0.336813371095486,0.080322992518533
"203","CMC_MSSM_250",0.481002767495833,0.1550983829124,0.107118372786048,0.0987811067705599,0.15799937003516
"204","CMC_MSSM_251",0.638010914330542,0.111950556402584,0,0.17120211171759,0.0788364175492844
"205","CMC_MSSM_252",0.110340495329868,0.514411905913011,0,0.2914192274803,0.0838283712768203
"206","CMC_MSSM_253",0.549455705073926,0.174001675002355,0,0.197107846811114,0.079434773112605
"207","CMC_MSSM_254",0.50426281693267,0.140488980005221,0,0.251314249542201,0.103933953519907
"208","CMC_MSSM_255",0.230723222915955,0.35245495616946,0,0.298655226293579,0.118166594621006
"209","CMC_MSSM_257",0.574324232294526,0.0953767089016519,0,0.167434775884589,0.162864282919233
"210","CMC_MSSM_258",0.481968068349421,0.264373948297418,0,0.253657983353161,0
"211","CMC_MSSM_259",0.514346887016722,0.114684260265687,0,0.294837499143406,0.0761313535741849
"212","CMC_MSSM_260",0.601028335635066,0.0994801809265817,0,0.191105991826385,0.108385491611968
"213","CMC_MSSM_261",0.484713628968753,0.257463062231794,0,0.19193856601736,0.0658847427820922
"214","CMC_MSSM_262",0.409296575474166,0.17805170316316,0,0.312488674231825,0.100163047130848
"215","CMC_MSSM_263",0.60358166040465,0.092752089607604,0,0.149381989983498,0.154284260004247
"216","CMC_MSSM_264",0.678841278813194,0.106062546788954,0,0.128582474995578,0.086513699402274
"217","CMC_MSSM_265",0.291734196020207,0.402626423066533,0,0.261861189910021,0.0437781910032391
"218","CMC_MSSM_266",0.829191178842073,0.106310811555467,0,0.0283908063572187,0.0361072032452415
"219","CMC_MSSM_269",0.0583814648676161,0.558937638527817,0.0123981187367485,0.0700188548352917,0.300263923032527
"220","CMC_MSSM_270",0.457109975346373,0.101470163724784,0,0.358936618170822,0.0824832427580206
"221","CMC_MSSM_271",0.489169759169335,0.123801149472619,0.00986207697591375,0.230805314545957,0.146361699836176
"222","CMC_MSSM_272",0.75021440057529,0.0892361399922095,0,0.0898482433335029,0.0707012160989979
"223","CMC_MSSM_274",0.680389583219381,0.123104368884555,0,0.124573425439656,0.0719326224564079
"224","CMC_MSSM_277",0.721460684306057,0.143110624434136,0,0.060711773919695,0.0747169173401117
"225","CMC_MSSM_278",0.715198649352568,0.104277541092157,0,0.113808641709153,0.0667151678461215
"226","CMC_MSSM_279",0.63724632771485,0.0919515062402859,0,0.175006058818255,0.0957961072266089
"227","CMC_MSSM_280",0.229402029357674,0.228526941567049,0,0.48746860149884,0.0546024275764383
"228","CMC_MSSM_281",0.42081671578906,0.182683316809127,0.0231341411279738,0.251384312410081,0.121981513863759
"229","CMC_MSSM_282",0.359132146815304,0.224240611398013,0,0.344963991106218,0.0716632506804652
"230","CMC_MSSM_288",0.191114752136008,0.460427337294905,0.00136666467055513,0.230549103903352,0.11654214199518
"231","CMC_MSSM_289",0.669146928392873,0.108646788513023,0,0.131502214903323,0.0907040681907806
"232","CMC_MSSM_290",0.665872242072349,0.156166824196026,0.0068759814438655,0.0651101643815505,0.105974787906209
"233","CMC_MSSM_291",0.837452416915085,0.0623482643919575,0,0.0267992225560099,0.0734000961369476
"234","CMC_MSSM_292",0.193616028142198,0.279288048226805,0.0315703464815937,0.37441724325641,0.121108333892994
"235","CMC_MSSM_294",0.637137879584209,0.179410874911216,0,0.0839615241258393,0.0994897213787359
"236","CMC_MSSM_295",0.684507809423004,0.0965396530405585,0,0.113540254335145,0.105412283201293
"237","CMC_MSSM_296",0.131852317728654,0.399314889160954,0,0.402102643706881,0.0667301494035099
"238","CMC_MSSM_297",0.645782174729255,0.157359794771048,0,0.0828650503940033,0.113992980105694
"239","CMC_MSSM_298",0.79214997931227,0.0559277195998427,0,0.0811853294966822,0.0707369715912048
"240","CMC_MSSM_299",0.494190285051683,0.232789633250338,0,0.219144846103101,0.0538752355948777
"241","CMC_MSSM_300",0.425402014868415,0.32607499046698,0,0.208154141923047,0.040368852741558
"242","CMC_MSSM_301",0.545697973264076,0.0929478129281627,0.00100424985003989,0.30598449330363,0.0543654706540917
"243","CMC_MSSM_304",0.661448199236348,0.143053640495649,0.00410773680982077,0.125544247298469,0.0658461761597126
"244","CMC_MSSM_305",0.553821361150985,0.104463366213667,0,0.194526326893684,0.147188945741664
"245","CMC_MSSM_306",0.529676047041436,0.105736198806627,0,0.263740825426726,0.100846928725211
"246","CMC_MSSM_307",0.713604913931331,0.147930374086024,0,0.0551636196478586,0.0833010923347871
"247","CMC_MSSM_308",0.225273553412391,0.503639443231648,0,0.085903089311724,0.185183914044237
"248","CMC_MSSM_309",0.606420179135598,0.0681333084966774,0,0.257707025411865,0.0677394869558594
"249","CMC_MSSM_310",0.514840155155955,0.260550091116531,0.00811372816789024,0.109746945199643,0.10674908035998
"250","CMC_MSSM_311",0.586367315199996,0.177799512435926,0,0.153312277566012,0.082520894798065
"251","CMC_MSSM_312",0.742860052881021,0.111576046405978,0,0.0740116278226792,0.0715522728903219
"252","CMC_MSSM_313",0.779890481452127,0.126231463482817,0,0.0442720512463867,0.0496060038186696
"253","CMC_MSSM_314",0.674955961695876,0.108330095751128,0,0.113593386667584,0.103120555885411
"254","CMC_MSSM_315",0.347828938643845,0.280901944749384,0.04699653227083,0.242658961120168,0.0816136232157731
"255","CMC_MSSM_316",0,0.112371326073483,0.204375004894277,0.32751686368255,0.35573680534969
"256","CMC_MSSM_319",0.643093243346058,0.0943949336851158,0,0.154251497596206,0.10826032537262
"257","CMC_MSSM_320",0.496492525290253,0.238827881511543,0.0230936131836337,0.133034858123397,0.108551121891172
"258","CMC_MSSM_321",0.677830137155312,0.161163120880491,0,0.0481876144056305,0.112819127558566
"259","CMC_MSSM_322",0.465140157319317,0.333971341008616,0,0.121245342049357,0.0796431596227093
"260","CMC_MSSM_323",0.295625734940168,0.312668541718111,0,0.317557821855255,0.0741479014864664
"261","CMC_MSSM_325",0.602958411978902,0.0908975189474513,0,0.219709328408277,0.0864347406653703
"262","CMC_MSSM_326",0.391053768176394,0.182948492371782,0,0.3373568999948,0.0886408394570235
"263","CMC_MSSM_327",0.613767260951723,0.150506518340796,0.00595088421168731,0.149517442792663,0.0802578937031306
"264","CMC_MSSM_330",0.608629479028682,0.212218937557607,0,0.100232451935079,0.0789191314786316
"265","CMC_MSSM_331",0.669431596686428,0.154291390575317,0,0.100739925969819,0.0755370867684354
"266","CMC_MSSM_332",0.684508834989124,0.181470271393221,0,0.0639488453273822,0.0700720482902726
"267","CMC_MSSM_333",0.651419681188545,0.192481813109582,0,0.102704398790566,0.0533941069113074
"268","CMC_MSSM_334",0.615237668828798,0.0995649328001185,0,0.19835253114447,0.0868448672266133
"269","CMC_MSSM_335",0.627544226901149,0.128673350045174,0,0.081955449539909,0.161826973513767
"270","CMC_MSSM_336",0.674164517135965,0.170220210286285,0.0167180565405823,0.0397930584220379,0.0991041576151294
"271","CMC_MSSM_337",0.633589172645427,0.155805454381454,0.0372999790610056,0.0657670351269588,0.107538358785154
"272","CMC_MSSM_338",0.642476698090275,0.0996035881583027,0,0.135499689246293,0.12242002450513
"273","CMC_MSSM_339",0.610711247340078,0.237761765310985,0,0.0698659784434203,0.0816610089055161
"274","CMC_MSSM_340",0.578539471006413,0.124116461660692,0.0136998538693406,0.152323879215304,0.131320334248251
"275","CMC_MSSM_341",0.702564391636566,0.155054691955544,0.00876715939445422,0.0648120907300262,0.0688016662834097
"276","CMC_MSSM_343",0.0735984891780897,0.615356276793177,0,0.108651688210442,0.202393545818291
"277","CMC_MSSM_344",0.652722098336496,0.158598460689243,0,0.114068071284839,0.0746113696894215
"278","CMC_MSSM_345",0.257732111379077,0.443912345419639,0,0.233809321387083,0.0645462218142015
"279","CMC_MSSM_346",0.56693734815106,0.0676790000277104,0.0434073389091225,0.0941551155483532,0.227821197363753
"280","CMC_MSSM_347",0.543540108484642,0.146659524581951,0,0.171830344145704,0.137970022787703
"281","CMC_MSSM_348",0.398210922421474,0.369942411417925,0.00896503138762663,0.11932778024399,0.103553854528984
"282","CMC_MSSM_349",0.481838324513462,0.185937588222975,0.045592728548989,0.154803327142649,0.131828031571925
"283","CMC_MSSM_350",0.528295066363466,0.153224484107193,0,0.21308794088093,0.10539250864841
"284","CMC_MSSM_352",0.560695412909374,0.207073381138783,0,0.135152457935207,0.0970787480166351
"285","CMC_MSSM_354",0.652311535989099,0.112197262225,0,0.14847227050248,0.0870189312834217
"286","CMC_MSSM_355",0.475509845425748,0.214961850464895,0,0.23307432275079,0.0764539813585669
"287","CMC_MSSM_356",0.572840467590743,0.177803724854292,0,0.143750307040937,0.105605500514027
"288","CMC_MSSM_357",0.480734184064901,0.148673190156669,0.0082978841962597,0.267452549646343,0.094842191935827
"289","CMC_MSSM_358",0.660252063151537,0.0666440687719952,0,0.183146621516828,0.0899572465596393
"290","CMC_MSSM_359",0.585799238938517,0.150544258189179,0.00579692226398442,0.127896127779602,0.129963452828718
"291","CMC_MSSM_360",0.340735477450133,0.327990216359166,0,0.194185827680894,0.137088478509807
"292","CMC_MSSM_361",0.461135169644441,0.306966806295141,0.00335573211643472,0.106053217802854,0.12248907414113
"293","CMC_MSSM_362",0.670342814380522,0.101602449339799,0,0.130520629961434,0.0975341063182457
"294","CMC_MSSM_363",0.505736095682902,0.33071581249311,0,0.140702957399557,0.0228451344244309
"295","CMC_MSSM_364",0.653546470870682,0.0816657449095647,0,0.166667027410063,0.0981207568096903
"296","CMC_MSSM_365",0.493143148080313,0.0984728288049456,0.00980837881463497,0.196474036222416,0.202101608077691
"297","CMC_MSSM_366",0.0486517019176987,0.300758564878933,0,0.552611704823853,0.0979780283795151
"298","CMC_MSSM_367",0.609042406977513,0.170750389117784,0.0134023541545925,0.133570639710303,0.0732342100398083
"299","CMC_MSSM_369",0.576309221969084,0.101914590491018,0.0087318852868827,0.208110051715776,0.104934250537239
"300","CMC_MSSM_370",0.538682020716954,0.162352132011935,0,0.231212322101121,0.0677535251699894
"301","CMC_MSSM_371",0.489228956853568,0.194892570996848,0,0.25119044514083,0.0646880270087543
"302","CMC_MSSM_372",0.157074564559685,0.365944934277785,0.0266922460334111,0.32820958535328,0.122078669775839
"303","CMC_MSSM_373",0.670237022953153,0.121797425464244,0,0.121865621288462,0.0860999302941409
"304","CMC_MSSM_375",0.478462098897345,0.125112439975729,0.0132412993778932,0.23456729396059,0.148616867788443
"305","CMC_MSSM_376",0.610457114169761,0.194445168170919,0,0.115639742363331,0.0794579752959889
"306","CMC_MSSM_377",0.452115487312465,0.121814443316959,0,0.325362357306766,0.100707712063809
"307","CMC_MSSM_378",0.719634987184949,0.111955615815517,0,0.0648269943168477,0.103582402682687
"308","CMC_MSSM_379",0.713523914011914,0.0728270851902835,0,0.140669067285805,0.0729799335119975
"309","CMC_MSSM_380",0.613648103961784,0.0806007711144717,0,0.210941605871361,0.0948095190523835
"310","CMC_MSSM_381",0.50344271708708,0.154412389830355,0.00414466149728179,0.304150745686049,0.0338494858992341
"311","CMC_MSSM_382",0.721655177495378,0.118671293360757,0,0.0979262944754366,0.0617472346684276
"312","CMC_MSSM_383",0.642610461633697,0.113418035509702,0,0.135179097420714,0.108792405435887
"313","CMC_MSSM_384",0.271894709522195,0.345182053315388,0,0.268277887291239,0.114645349871178
"314","CMC_MSSM_385",0.276688438845075,0.282587880003153,0.0184292526960479,0.29886181417589,0.123432614279834
"315","CMC_MSSM_386",0.284879532585263,0.168386832216958,0,0.41799222890883,0.12874140628895
"316","CMC_MSSM_387",0.437055802871971,0.121261855995462,0,0.332098460776922,0.109583880355644
"317","CMC_MSSM_388",0.248755980017741,0.265825331168296,0,0.441863824402098,0.0435548644118652
"318","CMC_MSSM_389",0.783294289923128,0.117316853829435,0,0.0595695362648925,0.0398193199825445
"319","CMC_MSSM_390",0.501680549682998,0.183325414010521,0,0.215645391781043,0.0993486445254384
"320","CMC_MSSM_391",0.705542919589061,0.121422378757856,0,0.0564911993226828,0.1165435023304
"321","CMC_MSSM_401",0.352820342617082,0.137162697891737,0,0.449390716713711,0.0606262427774701
"322","CMC_MSSM_402",0.607669389967428,0.107845126081405,0,0.194102946275215,0.0903825376759514
"323","CMC_MSSM_403",0.642755160046015,0.163392092452615,0.0133584569745499,0.0367975702733701,0.14369672025345
"324","CMC_MSSM_404",0.736843922824202,0.129234986971141,0,0.0940767150436357,0.0398443751610219
"325","CMC_MSSM_405",0.0726033596997683,0.448652392253523,0,0.347080391493474,0.131663856553235
"326","CMC_MSSM_406",0.0967946842101442,0.118565035990243,0.0139724630664886,0.688829045468809,0.0818387712643152
"327","CMC_MSSM_407",0.435359661179011,0.260342655840445,0,0.253047856584276,0.0512498263962686
"328","CMC_MSSM_409",0.400402708939173,0.11985336184601,0,0.38353660349442,0.0962073257203968
"329","CMC_MSSM_410",0.290763549679261,0.313660610760813,0,0.282833732239683,0.112742107320243
"330","CMC_MSSM_412",0,0.715683947617221,0,0.098888670277039,0.18542738210574
"331","CMC_MSSM_413",0.669888184153535,0.116347314282634,0,0.110270757376626,0.103493744187205
"332","CMC_MSSM_415",0.602235065165346,0.0965926536154714,0,0.224104386399192,0.0770678948199906
"333","CMC_MSSM_416",0.512790039750884,0.109425743772561,0,0.292563458183963,0.0852207582925924
"334","CMC_MSSM_419",0.533424581186588,0.202055635108185,0.0166350082128111,0.109139490826438,0.138745284665979
"335","CMC_MSSM_420",0.344402622104232,0.461141174613834,0,0.0987599305413081,0.0956962727406263
"336","CMC_MSSM_421",0.675444338339217,0.0871825990413763,0,0.148346417413371,0.0890266452060354
"337","CMC_MSSM_422",0.646497442402405,0.0971300986055113,0,0.17247752413826,0.0838949348538237
"338","CMC_MSSM_423",0.732755543867736,0.120389452507195,0,0.0768341272861083,0.070020876338961
"339","CMC_PENN_001",0.517512437345363,0.186915542567884,0.00562564417468548,0.194879080724887,0.0950672951871813
"340","CMC_PENN_002",0.516951605383222,0.125121306046839,0.0161917507930365,0.201889165623047,0.139846172153857
"341","CMC_PENN_003",0.595214979679558,0.09289471002549,0,0.240142769616771,0.0717475406781804
"342","CMC_PENN_004",0.599529817494667,0.126616193186428,0.00292378719485966,0.190663796920508,0.0802664052035369
"343","CMC_PENN_005",0.117177045670404,0.367870960654944,0.0382147091881581,0.31394460794394,0.162792676542554
"344","CMC_PENN_006",0.336412018718556,0.264757310933031,0.0250343367351806,0.283770631235496,0.0900257023777366
"345","CMC_PENN_007",0.597366306752723,0.174030184575021,0,0.125455045669154,0.103148463003103
"346","CMC_PENN_008",0.512794983767574,0.103141481348658,0.0510330107722814,0.165503202331818,0.167527321779669
"347","CMC_PENN_009",0.60590425004916,0.105340457315493,0,0.166614668378048,0.122140624257299
"348","CMC_PENN_010",0.55107026791602,0.124332201686815,0,0.240114133062152,0.084483397335014
"349","CMC_PENN_011",0.612575730182282,0.101509948516091,0,0.136224387488994,0.149689933812633
"350","CMC_PENN_012",0.619782303386802,0.163151051755744,0,0.11559260368607,0.101474041171384
"351","CMC_PENN_013",0.110004076455619,0.423963399288318,0.0237979390608273,0.339499561394329,0.102735023800907
"352","CMC_PENN_014",0.573753621599792,0.151650504817097,0.00572115401375175,0.146996091982932,0.121878627586428
"353","CMC_PENN_015",0.383799351238133,0.113713183776101,0,0.365938707245565,0.136548757740202
"354","CMC_PENN_016",0.5930513122694,0.110536149851955,0,0.206670624679112,0.0897419131995334
"355","CMC_PENN_017",0.530146285281001,0.0964347052309474,0,0.289920697647549,0.0834983118405031
"356","CMC_PENN_018",0.512390285104073,0.0852299377413776,0,0.328802750690651,0.0735770264638984
"357","CMC_PENN_019",0.495806651629122,0.133095126099785,0,0.269259299252191,0.101838923018902
"358","CMC_PENN_020",0.570864594635059,0.0951294088971568,0.0238498880303408,0.178937632853215,0.131218475584229
"359","CMC_PENN_021",0.635991720361351,0.090723561214502,0,0.212663903522602,0.0606208149015455
"360","CMC_PENN_022",0.649820180893607,0.109329355324074,0,0.123732582386519,0.1171178813958
"361","CMC_PENN_023",0.43170022715458,0.251113168892819,0,0.266259349028318,0.0509272549242829
"362","CMC_PENN_024",0.663324299285141,0.114650861560345,0,0.155971902250941,0.0660529369035737
"363","CMC_PENN_025",0.606815404348745,0.171624397669681,0.00734059338750679,0.154214810575596,0.0600047940184715
"364","CMC_PENN_026",0.550263675212462,0.160235874508123,0.00308007393771147,0.216341259138329,0.0700791172033752
"365","CMC_PENN_028",0.464127771012991,0.263253779224982,0,0.175893153255582,0.0967252965064454
"366","CMC_PENN_029",0.55599671566985,0.115147397654286,0.0116495013558916,0.160416205151784,0.156790180168189
"367","CMC_PENN_030",0.725452918365117,0.0969657907259856,0,0.0997847996926299,0.0777964912162678
"368","CMC_PENN_031",0.656424027222777,0.103036900990594,0,0.159444214379528,0.0810948574071014
"369","CMC_PENN_032",0.303739151696373,0.318752725233408,0,0.269336354217117,0.108171768853102
"370","CMC_PENN_033",0.690176078857222,0.108923487792731,0,0.0806465277113398,0.120253905638708
"371","CMC_PENN_034",0.125565270491216,0.459885014160304,0.0218786837729575,0.246586161575356,0.146084870000166
"372","CMC_PENN_035",0.595410334681214,0.185331842947897,0.0118241193291438,0.104135056050803,0.103298646990942
"373","CMC_PENN_036",0.475048302894048,0.113695522883679,0,0.316215926766285,0.0950402474559883
"374","CMC_PENN_037",0.395194446250544,0.19578204278141,0,0.334024814125421,0.0749986968426243
"375","CMC_PENN_038",0.564768451129293,0.141446404855983,0,0.227795150834978,0.0659899931797465
"376","CMC_PENN_039",0.63787038042318,0.110653942376412,0,0.16728791659119,0.0841877606092179
"377","CMC_PENN_040",0.672603986591076,0.127718229026598,0.00979485588241236,0.083632941099681,0.106249987400233
"378","CMC_PENN_041",0.676225537691611,0.0861260817687203,0,0.151676414432938,0.0859719661067315
"379","CMC_PENN_042",0.596963833453391,0.0860344608762766,0.0121163413435278,0.240189488853778,0.0646958754730267
"380","CMC_PENN_043",0.634563188789409,0.0952646916529794,0,0.230428937046627,0.0397431825109845
"381","CMC_PENN_044",0.739435519251008,0.0915846774545865,0,0.096140207522608,0.0728395957717979
"382","CMC_PENN_045",0.586665267011156,0.0791606674885639,0,0.294797058780844,0.039377006719436
"383","CMC_PENN_046",0.694344048215026,0.134950316595233,0.00258950996885225,0.0812148886034732,0.0869012366174152
"384","CMC_PENN_047",0.542665830251184,0.186607643713184,0.00135489397208486,0.182363168352069,0.0870084637114787
"385","CMC_PENN_048",0.526328673199356,0.240224873805437,0.0145654126602248,0.166405835438557,0.0524752048964256
"386","CMC_PENN_049",0.626710945964806,0.127376245915074,0.0270312623783939,0.161224402340751,0.0576571434009744
"387","CMC_PENN_050",0.498844834715665,0.360913942770199,0,0.0913542001527547,0.0488870223613816
"388","CMC_PENN_051",0.607927023006841,0.137328402478677,0,0.183391458268249,0.0713531162462333
"389","CMC_PENN_052",0.575709060193696,0.0947578708010996,0.0143744898498404,0.279978198387229,0.0351803807681349
"390","CMC_PENN_053",0.611984625270178,0.169013641628989,0.000326295795812073,0.173626946766658,0.045048490538363
"391","CMC_PENN_054",0.805585785570832,0.0720480664536441,0,0.100812338962951,0.0215538090125721
"392","CMC_PENN_056",0.510379489046199,0.0973652484019552,0,0.293112608611755,0.099142653940091
"393","CMC_PENN_057",0.625404382290224,0.0461837415802767,0,0.201088838917403,0.127323037212097
"394","CMC_PENN_058",0.686147199582442,0.114019420351102,0,0.116538236502422,0.0832951435640348
"395","CMC_PENN_059",0.443378675178444,0.11737612579227,0.0066404480559148,0.264351593423039,0.168253157550332
"396","CMC_PENN_060",0.580655484858316,0.0903117774998244,0,0.222708674195288,0.106324063446572
"397","CMC_PENN_061",0.489886606306595,0.11390496106199,0.00599860584310117,0.283748521768195,0.106461305020119
"398","CMC_PENN_062",0.594439782786181,0.0866541537147737,0,0.229998301406656,0.0889077620923893
"399","CMC_PENN_063",0.559572477271408,0.100991439563836,0.032492323125754,0.157200881207129,0.149742878831873
"400","CMC_PENN_064",0.38758291621398,0.20107817570537,0.0222241865428217,0.263159412492883,0.125955309044945
"401","CMC_PENN_065",0.379155189139129,0.222758906651799,0,0.354665733142759,0.043420171066313
"402","CMC_PENN_066",0,0.581030773957392,0.0142202826322956,0.223726927177937,0.181022016232375
"403","CMC_PENN_067",0.594589459069584,0.124318374966316,0,0.180235957972622,0.100856207991478
"404","CMC_PENN_068",0.639518428833303,0.124824609349806,0,0.17624197178033,0.0594149900365619
"405","CMC_PENN_070",0.496516187691278,0.150101381568228,0.0622348285839432,0.192631912253379,0.0985156899031716
"406","CMC_PENN_071",0.48214493030881,0.143483712491465,0.0274889997231842,0.215853488106261,0.13102886937028
"407","CMC_PENN_072",0.498288268818573,0.177411519198204,0,0.300883416203732,0.0234167957794911
"408","CMC_PENN_073",0.458514402325712,0.267709615955869,0.0087743472166167,0.207557727700616,0.0574439068011867
"409","CMC_PENN_074",0.472330134090655,0.114395960717755,0.0201120427471587,0.2559722433214,0.137189619123031
"410","CMC_PENN_075",0.542266929087531,0.0798162220801615,0,0.301881558120852,0.076035290711455
"411","CMC_PENN_077",0.556475882934853,0.163112041889102,0,0.17172551379642,0.108686561379624
"412","CMC_PENN_079",0.739593643401236,0.0881946739755054,0,0.095474788196379,0.0767368944268797
"413","CMC_PENN_080",0.676171049741933,0.120014018425402,0,0.109555467881837,0.0942594639508278
"414","CMC_PENN_081",0.695511853934557,0.0870977096578453,0,0.137320615946913,0.0800698204606843
"415","CMC_PENN_082",0.683691492265979,0.110292753535551,0,0.11200322517234,0.0940125290261302
"416","CMC_PENN_084",0.618848082444427,0.134060842523566,0.000530436077965652,0.204921839878919,0.0416387990751234
"417","CMC_PENN_085",0.573505007088867,0.184383762717058,0,0.14422531750989,0.0978859126841843
"418","CMC_PENN_086",0.637098849901076,0.0821437844197841,0,0.174487974755285,0.106269390923855
"419","CMC_PENN_087",0.628907913913963,0.0971562669092007,0.013395332127343,0.190883909893153,0.0696565771563401
"420","CMC_PENN_088",0.581328538593091,0.100303678470823,0,0.220771049578997,0.0975967333570893
"421","CMC_PENN_089",0.629619364993155,0.108436133982538,0,0.179773731902024,0.0821707691222835
"422","CMC_PENN_090",0.51196864082958,0.342198567553557,0,0.10721611989407,0.038616671722793
"423","CMC_PENN_091",0.455753572788189,0.105081801493349,0,0.345745231575575,0.0934193941428868
"424","CMC_PENN_092",0.478660899814036,0.0838047897024255,0,0.376027641013981,0.0615066694695575
"425","CMC_PENN_093",0.701957205001113,0.119364427987407,0,0.118168202997611,0.0605101640138691
"426","CMC_PENN_094",0.46190879174101,0.162279773137116,0,0.270674365152213,0.105137069969661
"427","CMC_PENN_095",0.592257068510132,0.0733739492687661,0.00605359114626379,0.281687102544029,0.0466282885308094
"428","CMC_PENN_096",0.465705302205377,0.129610620801131,0,0.3034982295969,0.101185847396592
"429","CMC_PENN_097",0.621662120421697,0.101975654732942,0,0.232553739044341,0.0438084858010201
"430","CMC_PENN_098",0.684998563800127,0.110787256841893,0,0.117118288504338,0.087095890853643
"431","CMC_PENN_099",0.692767217506586,0.0794732237755272,0.0130391333067869,0.161428804911989,0.0532916204991104
"432","CMC_PENN_100",0.648486054598143,0.117230764954006,0,0.140151401243677,0.0941317792041744
"433","CMC_PENN_101",0.654019146817375,0.0872055163454703,0,0.203167154224631,0.0556081826125233
"434","CMC_PITT_001",0.750036329666385,0.0927781842634614,0,0.0531490231820341,0.104036462888119
"435","CMC_PITT_002",0.646534783703129,0.12695801410065,0,0.072719677040977,0.153787525155244
"436","CMC_PITT_003",0.692920345944354,0.125576200070195,0.00332627881840201,0.0494264640208286,0.128750711146221
"437","CMC_PITT_004",0.704771737748178,0.146400364490672,0,0.0205734777050655,0.128254420056085
"438","CMC_PITT_005",0.778789100859849,0.0917138674386837,0,0.0547203792306508,0.0747766524708162
"439","CMC_PITT_006",0.677927148612899,0.137122328564225,0,0.10293913221123,0.0820113906116459
"440","CMC_PITT_007",0.705863867638881,0.0781896631121089,0,0.0837302187912055,0.132216250457805
"441","CMC_PITT_008",0.793607646994679,0.102599518319618,0,0.0419901967870902,0.0618026378986127
"442","CMC_PITT_009",0.658063495456094,0.113444787027163,0,0.104593727900333,0.12389798961641
"443","CMC_PITT_010",0.740045500381642,0.0882436639479404,0,0.0604106348309644,0.111300200839453
"444","CMC_PITT_011",0.783139330173997,0.101436977883808,0,0.0191989157380517,0.0962247762041436
"445","CMC_PITT_012",0.72662790685341,0.106421941079213,0,0.0657897494173351,0.101160402650042
"446","CMC_PITT_013",0.746459538566878,0.0985813592522271,0,0.0310285200826832,0.123930582098211
"447","CMC_PITT_014",0.635612538319402,0.10523219203139,0,0.0851164675305846,0.174038802118623
"448","CMC_PITT_015",0.55664167451245,0.165597266839637,0,0.0771705789435698,0.200590479704343
"449","CMC_PITT_017",0.717389145059362,0.116442679242931,0,0.0565537429536635,0.109614432744044
"450","CMC_PITT_018",0.786624456183696,0.0630214064962322,0,0.0475077167224367,0.102846420597635
"451","CMC_PITT_019",0.773792755717781,0.0751660043945823,0,0.0578449607679626,0.0931962791196743
"452","CMC_PITT_020",0.718110605010375,0.110265239277513,0,0.0894969239343654,0.0821272317777463
"453","CMC_PITT_021",0.779051810577052,0.0809167154794978,0,0.0405421183398415,0.0994893556036082
"454","CMC_PITT_022",0.752616832117223,0.116414451327326,0,0.045716541774421,0.0852521747810294
"455","CMC_PITT_023",0.71119500720877,0.0777224438207012,0,0.0613727322141131,0.149709816756415
"456","CMC_PITT_024",0.721596847866992,0.108195936669292,0,0.0611176418635594,0.109089573600156
"457","CMC_PITT_025",0.788774426799552,0.103733874514862,0,0.0710614025763129,0.0364302961092721
"458","CMC_PITT_026",0.618689875268274,0.136683229499974,0.0522716978416208,0.0412351152294292,0.151120082160702
"459","CMC_PITT_027",0.762221670947754,0.135033239046201,0,0.0214688413991548,0.0812762486068898
"460","CMC_PITT_028",0.748092708496312,0.116160849220669,0,0.0728234956719211,0.0629229466110977
"461","CMC_PITT_029",0.650925383828217,0.186661342476851,0,0.0504344128029221,0.11197886089201
"462","CMC_PITT_030",0.769835167431876,0.0749003957270516,0,0.0475323070914389,0.107732129749634
"463","CMC_PITT_031",0.715435026975699,0.0912831784170191,0,0.0623188573985551,0.130962937208727
"464","CMC_PITT_032",0.687052700133657,0.107947875933369,0,0.0606721581345463,0.144327265798427
"465","CMC_PITT_033",0.736211601988241,0.0939950038002913,0,0.0584964944351329,0.111296899776335
"466","CMC_PITT_034",0.712859068458566,0.094743787945252,0,0.0616671243796301,0.130730019216552
"467","CMC_PITT_036",0.739336849227407,0.0727390197933016,0,0.0902831521238469,0.0976409788554448
"468","CMC_PITT_037",0.715541737676032,0.0897566232363289,0,0.0731255062465512,0.121576132841087
"469","CMC_PITT_038",0.692707379870352,0.0912648426224062,0,0.0699166070422489,0.146111170464993
"470","CMC_PITT_039",0.691958772322641,0.0896053271143479,0,0.0923850428804754,0.126050857682535
"471","CMC_PITT_040",0.74820447454721,0.0774411694629463,0,0.0594542066025216,0.114900149387322
"472","CMC_PITT_041",0.605165306228541,0.179866963437399,0.0188499174258347,0.0482911841337855,0.14782662877444
"473","CMC_PITT_042",0.768065382754442,0.0780289368337995,0,0.0369594170195238,0.116946263392235
"474","CMC_PITT_043",0.546775578415427,0.117389751105197,0,0.185106878965507,0.150727791513869
"475","CMC_PITT_044",0.713057082721271,0.114029744117438,0,0.0694561440597844,0.103457029101507
"476","CMC_PITT_045",0.711528475620106,0.126198069027106,0,0.0550580673260027,0.107215388026785
"477","CMC_PITT_046",0.753011969747291,0.0848802768347581,0,0.0598813397242268,0.102226413693725
"478","CMC_PITT_047",0.712804284182984,0.079254260266731,0,0.0765831449468993,0.131358310603386
"479","CMC_PITT_048",0.708338090812011,0.0893249814902698,0,0.101720731654206,0.100616196043514
"480","CMC_PITT_049",0.685319071846742,0.101952812775925,0,0.0859960623868708,0.126732052990462
"481","CMC_PITT_050",0.705688930083855,0.114454223480721,0,0.0438918660699027,0.135964980365521
"482","CMC_PITT_051",0.693687733310704,0.0915182909707522,0,0.110228985764112,0.104564989954432
"483","CMC_PITT_052",0.682369445121373,0.118472170769665,0.00323685568457582,0.040328471526561,0.155593056897824
"484","CMC_PITT_053",0.667159256306014,0.147341021909183,0,0.0684884140900812,0.117011307694721
"485","CMC_PITT_054",0.661621613753687,0.130132040982684,0,0.0634442934238402,0.144802051839789
"486","CMC_PITT_055",0.690656532986122,0.0757680555967241,0,0.104369723379323,0.129205688037832
"487","CMC_PITT_056",0.884756213589499,0,0,0.0352656333128295,0.0799781530976713
"488","CMC_PITT_057",0.556356932987876,0.153680672533443,0,0.198511902357627,0.0914504921210537
"489","CMC_PITT_058",0.786755021564338,0.0905455895472157,0,0.0478680960258437,0.074831292862603
"490","CMC_PITT_059",0.727315719255283,0.0726959171460497,0,0.0800124570837888,0.119975906514878
"491","CMC_PITT_060",0.729517732238715,0.0866015146809156,0,0.104343352881144,0.079537400199225
"492","CMC_PITT_061",0.752959135563301,0.0930057158159048,0,0.0631518511959698,0.0908832974248243
"493","CMC_PITT_062",0.714367513194389,0.08565769337127,0,0.0870270124299912,0.11294778100435
"494","CMC_PITT_063",0.748458577418781,0.0829961879630136,0,0.0613011694315602,0.107244065186646
"495","CMC_PITT_064",0.691771934760118,0.101323384252919,0,0.0895770250847976,0.117327655902165
"496","CMC_PITT_065",0.682273779309161,0.100801506456757,0,0.102825000591017,0.114099713643064
"497","CMC_PITT_066",0.61857733894953,0.142059427296719,0,0.05294410647583,0.186419127277921
"498","CMC_PITT_067",0.694996428893625,0.0785223260663902,0,0.098938062427469,0.127543182612515
"499","CMC_PITT_068",0.706215031505745,0.114844344303823,0,0.0579076799474487,0.121032944242983
"500","CMC_PITT_069",0.734054466821956,0.123689071072032,0,0.0313332038774155,0.110923258228597
"501","CMC_PITT_070",0.75485838071893,0.0795095005872371,0,0.0840913225793753,0.0815407961144581
"502","CMC_PITT_071",0.827254565037471,0.093576317250147,0,0.0244692682799917,0.0546998494323906
"503","CMC_PITT_072",0.585057336909045,0.144866575354425,0.00645967426224075,0.0604846525000165,0.203131760974273
"504","CMC_PITT_073",0.751032419288622,0.112832313956655,0,0.029017266859263,0.10711799989546
"505","CMC_PITT_074",0.730510785821237,0.103041966966427,0,0.0693134999953923,0.0971337472169441
"506","CMC_PITT_075",0.692900420342497,0.101730546164288,0,0.0770949030075239,0.128274130485691
"507","CMC_PITT_076",0.751993188523736,0.108384541550944,0,0.0277311726878772,0.111891097237442
"508","CMC_PITT_077",0.755240440180682,0.0628297811547296,0,0.0888792864360918,0.0930504922284966
"509","CMC_PITT_079",0.809279114890297,0.0606332755773019,0,0.0334115028127617,0.0966761067196391
"510","CMC_PITT_080",0.639471780063217,0.165822098368797,0,0.0486259271594571,0.146080194408529
"511","CMC_PITT_081",0.810340440477918,0.080747166126901,0,0.0544418472521781,0.0544705461430033
"512","CMC_PITT_082",0.713488876116012,0.0561635477156743,0,0.120727550069572,0.109620026098742
"513","CMC_PITT_083",0.840128666285401,0.0521697068085989,0.00603019814428899,0.033820032780595,0.0678513959811157
"514","CMC_PITT_085",0.762060176511472,0.101200893249518,0,0.0313097138554141,0.105429216383597
"515","CMC_PITT_086",0.67697974568747,0.123022454441745,0,0.0697139287524307,0.130283871118354
"516","CMC_PITT_087",0.698558112501904,0.102029026883221,0,0.0707377651710022,0.128675095443872
"517","CMC_PITT_088",0.688601503692196,0.111232778605762,0,0.0808248163537564,0.119340901348286
"518","CMC_PITT_089",0.762873656116098,0.0759607310436545,0,0.0751883863730047,0.0859772264672428
"519","CMC_PITT_090",0.608559071675823,0.109650805525107,0.0269528769950284,0.061881081042938,0.192956164761103
"520","CMC_PITT_091",0.731426556871304,0.115419698802935,0,0.0456498993668116,0.107503844958949
"521","CMC_PITT_092",0.74715926114094,0.0652976388564105,0,0.105250372329791,0.0822927276728586
"522","CMC_PITT_093",0.77748971456001,0.0392200199553362,0,0.0764770727024798,0.106813192782174
"523","CMC_PITT_094",0.712651345612741,0.0762077140147483,0,0.0892356036813596,0.121905336691151
"524","CMC_PITT_095",0.704962713762544,0.11964404981182,0,0.057481303099051,0.117911933326585
"525","CMC_PITT_096",0.681994788063069,0.0624398457055563,0,0.115691796064761,0.139873570166613
"526","CMC_PITT_097",0.715551564407457,0.0854943873565153,0,0.0858374999965814,0.113116548239447
"527","CMC_PITT_098",0.712759394209362,0.0800344314325888,0,0.0743836557604013,0.132822518597648
"528","CMC_PITT_099",0.744525871791415,0.0985441397310869,0,0.0694418645482372,0.0874881239292609
"529","CMC_PITT_100",0.756500520235793,0.109933720346459,0,0.0646229372305532,0.0689428221871946
"530","CMC_PITT_101",0.753026299242418,0.0299832214865535,0,0.094083445095716,0.122907034175312
"531","CMC_PITT_102",0.680229389026299,0.0922128292190791,0,0.0869089280211107,0.140648853733511
"532","CMC_PITT_103",0.711658181907785,0.114525880217913,0,0.0551528262045463,0.118663111669756
"533","CMC_PITT_104",0.653543035394002,0.139429434627162,0,0.0783166985582223,0.128710831420613
"534","CMC_PITT_105",0.696619741381171,0.125386908522707,0,0.104561594410204,0.0734317556859182
"535","CMC_PITT_106",0.82906457722224,0.0838800248613595,0,0.0316538010450449,0.055401596871356
"536","CMC_PITT_107",0.729352457050602,0.0817617092864379,0,0.0694620697394578,0.119423763923502
"537","CMC_PITT_108",0.751614774779036,0.0804711828649738,0,0.0632576456716122,0.104656396684378
"538","CMC_PITT_109",0.690954138266275,0.0836549363506675,0,0.117109369408029,0.108281555975028
"539","CMC_PITT_110",0.815271655889856,0.0520405405166833,0,0.0912295142508741,0.0414582893425871
"540","CMC_PITT_111",0.656482364388339,0.144648892860198,0,0.0422989092428572,0.156569833508606
"541","CMC_PITT_112",0.734056230630743,0.0730363613196238,0,0.0872704126516131,0.10563699539802
"542","CMC_PITT_113",0.683469969300231,0.149552608139253,0,0.0403752757173313,0.126602146843185
"543","CMC_PITT_116",0.629028700464327,0.113329191935123,0,0.140502887247376,0.117139220353174
"544","CMC_PITT_117",0.6656023438153,0.161381085549219,0,0.0908259896830104,0.0821905809524711
"545","CMC_PITT_118",0.75180555441455,0.131751803911692,0,0.0665517427085369,0.0498908989652215
"546","CMC_PITT_120",0.687116630137098,0.0978207347834545,0,0.0822559113730399,0.132806723706408
"547","CMC_PITT_121",0.724006900293794,0.0958461211243288,0,0.0612965859898906,0.118850392591987
"548","CMC_PITT_122",0.728184907115957,0.0858446068525567,0,0.0751492519267988,0.110821234104688
"549","CMC_PITT_123",0.735320934433691,0.0871052620874004,0,0.0917090657032556,0.0858647377756531
"550","CMC_PITT_124",0.705593933813247,0.0924813959934416,0,0.07997190596509,0.121952764228221
"551","CMC_PITT_125",0.781320366897087,0.0811339945968066,0,0.071198243880322,0.0663473946257842
"552","CMC_PITT_126",0.764960036919828,0.0871096034028274,0,0.0267615913619699,0.121168768315375
"553","CMC_PITT_127",0.701502606675072,0.115714915430962,0,0.0762388802118708,0.106543597682095
"554","CMC_PITT_128",0.696300990203843,0.104088911339994,0,0.0595185007196724,0.140091597736491
"555","CMC_PITT_129",0.722532841810227,0.0941536269611599,0,0.0835638748770391,0.0997496563515736
"556","CMC_PITT_130",0.792960598832475,0.099804374820089,0,0.0451421212102225,0.0620929051372137
"557","CMC_PITT_131",0.774124006300869,0.0851661495290543,0,0.0470930975737583,0.0936167465963183
"558","CMC_PITT_132",0.67371905986439,0.145191418057968,0,0.0926543519956511,0.0884351700819912
"559","CMC_PITT_133",0.713627340712507,0.0905345565673946,0,0.0719578249459873,0.123880277774111
"560","CMC_PITT_134",0.714273978014797,0.103471752651049,0,0.0567392547063014,0.125515014627853
"561","CMC_PITT_135",0.729883224505799,0.0761800041838182,0,0.0811761607683156,0.112760610542067
"562","CMC_PITT_136",0.685026320349471,0.109235825110621,0,0.105378547982655,0.100359306557253
"563","CMC_PITT_137",0.756605299904118,0.0795274361614508,0,0.0550348553562881,0.108832408578143
"564","CMC_PITT_138",0.726188087176355,0.112561685152006,0,0.0462966365824012,0.114953591089238
"565","CMC_PITT_139",0.760937431667122,0.0766260855774082,0,0.0844102919134696,0.0780261908420004
"566","CMC_PITT_140",0.778200031028939,0.0952011867056488,0,0.0539203760955386,0.0726784061698734
"567","CMC_PITT_141",0.682382668093485,0.115440838009885,0,0.0573215168678533,0.144854977028776
"568","CMC_PITT_142",0.761919101831228,0.0961421952169203,0,0.0522156714419507,0.0897230315099011
"569","CMC_PITT_143",0.685264426581138,0.11675863105784,0,0.0788988629049009,0.119078079456121
"570","CMC_PITT_144",0.727168076177256,0.128406752547803,0,0.0499610776073512,0.0944640936675898
"571","CMC_PITT_145",0.685596274616653,0.131763955784371,0,0.0862499085358366,0.0963898610631397
"572","CMC_PITT_146",0.638476541786942,0.126447981270455,0,0.0882780781210402,0.146797398821563
"573","CMC_PITT_147",0.710171612091158,0.100342850946871,0,0.0837871540912503,0.105698382870721
"574","CMC_PITT_148",0.676159915898068,0.0781460905948809,0,0.10375520227714,0.141938791229911
"575","CMC_PITT_149",0.760860492589217,0.0795117800439693,0,0.0554369152158602,0.104190812150953
"576","CMC_PITT_150",0.746659344481636,0.103172931517008,0,0.0383638615156638,0.111803862485692
"577","CMC_PITT_151",0.736199408270456,0.0884909635541018,0,0.0671216520237859,0.108187976151656
"578","CMC_PITT_152",0.685152632706835,0.137705954391034,0,0.0502614073605423,0.126880005541588
"579","CMC_PITT_153",0.724101364836471,0.102116606555407,0,0.0423496662354443,0.131432362372677
"580","CMC_PITT_154",0.698111524518542,0.105014411672119,0,0.0842975818064916,0.112576482002848
"581","CMC_PITT_155",0.750912251389346,0.0506529771513816,0,0.0593453545078328,0.13908941695144
"582","CMC_PITT_156",0.734511786295377,0.0831035193183032,0,0.0746192070383194,0.107765487348001
"583","CMC_PITT_157",0.624117730556466,0.147144324537384,0,0.0825244955117979,0.146213449394352
"584","CMC_PITT_158",0.658713782313488,0.103419914606085,0,0.0666659902628942,0.171200312817533
"585","CMC_PITT_159",0.769137944500323,0.0444677059652568,0,0.088932375511325,0.0974619740230951
"586","CMC_PITT_160",0.80983427971417,0.0839999841272849,0,0.0195570989283896,0.0866086372301558
"587","CMC_PITT_161",0.692925968447956,0.112451033364409,0,0.0853055970973426,0.109317401090292
"588","CMC_PITT_162",0.720841295716808,0.0909158326307994,0,0.0468167381783846,0.141426133474008
"589","CMC_PITT_163",0.728675924721708,0.10688233180771,0,0.0497336077495703,0.114708135721011
"590","CMC_PITT_164",0.698145793399839,0.12647178189607,0,0.0605937771041728,0.114788647599917
"591","CMC_PITT_165",0.732768110729292,0.0976554998218364,0,0.0612394435629714,0.1083369458859
"592","CMC_PITT_166",0.702001996211136,0.0870151413401982,0,0.0874840666904953,0.12349879575817
"593","CMC_PITT_167",0.770261711949898,0.0853925020596223,0,0.04178324031037,0.10256254568011
"594","CMC_PITT_168",0.626879070439612,0.162789993896716,0,0.0926221588287496,0.117708776834923
"595","CMC_PITT_169",0.717015506313173,0.0907684972411295,0,0.0340161273467045,0.158199869098993
"596","CMC_PITT_170",0.629054297387167,0.137897372608538,0,0.107849927139515,0.125198402864779
"597","CMC_PITT_171",0.743409059454885,0.106647021150824,0,0.044533503553445,0.105410415840846
"598","CMC_PITT_172",0.776538545642856,0.0859570627332545,0,0.0447983668236825,0.092706024800207
"599","CMC_PITT_173",0.842551014989466,0.0285281022156138,0,0.0548413004620491,0.074079582332871
"600","CMC_PITT_174",0.770254282884194,0.0974374922262321,0,0.0546708181366001,0.0776374067529742
"601","CMC_PITT_175",0.72785666086462,0.0755172653305717,0,0.0626085206905581,0.134017553114251
"602","CMC_PITT_176",0.642432099665366,0.114071446201465,0,0.112240108619614,0.131256345513555
"603","CMC_PITT_177",0.733620518177513,0.0836445347338659,0,0.0864105967363961,0.0963243503522252
"604","CMC_PITT_178",0.732664430198441,0.0714116856450494,0,0.094615169810756,0.101308714345754
"605","CMC_PITT_179",0.732484968706333,0.100447735799311,0,0.0460705120480684,0.120996783446289
"606","CMC_PITT_180",0.831625109757508,0.0776960728509942,0,0.00864138036760357,0.0820374370238942
"607","CMC_PITT_181",0.665147717398218,0.0951325903831911,0,0.0753780276101994,0.164341664608391
"608","CMC_PITT_182",0.779728620291037,0.0839613002782917,0,0.0535646110407091,0.0827454683899623
"609","CMC_PITT_183",0.73216783125019,0.102913226435124,0,0.0968189433596616,0.0680999989550242
"610","AN00142",0.634976153914522,0.16627918700609,0,0.114209503617205,0.0845351554621837
"611","AN00493",0.297359400879446,0.236631230285034,0.0274043118131334,0.246625984717242,0.191979072305145
"612","AN00544",0.653379862686196,0.140309374976969,0,0.146628228317136,0.0596825340196992
"613","AN00764",0.650940377046277,0.142299701877464,0,0.0943072653457681,0.112452655730491
"614","AN01125",0.554406855368204,0.103979353558609,0,0.305967069166015,0.0356467219071719
"615","AN01410",0.708246453735794,0.103463935312496,0,0.104222779482365,0.0840668314693458
"616","AN01570",0.877313664012699,0.0598321768641085,0,0.0271966446060198,0.0356575145171722
"617","AN01971",0.50547077042114,0.320231259490931,0,0.11018279960064,0.064115170487289
"618","AN03217",0.73439065807297,0.155237258835161,0,0.0258170835071777,0.0845549995846918
"619","AN03345",0.561319378283042,0.127977526338929,0.0570046939453867,0.142437725027471,0.111260676405171
"620","AN03632",0.622280317585198,0.182471994187928,0,0.148956505508719,0.0462911827181548
"621","AN03935",0.481929830219855,0.231961260236035,0.0446707527519191,0.0803746252019824,0.161063531590208
"622","AN04479",0.525081581212573,0.183699728185897,0,0.215518158576386,0.0757005320251436
"623","AN04682",0.546724987096603,0.14956162344476,0.0178050065245728,0.133329537827351,0.152578845106713
"624","AN05983",0.75838602403617,0.114272534883668,0,0.0426460522654409,0.0846953888147212
"625","AN06420",0.69601287899634,0.110363448644277,0,0.130548208452159,0.0630754639072236
"626","AN07176",0.848494278325347,0.0193724385990621,0,0.0712763833607226,0.0608568997148679
"627","AN07444",0.903541721015054,0.0183622752380203,0,0.0269435752721391,0.051152428474787
"628","AN08043",0.796376527946658,0.0694923693021085,0,0.0784758048885931,0.05565529786264
"629","AN08161",0.532431369424358,0.0726964166485064,0,0.301740203204769,0.0931320107223668
"630","AN08166",0.78592190112866,0.075600325512432,0,0.0638624911368861,0.0746152822220218
"631","AN08792",0.442023266682231,0.236544686769277,0.00282253127751116,0.22383999082519,0.0947695244457913
"632","AN08873",0.591477868109817,0.126193023727414,0,0.198774374029846,0.0835547341329233
"633","AN09402",0.679738037101233,0.144524541494895,0,0.114501153523757,0.0612362678801148
"634","AN09714",0.466069962314083,0.276644631494543,0,0.156823283166176,0.100462123025197
"635","AN09730",0.289380147430711,0.372763052593322,0,0.226824018259981,0.111032781715986
"636","AN10028",0.393000672268188,0.0717925804808832,0,0.465733904712608,0.0694728425383209
"637","AN10679",0.682994949598498,0.10600942861174,0,0.134302284579357,0.0766933372104043
"638","AN10723",0.695888908694509,0.121046199128905,0,0.112930894490953,0.0701339976856322
"639","AN10833",0.776159508066466,0.105537975475535,0,0.0762534118360035,0.0420491046219947
"640","AN11864",0.748711165481977,0.110710377173872,0,0.0884003463600602,0.0521781109840903
"641","AN11931",0.520902147143211,0.143463509214708,0.0304569061402076,0.194010501367681,0.111166936134192
"642","AN11989",0.692196606851182,0.113563702771674,0,0.156618219804024,0.0376214705731202
"643","AN12137",0.74981626795661,0.103618092086579,0,0.1001458579874,0.0464197819694103
"644","AN12240",0.525660797704897,0.0529934383637276,0,0.368408672049061,0.0529370918823142
"645","AN12457",0.381231584726256,0.143514148945664,0,0.358086437212758,0.117167829115322
"646","AN13295",0.470825110098136,0.18075294495934,0,0.285829943045501,0.0625920018970237
"647","AN13872",0.845137539790968,0.0748107385292488,0,0.015022661403027,0.0650290602767567
"648","AN14757",0.667766554256244,0.0817089717598076,0,0.176743574526192,0.073780899457756
"649","AN14762",0.763895468056537,0.0961785975464756,0,0.0565590214953642,0.0833669129016231
"650","AN15088",0.65284438083815,0.136250316855485,0,0.172485612147275,0.0384196901590893
"651","AN15451",0.39752267179186,0.483151633267918,0,0.0942138654226114,0.0251118295176111
"652","AN15566",0.635385217339805,0.116783141176838,0,0.173875935503408,0.0739557059799498
"653","AN16115",0.0616634117461054,0.171014478430613,0,0.724710479699811,0.0426116301234709
"654","AN16641",0.589807054595771,0.160933959345646,0,0.196051220522826,0.0532077655357573
"655","AN17138",0.573758260106574,0.278850613069712,0,0.0260920665900112,0.121299060233703
"656","AN17254",0.189672353301271,0.289911227718606,0.0560571309807833,0.270960475080999,0.193398812918341
"657","AN17425",0.620692366483435,0.116603657967347,0,0.199199635595068,0.0635043399541507
"658","AN17515",0.65783952279613,0.153220295678607,0,0.152351037740285,0.0365891437849774
"659","AN19442",0.71863241009439,0.0731819261988001,0,0.152631232156335,0.055554431550475
"660","AN19511",0.586987380349598,0.213117377649221,0.0175750410528848,0.0518633418533991,0.130456859094897
"661","AN19760",0.714240576495596,0.098930306036228,0,0.116993604396297,0.0698355130718784
"662","UMB1185",0.590421183494214,0.101594006815784,0,0.239283015970841,0.0687017937191612
"663","UMB1376",0.78597755357133,0.0491957777043955,0,0.105572162562196,0.0592545061620784
"664","UMB1407",0.737028684833845,0.0303449016286425,0,0.162791584669299,0.0698348288682141
"665","UMB1499",0.72528408690985,0.131945306100004,0.00488066956222657,0.049352691663814,0.088537245764106
"666","UMB1578",0.77976171024941,0.0275472167714217,0,0.132467226147651,0.0602238468315177
"667","UMB1714",0.823463002646353,0.0640051355274235,0,0.0417698758818942,0.0707619859443294
"668","UMB4334",0.618627109860149,0.195660674774237,0,0.041811837530925,0.143900377834689
"669","UMB4337",0.649471493524742,0.175934358742101,0,0.0279028080859448,0.146691339647212
"670","UMB4590",0.764063617361808,0.091598995483252,0,0.10132520563382,0.0430121815211202
"671","UMB4670",0.653723034162607,0.114051568558103,0,0.15104090218693,0.0811844950923599
"672","UMB4787",0.719280640414066,0.114571328899993,0,0.0872369804821645,0.0789110502037764
"673","UMB4842",0.728131290968732,0.128216242842068,0,0.078298440477426,0.0653540257117741
"674","UMB4849",0.701365768644906,0.134287733346888,0,0.0749092948163594,0.0894372031918476
"675","UMB4999",0.810786657684594,0.046070920784751,0,0.0755609591666473,0.0675814623640079
"676","UMB5023",0.648801480107222,0.108143119632676,0,0.17218376824185,0.0708716320182514
"677","UMB5027",0.642444947718757,0.152764059361202,0,0.107857084371839,0.096933908548201
"678","UMB5079",0.748734243668947,0.095828632465939,0,0.0857372025174118,0.0696999213477024
"679","UMB5115",0.593535802444171,0.132351769947379,0,0.20533663398428,0.0687757936241701
"680","UMB5144",0.776759062884457,0.0261751165654061,0,0.125451678769977,0.0716141417801599
"681","UMB5163",0.746993903385523,0.154319661506249,0,0.00521925022209194,0.0934671848861363
"682","UMB5168",0.828878270923787,0.0278701136630978,0,0.0790771810655609,0.0641744343475539
"683","UMB5176",0.845841545916073,0.031810755363361,0,0.0346246916617193,0.0877230070588464
"684","UMB5242",0.781070675668101,0.0270812462834005,0,0.120720812115384,0.0711272659331142
"685","UMB5278",0.774454127365803,0.105279075984348,0,0.0393214431165403,0.0809453535333085
"686","UMB5297",0.35026629140333,0.435924099417336,0,0.0298565261177388,0.183953083061595
"687","UMB5303",0.622179998814309,0.146801106476875,0,0.18680143728913,0.0442174574196859
"688","UMB5308",0.803248919514446,0.0840536076252073,0,0.0410540018379316,0.0716434710224152
"689","UMB5309",0.671694274844892,0.181265137740916,0,0.0817626256143472,0.0652779617998451
"690","UMB5340",0.747618083188966,0.12889945456695,0,0.0577259917769177,0.065756470467166
"691","UMB5342",0.742493220244005,0.0719118400544083,0,0.0972753704091861,0.0883195692924005
"692","UMB5391",0.791869795139859,0.0589735219583085,0,0.0621779704150148,0.0869787124868181
"693","UMB5558",0.15545885018385,0.492233016231632,0.000452719299792587,0.190673329779862,0.161182084504863
"694","HSB152",0.879432837950949,0,0.0213980943824555,0.026409966656513,0.0727591010100827
"695","HSB179",0.590973249106464,0.0873721056896656,0,0.269230658953012,0.0524239862508582
"696","HSB221",0.672739710965594,0.0892322880346168,0.0385129086228559,0.0270208297000732,0.17249426267686
"697","HSB222",0.84236157769137,0,0.0247139732765886,0.0495773036704429,0.083347145361598
"698","HSB248",0.884339809915497,0,0.00810250217438484,0.0279615908173973,0.0795960970927206
"699","HSB260",0.674665472699235,0.0406953062434069,0.026850501200528,0.0639754419549842,0.193813277901846
"700","HSB261",0.796075673875225,0.0256987146827949,0.0381417802296628,0.0436930485933447,0.0963907826189729
"701","HSB266",0.564083304875853,0.124471564909423,0,0.230898106016415,0.0805470241983097
"702","HSB269",0.536951924304723,0.11637963799541,0,0.275608068782202,0.0710603689176651
"703","HSB270",0.791117152744445,0,0.0305085684365971,0.0412201273641149,0.137154151454843
"704","HSB271",0.772369849898664,0,0.0243520598904958,0.0388073797298458,0.164470710480995
"705","HSB272",0.796839499973073,0,0.0231485205549327,0.0325211754549149,0.147490804017079
"706","HSB275",0.865159159551779,0,0.0147541457796837,0.0147282046322484,0.105358490036288
"707","HSB278",0.780397217107481,0,0.0254134247696996,0.0280769550652947,0.166112403057525
"708","HSB283",0.61574580377936,0.208652395237422,0,0.112176564060077,0.0634252369231414
"709","HSB285",0.675334174673826,0.10032421891741,0,0.185922117641844,0.0384194887669196
"710","HSB292",0.813562433375665,0,0.0131952241851785,0.0206236341085484,0.152618708330608
"711","HSB317",0.342189713698904,0.19548704344772,0.00988907621176089,0.342613435523525,0.10982073111809
"712","HSB380",0.74289918358639,0.0915405672435886,0,0.104945226766544,0.0606150224034771
"713","HSB384",0.600479239749656,0.233752580463977,0,0.0794619436571482,0.0863062361292185
"714","HSB385",0.814743059032344,0.0636124740182502,0,0.0732274071614308,0.0484170597879745
"715","HSB388",0.728191565489635,0.0807152387046979,0,0.156045529841717,0.0350476659639499
"716","HSB389",0.740854137116599,0.0877826909649877,0,0.0714804978322239,0.0998826740861894
"717","HSB398",0.463601267211367,0.214968878270192,0,0.221628747766792,0.0998011067516492
"718","2014-2200",0.57227862243498,0.125229529655806,0,0.265054922125491,0.0374369257837229
"719","2014-2201",0.495740779002116,0.168429642437056,0,0.275495193727719,0.0603343848331083
"720","2014-2621",0.790775472721426,0.126653825715735,0,0.0355885478967056,0.0469821536661341
"721","2014-2622",0.491590440020863,0.128124220596049,0,0.355164464370462,0.0251208750126251
"722","2014-2624",0.64660041013619,0.118223598022879,0,0.189919492202296,0.0452564996386353
"723","2014-2625",0.457357130678401,0.11727962589372,0,0.385934430426549,0.0394288130013306
"724","2014-2626",0.756814533845382,0.127829826915167,0,0.0639771689647653,0.0513784702746855
"725","2014-2627",0.505264117670381,0.0866685642782823,0,0.37632550776227,0.0317418102890667
"726","2014-2628",0.646659783153847,0.149914339466521,0,0.156904124206242,0.0465217531733907
"727","2015-17",0.674675251681584,0.110603581079546,0,0.200867164655629,0.0138540025832413
"728","2015-18",0.619459747798358,0.112717433914118,0,0.237622439426187,0.0302003788613374
"729","2015-19",0.671466610555692,0.101847837232933,0,0.193375645420661,0.0333099067907144
"730","2015-20",0.765197555224925,0.115197704658173,0,0.0872495091371647,0.0323552309797365
"731","2015-21",0.553129543259875,0.172550897784056,0,0.236781210238518,0.0375383487175503
"732","2015-22",0.766496641590622,0.0691974761092294,0,0.111475407971978,0.0528304743281705
"733","2015-23",0.647055635850649,0.121876057711842,0,0.193853581763758,0.037214724673751
"734","2015-24",0.527315911578657,0.150528917555184,0,0.282746644371763,0.0394085264943964
"735","2015-243",0.678885817246055,0.176375486937929,0.00305820778195939,0.0820681459159813,0.0596123421180759
"736","2015-244",0.571851373960672,0.18431507612735,0.0151852838742303,0.090338133902393,0.138310132135354
"737","2015-245",0.645393146643823,0.178561990744852,0.00641553202393939,0.0720441038951012,0.0975852266922841
"738","2015-246",0.682567614430395,0.164148248680937,0,0.107086453576178,0.04619768331249
"739","2015-247",0.712259662778463,0.189325158163101,0.0178504730137321,0.0216828606177592,0.0588818454269443
"740","2015-248",0.666777008799645,0.174853214466894,0,0.11213371603428,0.0462360606991816
"741","2015-249",0.640199359046318,0.187557761957768,0,0.116844805751805,0.0553980732441086
"742","2015-2572",0.543022918734305,0.100185605183744,0,0.317414472235948,0.0393770038460038
"743","2015-2573",0.549743538756829,0.193738640960302,0,0.209894166191778,0.0466236540910909
"744","2015-2574",0.422377046172608,0.12839101486608,0,0.34802956605264,0.101202372908673
"745","2015-2575",0.609960634281564,0.164040545779196,0,0.167813819883546,0.0581850000556941
"746","2015-2576",0.597441112308009,0.133433499004194,0,0.0934992605775026,0.175626128110295
"747","2015-2577",0.648136463301307,0.102101444719911,0,0.177867309255257,0.0718947827235249
"748","2015-2578",0.677729597248534,0.153302858075826,0,0.0686991717727475,0.100268372902893
"749","2015-2579",0.529225056686109,0.114871738185509,0,0.240441250383412,0.11546195474497
"750","2015-2580",0.577149358751808,0.130458227353373,0,0.225774956217641,0.0666174576771782
"751","2015-2581",0.749822599292827,0.0771403629709349,0,0.0831451323271801,0.0898919054090576
"752","2015-2582",0.804682409454555,0.0554665072659164,0,0.0648968338484232,0.0749542494311054
"753","2015-2583",0.453512105712434,0.123783520253022,0,0.366816041235728,0.0558883327988155
"754","2015-2584",0.6565733045427,0.100166352508074,0,0.163069546314077,0.080190796635149
"755","2015-2585",0.653036682800979,0.111465245021804,0,0.14835137709059,0.0871466950866277
"756","2015-2586",0.730202442508865,0.0254242535535398,0,0.152933620808584,0.0914396831290108
"757","2015-2587",0.448649934072467,0.117387137942847,0,0.352112812213551,0.0818501157711347
"758","2015-2588",0.546266191278772,0.156726886765106,0,0.201166774941935,0.0958401470141874
"759","2015-2589",0.591065604716169,0.173608711987752,0,0.12771654901415,0.107609134281929
"760","2015-2590",0.485738375560324,0.0478644739389625,0,0.375173064152757,0.0912240863479566
"761","2015-2591",0.662970707929189,0.120652849851783,0,0.134270931956381,0.0821055102626478
"762","2015-2592",0.314460269091075,0.106918999589498,0,0.535071544014873,0.0435491873045537
"763","2015-2593",0.512127398304483,0.159828568159183,0,0.237999035973456,0.0900449975628775
"764","2015-2594",0.746583548903971,0.159558838542588,0,0.0504904417973035,0.043367170756138
"765","2015-2595",0.699534546678194,0.0965608473926946,0,0.0942133651427603,0.109691240786351
"766","2015-2603",0.707861061895711,0.0805401692856863,0,0.0985982181113506,0.113000550707252
"767","2015-2604",0.641248736335978,0.121011884688512,0,0.166080556978909,0.0716588219966015
"768","2015-2605",0.521990082117994,0.137526282959646,0,0.27319332866823,0.0672903062541304
"769","2015-2606",0.527259942332234,0.148678845768979,0,0.260164937940844,0.0638962739579429
"770","2015-2607",0.611646429562002,0.136082781706136,0,0.148064769386585,0.104206019345278
"771","2015-2608",0.526362642455127,0.112834128600754,0,0.270873527363771,0.0899297015803475
"772","2015-2609",0.592421603953128,0.122651124877767,0,0.176559884275227,0.108367386893878
"773","2015-2610",0.61469277447812,0.0697779520774263,0,0.222709567021876,0.0928197064225777
"774","2015-2623",0.380103455387053,0.103139794466672,0,0.439931765076901,0.0768249850693741
"775","2015-2625",0.602436502237919,0.142964063431575,0,0.176130540244945,0.0784688940855602
"776","2015-2626",0.620349562495314,0.182268631496978,0,0.178054882243034,0.0193269237646737
"777","2015-2627",0.424857234757117,0.154912423641411,0,0.391776823938542,0.0284535176629293
"778","2015-2628",0.589303473880399,0.0912085658545862,0,0.259030133233018,0.0604578270319961
"779","2015-2629",0.726486935292911,0.153561186026811,0,0.0601999822432075,0.0597518964370705
"780","2015-2630",0.529681946638306,0.133928838180124,0,0.291061794168931,0.0453274210126387
"781","2015-2881",0.573632677941203,0.127566227962328,0,0.207508764455738,0.0912923296407306
"782","2015-2882",0.50451732843587,0.0974257299468836,0,0.272376051750496,0.12568088986675
"783","2015-2884",0.572162662967377,0.141553746756298,0,0.159071331499289,0.127212258777037
"784","2015-2885",0.588734804969605,0.0919950129754299,0,0.21833009932578,0.100940082729185
"785","2015-2886",0.358828940935201,0.130955463308937,0,0.415995060838827,0.0942205349170345
"786","2015-2887",0.685657750300869,0.160405743180473,0,0.0684126171286507,0.0855238893900081
"787","2015-2888",0.558619860669884,0.107979783660204,0,0.237081795683024,0.096318559986888
"788","2015-2917",0.57488833975966,0.11972528576384,0,0.280561707723169,0.0248246667533309
"789","2015-2918",0.633314381196274,0.119631847721977,0,0.16369962787182,0.0833541432099292
"790","2015-2919",0.413200306866112,0.102300048084005,0,0.35019875974003,0.134300885309854
"791","2015-2921",0.770509149791909,0.0526165921402864,0,0.0853939570695326,0.0914803009982719
"792","2015-2922",0.555309382292994,0.112221613622723,0.012520504333272,0.154530789097782,0.165417710653228
"793","2015-2923",0.161839450573475,0.137849056832767,0,0.649317554290664,0.0509939383030937
"794","2015-2924",0.401017691413119,0.133451660876961,0,0.364248599007529,0.101282048702392
"795","2015-2945",0.523639389755555,0.128555763621662,0,0.284616002006154,0.0631888446166285
"796","2015-2946",0.259438372237915,0.143509389019827,0,0.522033327178199,0.0750189115640591
"797","2015-2947",0.4639746584275,0.136384666160626,0,0.311784072986158,0.0878566024257157
"798","2015-2948",0.414005541043283,0.121129144146604,0,0.381068887112277,0.0837964276978366
"799","2015-2949",0.38382921793128,0.130783588866989,0,0.421961796864532,0.0634253963371986
"800","2015-2950",0.705451798078174,0.128486003287207,0,0.0756818066789962,0.0903803919556227
"801","2015-2951",0.394028693481131,0.194387616953175,0.00762876326376194,0.23785416390357,0.166100762398362
"802","2015-2952",0.649209124526882,0.134024887983463,0,0.0714708964483971,0.145295091041258
"803","2015-3",0.50593568576746,0.119758634972152,0,0.34982595205819,0.0244797272021983
"804","2015-3079",0.458285594150346,0.0475594440159618,0,0.435724467846928,0.058430493986764
"805","2015-3080",0.628311061202473,0.128373996115795,0,0.198114230101148,0.0452007125805832
"806","2015-3081",0.646352439463706,0.122609938172883,0,0.136150594845093,0.0948870275183186
"807","2015-3082",0.464234734462414,0.148578459949784,0,0.283163586879507,0.104023218708295
"808","2015-3083",0.445158286405816,0.164025187885462,0,0.314734412221827,0.0760821134868953
"809","2015-3084",0.836294976124087,0.0202229993414379,0,0.0762229798144051,0.0672590447200696
"810","2015-3085",0.318149760674468,0.0670516083297913,0,0.525456748833008,0.0893418821627327
"811","2015-3086",0.560690123953024,0.110946683009164,0,0.208656152848858,0.119707040188953
"812","2015-3164",0.446013719963541,0.0639437256721552,0,0.449755266443749,0.0402872879205552
"813","2015-3165",0.549736369171509,0.115309062418676,0,0.228239247569443,0.106715320840372
"814","2015-3166",0.670798945382642,0.0864703801284158,0,0.143353825610257,0.0993768488786857
"815","2015-3167",0.512888160828639,0.121103746682534,0,0.320807908727466,0.0452001837613616
"816","2015-3168",0.283845747670319,0.114199633734562,0,0.543942246087674,0.0580123725074444
"817","2015-3169",0.476141090240553,0.0830066183639285,0,0.300166700387385,0.140685591008134
"818","2015-3170",0.809787259757676,0.0551464838002579,0,0.021748051145557,0.113318205296509
"819","2015-3227",0.66443483796086,0.131864754059971,0,0.151356338551165,0.0523440694280035
"820","2015-3228",0.508256248214955,0.136970975096148,0,0.291515231184455,0.063257545504442
"821","2015-3229",0.551685234166612,0.120109891358372,0,0.283639888695994,0.0445649857790216
"822","2015-3230",0.636846348147075,0.103523376676592,0,0.182776325688631,0.0768539494877014
"823","2015-3231",0.565763405715226,0.0829314017624615,0,0.266059269837735,0.0852459226845775
"824","2015-3232",0.482858942615295,0.17412488688422,0,0.31104917125151,0.031966999248975
"825","2015-3233",0.579292926606787,0.136743780691695,0,0.197777173439329,0.0861861192621885
"826","2015-3234",0.630820128512539,0.0957083225037827,0,0.204051439161307,0.0694201098223719
"827","2015-3235",0.621837500177487,0.135107947152052,0,0.157833968262428,0.0852205844080333
"828","2015-3236",0.484101328335785,0.27901368659323,0,0.142526929861313,0.0943580552096723
"829","2015-3237",0.507596030453154,0.0882833664089704,0,0.288391797750322,0.115728805387554
"830","2015-3238",0.519952185088601,0.132030930361143,0,0.225607722269553,0.122409162280702
"831","2015-3275",0.443911879668733,0.111327775896908,0,0.378748565685503,0.0660117787488563
"832","2015-3276",0.594778193464774,0.0857382401821741,0,0.19531993647685,0.124163629876202
"833","2015-3277",0.674331662562838,0.116122155526173,0,0.0751057212066093,0.13444046070438
"834","2015-3278",0.70177187206017,0.115550429463675,0,0.120184042447048,0.0624936560291066
"835","2015-3279",0.679617183004522,0.0913633729665551,0,0.127103311069763,0.10191613295916
"836","2015-3280",0.694208753246107,0.163157878909623,0,0.0825869306946752,0.0600464371495944
"837","2015-3281",0.511415220470279,0.130095091789362,0,0.273283774851747,0.0852059128886125
"838","2015-3282",0.563403981431561,0.148087760298012,0,0.140996823723047,0.14751143454738
"839","2015-3283",0.72640950239555,0.116916503727204,0,0.0751472222515309,0.081526771625715
"840","2015-3284",0.48470899394426,0.203337370514131,0,0.241345736541766,0.0706078989998426
"841","2015-35",0.51543993715179,0.173398107931529,0,0.285531076237204,0.0256308786794779
"842","2015-350",0.706965022516422,0.201377264530435,0,0.071029052692963,0.0206286602601791
"843","2015-351",0.776362817021831,0.131754693818855,0.0034640895376372,0.0461989776778228,0.0422194219438541
"844","2015-352",0.535914152655113,0.180763687123918,0,0.210760143725525,0.0725620164954446
"845","2015-353",0.54334777588569,0.135158261633969,0,0.286629261044394,0.0348647014359469
"846","2015-354",0.626058623560666,0.163505286456255,0,0.155411571086997,0.0550245188960816
"847","2015-355",0.714323063568338,0.183277890893859,0,0.0602540498671098,0.0421449956706923
"848","2015-36",0.70045412218186,0.143355359482192,0,0.12325041409432,0.0329401042416268
"849","2015-37",0.718557316889272,0.114898386748322,0,0.123747895164824,0.0427964011975822
"850","2015-38",0.577833799437201,0.163821955682513,0,0.220727085906378,0.0376171589739078
"851","2015-39",0.516245994837473,0.174350742226968,0.00840199669539254,0.168404419731901,0.132596846508266
"852","2015-4",0.726145054048947,0.164793799765079,0,0.0834362273756657,0.0256249188103081
"853","2015-40",0.619813695603932,0.0531903271812272,0,0.29090954253257,0.0360864346822711
"854","2015-41",0.712291004479862,0.044400542237023,0,0.207615580639304,0.0356928726438109
"855","2015-42",0.492391687376737,0.0891879996866215,0,0.382726178414931,0.0356941345217106
"856","2015-43",0.774409617260199,0.0746216818211537,0,0.103358019289965,0.0476106816286825
"857","2015-45",0.551246069970937,0.123519494090675,0,0.303201572749831,0.022032863188557
"858","2015-46",0.43200072166081,0.14509469222107,0,0.365051658211158,0.0578529279069621
"859","2015-477",0.552493818210925,0.321972794948142,0.0184308103444703,0.0541645285878059,0.0529380479086575
"860","2015-478",0.698762860415001,0.141733864886425,0.0017722645014666,0.0977436189859087,0.0599873912111982
"861","2015-479",0.502133505443622,0.139815553530465,0,0.31488551969067,0.0431654213352427
"862","2015-480",0.667717034259001,0.168967987260951,0,0.0893974322468393,0.0739175462332081
"863","2015-481",0.577331109520511,0.131086989811941,0,0.236534735300425,0.0550471653671225
"864","2015-482",0.739526486259293,0.170095535000115,0,0.0370964094103046,0.0532815693302881
"865","2015-483",0.726113688084435,0.165525369917327,0,0.0527532121467447,0.0556077298514936
"866","2015-6",0.627393348999406,0.0908105290681116,0,0.247525054009741,0.0342710679227416
"867","2015-7",0.573125813148902,0.15314236287379,0,0.215928168616434,0.0578036553608748
"868","2015-733",0.665573571612683,0.198210360994933,0.00989068530411351,0.0612234170780784,0.0651019650101919
"869","2015-734",0.664870936306954,0.245396054706123,0,0.0280632208050192,0.0616697881819045
"870","2015-735",0.71100488198968,0.162295448048458,0,0.0657252867289201,0.0609743832329416
"871","2015-736",0.68212773742301,0.221678472130223,0,0.051466998216366,0.0447267922304004
"872","2015-737",0.508225757923902,0.148073028393845,0,0.311071537695202,0.0326296759870501
"873","2015-738",0.632477259347213,0.26614225554434,0,0.0493553708087579,0.0520251142996886
"874","2015-739",0.537449444784915,0.149398538077622,0.0230896838425257,0.233362495340477,0.0566998379544598
"875","2015-740",0.675090224175606,0.170214928371152,0,0.0954783307218969,0.059216516731345
"876","2015-766",0.21579244129251,0.123921650684283,0,0.628904082596509,0.0313818254266987
"877","2015-767",0.650571211736639,0.220810582806021,0,0.0552705692838747,0.0733476361734652
"878","2015-768",0.420046335215901,0.1724612891657,0,0.390065764500424,0.0174266111179751
"879","2015-769",0.662092708904957,0.212534621545045,0.00425662918505081,0.0584473492623895,0.0626686911025582
"880","2015-770",0.66328790384223,0.255742969327484,0.00928935340144993,0.0149627950716312,0.0567169783572041
"881","2015-771",0.723088474706288,0.20894848866951,0.0121565889001955,0.0207055486470647,0.0351008990769422
"882","2015-772",0.70953664532402,0.212355256385802,0,0.0505484635861511,0.0275596347040276
"883","2015-773",0.436764998564433,0.362923805210647,0.0178064902915941,0.0310358173520538,0.151468888581272
"884","2015-774",0.647482948796555,0.195901358081979,0,0.106843305099381,0.0497723880220845
"885","2015-775",0.704150595512518,0.186191936844474,0,0.069691492007343,0.0399659756356654
"886","2015-776",0.645029282035297,0.221702056657167,0,0.0870463156289352,0.046222345678601
"887","2015-777",0.571128619713573,0.323800857906554,0,0.0676478927511626,0.0374226296287097
"888","2015-8",0.492388604251312,0.118392734281465,0,0.357565461450275,0.0316532000169479
"889","2015-802",0.694111530075319,0.189666957148458,0,0.0571598538407779,0.0590616589354449
"890","2015-803",0.613697477907215,0.193865228926844,0,0.14356575398859,0.0488715391773508
"891","2015-804",0.750449741188939,0.193384452499766,0,0.0067946942283757,0.0493711120829187
"892","2015-805",0.579187339112191,0.151921971172936,0,0.197716193222377,0.0711744964924954
"893","2015-806",0.755162478137602,0.173868079369192,0,0.0574208463647726,0.0135485961284328
"894","2015-807",0.597730185992532,0.229223733990545,0.00476127333319801,0.0716596200906009,0.0966251865931245
"895","2015-808",0.662030601490942,0.166469059865258,0,0.120391263616882,0.0511090750269186
"896","2015-809",0.66512758689281,0.21446454292957,0,0.0573639271915932,0.0630439429860264
"897","2015-810",0.755019928920599,0.164678109589675,0,0.022970393380406,0.0573315681093202
"898","2015-811",0.673868998208697,0.159974226632287,0.0115417936210696,0.0225988614645699,0.132016120073377
"899","2015-812",0.201680230964581,0.139485528267841,0,0.616527542626687,0.0423066981408907
"900","2015-813",0.398131454607642,0.156149931624957,0,0.35664025586827,0.0890783578991313
"901","2015-854",0.600295428894973,0.154809726088594,0,0.169062752018697,0.0758320929977357
"902","2015-855",0.852680073836031,0.0223935334922173,0,0.0580689401227407,0.0668574525490114
"903","2015-856",0.555894316357288,0.180561089964027,0,0.191348510880528,0.0721960827981571
"904","2015-857",0.719918575520912,0.0786060526141032,0,0.143622571569986,0.0578528002949986
"905","2015-858",0.636533742781782,0.131208392280802,0,0.165635218156371,0.0666226467810453
"906","2015-859",0.613320878797649,0.157164360012469,0,0.186346477479253,0.0431682837106286
"907","2015-860",0.711556340425804,0.149242678594131,0,0.0792085308656951,0.0599924501143694
"908","2015-861",0.600694870359389,0.148960039857209,0,0.196878457002385,0.0534666327810171
"909","2015-862",0.589019004141287,0.118597784641008,0,0.252411279273708,0.0399719319439974
"910","2015-863",0.574116000212203,0.123850591458842,0,0.256394817677684,0.0456385906512711
"911","2015-864",0.452933063672888,0.277108371095548,0,0.177432928592419,0.0925256366391448
"912","2015-865",0.611413814542524,0.14549268884175,0,0.190841933022095,0.0522515635936313
"913","2015-891",0.692582743659422,0.140608343520991,0,0.127886335291209,0.0389225775283779
"914","2015-892",0.686690871894568,0.141325612896353,0,0.14693852534787,0.0250449898612089
"915","2015-893",0.470158806713145,0.154066406621113,0,0.329099528212147,0.0466752584535959
"916","2015-894",0.676002941139547,0.179962241188912,0,0.0898521191745248,0.0541826984970164
"917","2015-895",0.611733871406068,0.135382077857024,0,0.214531504438824,0.0383525462980836
"918","2015-896",0.522097142936209,0.100517580961943,0,0.335770938294777,0.0416143378070712
"919","2015-897",0.546443173825069,0.141314298430427,0,0.229128431151446,0.0831140965930588
"920","2015-898",0.73834479679556,0.0819600565462536,0,0.138311682071722,0.0413834645864643
"921","2015-899",0.474183331804536,0.131737851597835,0,0.357326407473595,0.0367524091240339
"922","2014-2194",0.576136802424161,0.187677842817758,0,0.189614848288109,0.0465705064699719
"923","2014-2195",0.493345664245413,0.142800946643566,0,0.321396531668738,0.0424568574422836
"924","2014-2196",0.489719118041892,0.226146740286309,0,0.241980377776303,0.0421537638954963
"925","2014-2197",0.670194604586402,0.178403218152016,0,0.127728897421801,0.0236732798397817
"926","2014-2198",0.742481851455087,0.142548503026368,0,0.0704749438186168,0.0444947016999281
"927","2014-2199",0.733938907419815,0.18986657165596,0.00317655165529793,0.0257014333632931,0.0473165359056338
"928","2015-1332",0.688976532889613,0.133683813307292,0,0.0857838199616706,0.0915558338414243
"929","2015-1333",0.702119668040195,0.13890623490918,0,0.0499526562888286,0.109021440761796
"930","2015-1334",0.751123687605005,0.096083289384301,0,0.0472310406854665,0.105561982325228
"931","2015-1335",0.642485594708565,0.194242880730614,0.00381895998737815,0.00742372976874326,0.1520288348047
"932","2015-1336",0.740960556795924,0.0914391186106794,0,0.094595962266667,0.0730043623267297
"933","2015-1337",0.648634124312112,0.137162460996922,0,0.090865399134639,0.123338015556327
"934","2015-1338",0.82524367603583,0.0828107475647997,0,0,0.0919455763993701
"935","2015-1339",0.60165439138279,0.125082091911081,0,0.180946654319347,0.0923168623867821
"936","2015-1340",0.447932800589622,0.0970952741847134,0,0.245685770472365,0.209286154753299
"937","2015-1341",0.802651971102793,0.0791763666309414,0,0.0301625077124119,0.0880091545538538
"938","2015-1342",0.628671139143072,0.181680657379192,0,0.11210975636829,0.0775384471094463
"939","2015-1343",0.597209152625155,0.224266658230478,0.00510866359726851,0.0495148520432752,0.123900673503823
"940","2015-1397",0.680146952884247,0.149072975098385,0,0.0844546983864292,0.0863253736309386
"941","2015-1398",0.507283255479756,0.161449769611297,0,0.245898787115265,0.0853681877936817
"942","2015-1399",0.763689036033836,0.0785665164195098,0,0.0487752599033288,0.108969187643326
"943","2015-1400",0.519293896598206,0.132549345135513,0,0.215705479001879,0.132451279264401
"944","2015-1401",0.563404181942993,0.163971640157594,0,0.164502555540147,0.108121622359266
"945","2015-1402",0.629449428708882,0.139118071745879,0,0.12424087376238,0.107191625782858
"946","2015-1403",0.471594014720237,0.164041485578247,0,0.21135967277171,0.153004826929806
"947","2015-1404",0.65636260583627,0.124184234165166,0,0.127600538532591,0.0918526214659725
"948","2015-1405",0.734482633667865,0.125894088982662,0,0.0329798351372757,0.106643442212198
"949","2015-1406",0.566750128332351,0.147812142812269,0,0.187120489742056,0.0983172391133236
"950","2015-1407",0.682957742450227,0.124490102655627,0,0.0828303728786445,0.109721782015501
"951","2015-1408",0.516197587484658,0.311697088146015,0,0.054237280295871,0.117868044073455
"952","2015-1425",0.604977480881566,0.164508585362942,0,0.185855161156686,0.044658772598807
"953","2015-1426",0.749018772651928,0.138197185858776,0,0.0487962578969012,0.0639877835923947
"954","2015-1427",0.752286371179459,0.116551393591227,0,0.0324071297408379,0.0987551054884763
"955","2015-1428",0.479355176018352,0.396652762062629,0.00133248985967203,0.0764872891014685,0.0461722829578781
"956","2015-1429",0.534369320870765,0.23726018168864,0,0.146765780161754,0.0816047172788418
"957","2015-1431",0.666719805504865,0.154168949104767,0,0.0664569783051024,0.112654267085266
"958","2015-1432",0.519372003567416,0.286084520410389,0,0.120312087614759,0.0742313884074366
"959","2015-1433",0.685333469038016,0.210097745893126,0,0.0456939760620207,0.0588748090068378
"960","2015-1434",0.636580193111833,0.143546047505635,0,0.134586252256799,0.0852875071257326
"961","2015-1435",0.702237460207797,0.0992791334503214,0,0.0550646287930306,0.143418777548851
"962","2015-1436",0.613934705027529,0.244001710102343,0,0.047780575616712,0.0942830092534156
"963","2015-1443",0.785360276474673,0.128118809737444,0,0.0138099517622502,0.0727109620256326
"964","2015-1444",0.666791627707813,0.160497799111227,0,0.0398155923295534,0.132894980851407
"965","2015-1445",0.680596154335179,0.151367388287119,0,0.112076224201268,0.0559602331764341
"966","2015-1446",0.737252147956648,0.148323444747062,0,0.0306931300648732,0.0837312772314177
"967","2015-1447",0.696690831821213,0.168723825159529,0,0.0279953766439735,0.106589966375284
"968","2015-1448",0.669273340175773,0.141032347149431,0,0.105322102427222,0.0843722102475748
"969","2015-1449",0.318421141244479,0.156562444567061,0,0.420965948695444,0.104050465493016
"970","2015-1450",0.6601420145793,0.165100171390986,0,0.0756225125166467,0.0991353015130667
"971","2015-1451",0.618850755623197,0.203617716999021,0,0.0676891694595802,0.109842357918202
"972","2015-1452",0.360483546982164,0.332798275626781,0,0.237453408919488,0.0692647684715677
"973","2015-1453",0.571188221745847,0.20370785087155,0,0.158724621195791,0.0663793061868124
"974","2015-1454",0.748432811367037,0.116229950656776,0,0.0748082399181869,0.0605289980579998
"975","2015-1467",0.283945630507369,0.125975738587265,0,0.534307236748487,0.0557713941568792
"976","2015-1468",0.555503928892294,0.141222484891761,0,0.237068896374194,0.0662046898417512
"977","2015-1469",0.136114379240779,0.162548104482556,0,0.616638702314026,0.0846988139626395
"978","2015-1470",0.59423591139436,0.131495362398201,0,0.112856966152326,0.161411760055113
"979","2015-1471",0.676870166726254,0.167925821829939,0,0.0772353675966206,0.0779686438471857
"980","2015-1472",0.721174113618905,0.14535859142904,0,0.0831574410277524,0.0503098539243035
"981","2015-1473",0.57962886488742,0.143391615152766,0,0.223864982240337,0.0531145377194779
"982","2015-1474",0.831423219437757,0.100835998653174,0,0.0166900670525836,0.0510507148564856
"983","2015-1475",0.774609615082664,0.137408464493052,0.00476800070956741,0.0242865136107901,0.0589274061039259
"984","2015-1476",0.729642328293847,0.13522917391569,0,0.0720653149310536,0.0630631828594099
"985","2015-1477",0.439484942846153,0.097113099155296,0.00200123954385942,0.322672860470048,0.138727857984643
"986","2015-1478",0.536368091656426,0.168908196310321,0,0.198652298408672,0.0960714136245812
"987","2015-1502",0.490702087439257,0.163570181315591,0,0.250953267379524,0.0947744638656287
"988","2015-1503",0,0.131154385279509,0,0.743461196763646,0.125384417956845
"989","2015-1504",0,0.132872041539719,0.0164804897210607,0.729304502237889,0.121342966501332
"990","2015-1505",0.132074932459253,0.156034648386821,0.000600822252850776,0.605388918565755,0.10590067833532
"991","2015-1506",0.0649531647884231,0.128980082726109,0.0230180226974962,0.625513413409482,0.157535316378489
"992","2015-1507",0,0.0922436146668917,0.00532760183682743,0.714784010800654,0.187644772695627
"993","2015-1508",0.722989228940364,0.123004007488295,0,0.0708294308487285,0.0831773327226125
"994","2015-1509",0.636671498228234,0.147483917965915,0,0.131996286110798,0.0838482976950533
"995","2015-1510",0,0.200733923670551,0,0.704793669618948,0.0944724067105011
"996","2015-1511",0.71465878256202,0.166539621961435,0,0.0329210104843276,0.0858805849922169
"997","2015-1512",0.324411090306342,0.326762252136653,0.00063101846640434,0.231476156840186,0.116719482250414
"998","2015-1513",0.0502172491104597,0.144863427547284,0,0.697540338366458,0.107378984975799
"999","2015-250",0.718659139147696,0.150459447631129,0,0.0780104612286393,0.0528709519925363
"1000","2015-251",0.721655927873223,0.167133386177889,0,0.0593311287604459,0.0518795571884422
"1001","2015-280",0.679583775116791,0.153403612002508,0,0.0907313406094169,0.0762812722712833
"1002","2015-281",0.584521042575904,0.168951721570929,0,0.175741374433994,0.0707858614191723
"1003","2015-282",0.412685702020772,0.160505013929592,0,0.388234316811993,0.0385749672376431
"1004","2015-283",0.672936662619935,0.184472637470985,0,0.0802464152531995,0.0623442846558811
"1005","2015-284",0.728355438948192,0.167150501702079,0,0.051261256099515,0.0532328032502141
"1006","2015-285",0.764787570163042,0.163717852292194,0,0.0263151521459862,0.0451794253987778
"1007","2015-286",0.592571475398357,0.184973060522579,0,0.191142680203028,0.0313127838760356
"1008","2015-287",0.587285594985226,0.313156382478521,0.00924437142212443,0.00790194585287458,0.0824117052612543
"1009","2015-509",0.57688347544765,0.172762761006739,0,0.185582560578391,0.0647712029672205
"1010","2015-510",0.751203815569505,0.158306214495463,0,0.0369089804679617,0.05358098946707
"1011","2015-511",0.516729109733781,0.142003945616182,0,0.29138025108623,0.0498866935638069
"1012","2015-512",0.687917152007219,0.165695615935859,0,0.111096527466032,0.03529070459089
"1013","2015-513",0.714191194544973,0.16547306493202,0,0.0716399880077304,0.0486957525152767
"1014","2015-514",0.677587184524707,0.205600923695322,0,0.0715871817781874,0.0452247100017836
"1015","2015-515",0.0952143466850273,0.15758902374927,0,0.670618445913854,0.0765781836518486
"1016","2015-516",0.75369932493328,0.155291822289791,0,0.040634403825648,0.0503744489512809
"1017","2015-517",0.416818192400242,0.331685014253744,0.0152716480917943,0.0878226551667851,0.148402490087434
"1018","2015-518",0.707670026714218,0.196341500927204,0,0.0513631846472816,0.0446252877112957
"1019","2015-519",0.680311000321603,0.175449516786599,0,0.0799272193317822,0.0643122635600161
"1020","2015-520",0.587271166906303,0.158385931708354,0,0.178889004960907,0.0754538964244368
"1021","2015-900",0.273000486021562,0.192251888628674,0,0.459455681800527,0.0752919435492367
"1022","2015-901",0.598160039030481,0.230939437886474,0,0.0653411299195153,0.10555939316353
"1023","2015-902",0.532602062154537,0.140607822641754,0,0.277849675109223,0.0489404400944863
"1024","2015-916",0.424785061786681,0.218690788002383,0,0.300857236023226,0.0556669141877098
"1025","2015-917",0.714807849797828,0.16782096035336,0,0.0470407260795827,0.0703304637692295
"1026","2015-918",0.618187853973606,0.19999659906257,0,0.114639975045099,0.067175571918725
"1027","2015-919",0.61040091810367,0.260184721009409,0,0.0438640377699075,0.085550323117013
"1028","2015-920",0.514421140090565,0.153509178164266,0,0.296367284425212,0.0357023973199563
"1029","2015-921",0.322412783380663,0.168585782608272,0,0.409205095398768,0.0997963386122969
"1030","2015-922",0.129609944576408,0.149111708263133,0,0.655371030903889,0.06590731625657
"1031","2015-923",0.605476302316454,0.175221637733377,0,0.14665470490553,0.0726473550446392
"1032","2015-924",0.678117806661821,0.223189111985164,0,0.0157197205055403,0.0829733608474747
"1033","2015-925",0.688579627978404,0.179747015006855,0,0.054646116538464,0.0770272404762773
"1034","2015-926",0.691615528565164,0.191827013495211,0,0.0413128308845874,0.0752446270550375
"1035","2015-927",0.547543777234942,0.271652081810432,0,0.102881104359173,0.0779230365954533
"1036","2015-1557",0.598203454317575,0.160906451161107,0,0.153478573544201,0.0874115209771169
"1037","2015-1558",0.391637711409167,0.123018721596321,0,0.434011865465797,0.0513317015287152
"1038","2015-1535",0.550357724141175,0.22061007925182,0,0.190661172305852,0.0383710243011537
"1039","2015-1552",0.640980549848185,0.14877433930285,0.00707337775696152,0.0885251666377988,0.114646566454204
"1040","2015-1543",0.728231805258289,0.130198618988736,0,0.0129553512115497,0.128614224541426
"1041","2015-1553",0.710067995160884,0.129939379983545,0.00389013977699111,0.0749058048168985,0.081196680261682
"1042","2015-1555",0.596703812672672,0.248661911351192,0.00359625901684305,0.0795596329559581,0.0714783840033355
"1043","2015-1533",0.793110201922559,0.0683980016064928,0,0.0533791852116108,0.0851126112593374
"1044","2015-1532",0.710611139041027,0.105735980577722,0,0.0904743085082679,0.0931785718729831
"1045","2015-1539",0.695486299095565,0.11911722960878,0,0.0975103190594425,0.087886152236213
"1046","2015-1541",0.679898191930747,0.136915896151346,0,0.0702363189099677,0.112949593007939
"1047","2015-1554",0.500512268883663,0.105755757029404,0,0.236293866420722,0.157438107666211
"1048","2015-1534",0.597443576222641,0.118455538685486,0,0.192751246787281,0.0913496383045919
"1049","2015-1536",0,0.16615431333436,0,0.73242150266888,0.10142418399676
"1050","2015-1538",0.610458308543317,0.160692469585399,0,0.122375281590353,0.106473940280931
"1051","2015-1537",0.161035568959486,0.128266755634094,0,0.588104694401964,0.122592981004455
"1052","2015-1556",0.58406370195738,0.0820195987788604,0.00548990859795168,0.212059507564601,0.116367283101208
"1053","2015-1540",0.660053552544673,0.181656289310909,0,0.0777970195338197,0.0804931386105981
"1054","2016-885",0.532286920350964,0.121483906982464,0,0.270958678675002,0.0752704939915697
"1055","2016-831",0.498450290652375,0.164208299794177,0,0.272465636644816,0.0648757729086318
"1056","2016-832",0.456642631586292,0.20041359087228,0,0.120235630677431,0.222708146863998
"1057","2016-833",0.516411115658545,0.149986118469034,0,0.253184807003683,0.0804179588687386
"1058","2016-834",0.459099627365401,0.120153500446177,0,0.358398265770994,0.0623486064174271
"1059","2016-862",0.421920737579238,0.137083886578558,0,0.407443786567271,0.0335515892749335
"1060","2016-863",0.484822609942174,0.115222074555297,0,0.303436059698982,0.0965192558035474
"1061","2016-864",0.601927809999989,0.138129110471897,0,0.161850254468432,0.0980928250596825
"1062","2016-865",0.451644329939943,0.141655918574137,0,0.292078771714054,0.114620979771866
"1063","2016-790",0.518411891690862,0.116256734703809,0,0.287350778775806,0.0779805948295235
"1064","2016-888",0.611857904966743,0.161645157721003,0,0.11680801982079,0.109688917491465
"1065","2016-866",0.351824985339777,0.145966498811086,0,0.433459185686878,0.0687493301622593
"1066","2016-867",0.599992621420695,0.137185552315261,0,0.180288070952552,0.0825337553114912
"1067","2016-868",0.515722615313832,0.0905666729120745,0,0.32337697934828,0.0703337324258137
"1068","2016-869",0.649130873563417,0.143561463465993,0,0.117393666679643,0.0899139962909477
"1069","2016-870",0.461502222887808,0.13100929558865,0,0.334163061187737,0.0733254203358049
"1070","2016-871",0.557394647293382,0.161238075750403,0,0.208012302313182,0.0733549746430324
"1071","2016-872",0.615944976980825,0.108485085327342,0,0.197106798192169,0.0784631394996634
"1072","2016-791",0.664512569714648,0.120748577171897,0,0.140807640532438,0.0739312125810169
"1073","2016-887",0.536930224716768,0.131940958817687,0,0.220662659027629,0.110466157437916
"1074","2016-792",0.595883540852344,0.164731306345358,0,0.135387757386207,0.103997395416091
"1075","2016-793",0.573273024632477,0.14161625334729,0,0.168525697155719,0.116585024864514
"1076","2016-794",0.242946974402838,0.109028504463406,0,0.535308111985548,0.112716409148208
"1077","2016-795",0.517259373632982,0.165545549909394,0,0.255619906719235,0.0615751697383893
"1078","2016-796",0.213212832407069,0.145031178529253,0,0.522871732387802,0.118884256675877
"1079","2016-797",0.651863071685974,0.113050217052088,0,0.132415348490582,0.102671362771357
"1080","2016-798",0.289661228834162,0.134785627701553,0,0.39422254716551,0.181330596298775
"1081","2016-799",0.640918535110807,0.120902106364057,0,0.199063889704191,0.0391154688209456
"1082","2016-800",0.674500447347614,0.105805550490564,0,0.125204084182767,0.0944899179790557
"1083","2016-801",0.2659977722901,0.12596075048226,0,0.509458535969689,0.0985829412579518
"1084","2016-823",0.366526113475686,0.164322276948062,0,0.370913541779012,0.0982380677972405
"1085","2016-824",0.332761662434937,0.161084411244272,0,0.418340583348776,0.0878133429720151
"1086","2016-825",0.257263722135317,0.122652559849331,0.0204993410495821,0.382514064022516,0.217070312943254
"1087","2016-826",0.471161536963391,0.124631650455176,0,0.291503391877743,0.11270342070369
"1088","2016-827",0.496484314688973,0.1692916412214,0,0.212993440899262,0.121230603190365
"1089","2016-828",0.576562645431222,0.13577824031855,0,0.22843151869617,0.0592275955540577
"1090","2016-829",0.687429111137974,0.123961941590353,0,0.128000366930138,0.0606085803415355
"1091","2016-830",0.514096772126806,0.113989794390515,0,0.288108436928976,0.0838049965537026
"1092","2016-889",0.675622156743588,0.190310676096017,0,0.0901061225206681,0.0439610446397269
"1093","2016-890",0.640434658931423,0.147614376068333,0,0.151135046259787,0.0608159187404577
"1094","2016-891",0.726452073657485,0.133733179278834,0,0.0656198103986127,0.0741949366650687
"1095","2016-892",0.659739317941185,0.123417330380592,0,0.139466250637617,0.0773771010406051
"1096","2016-893",0.3747865092702,0.143940450489513,0,0.417929785331307,0.0633432549089796
"1097","2016-894",0.427716022543793,0.106115269509904,0,0.368827741309441,0.0973409666368619
"1098","2016-895",0.526482982580121,0.116430137008251,0,0.26126632400836,0.0958205564032672
"1099","2016-896",0.66586972510962,0.121743163281106,0,0.148768549334274,0.063618562275001
"1100","2016-922",0.595580118965891,0.173232200856677,0,0.182623596563001,0.0485640836144312
"1101","2016-923",0.646375313309484,0.233924196935801,0,0.0537868006439768,0.0659136891107377
"1102","2016-924",0.774448546192762,0.121609475432354,0,0.0200128431518378,0.0839291352230462
"1103","2016-925",0.648374043547421,0.144432643606045,0,0.134858402774916,0.0723349100716179
"1104","2016-926",0.671816738933945,0.143011100307391,0,0.106132576362716,0.079039584395949
"1105","2016-927",0.728913649969715,0.121742347621645,0,0.0737574446976924,0.0755865577109481
"1106","2016-928",0.633403072471604,0.088390630939069,0,0.17649205900192,0.101714237587408
"1107","2016-929",0.487332018611349,0.131829309362253,0,0.296298970469846,0.0845397015565514
"1108","2016-930",0.689440848173094,0.121410609943929,0,0.113874882992956,0.0752736588900203
"1109","2016-931",0.755206455702525,0.0991653314626084,0,0.0902852059297005,0.0553430069051664
"1110","2016-932",0.562255745599276,0.140392459176417,0,0.224287006531519,0.0730647886927883
"1111","2016-933",0.660298849092688,0.13814015657438,0,0.110196828694607,0.0913641656383243
"1112","2016-934",0.476217782677964,0.143573782501539,0,0.240502768170761,0.139705666649736
"1113","2016-935",0.829315545467181,0.0815297106712836,0,0.0114678852680539,0.0776868585934813
"1114","2016-936",0.573644653871719,0.136179652180534,0,0.216137471195122,0.0740382227526254
"1115","2016-937",0.62142834010017,0.114674555016163,0,0.207764615810517,0.0561324890731494
"1116","2016-938",0.677789030968782,0.0997070746299955,0,0.150911779044039,0.0715921153571832
"1117","2016-939",0.660707136852807,0.152245971120252,0,0.0962557702510786,0.0907911217758617
"1118","2016-940",0.408025723405978,0.201964529403149,0,0.275046999991104,0.11496274719977
"1119","2016-941",0.727467106283772,0.122221179963909,0,0.0609954021592514,0.0893163115930683
"1120","2016-942",0.444805527866358,0.209182113567681,0,0.219659458279287,0.126352900286674
"1121","2016-943",0.774635122852787,0.0631653345631515,0,0.104169298140471,0.0580302444435906
"1122","2016-944",0.682902055336544,0.135895092158201,0,0.124343606976161,0.0568592455290945
"1123","2016-945",0.789925271179625,0.0996397430226054,0,0.0596484710765333,0.0507865147212368
"1124","2016-946",0.672978877327687,0.122962858664666,0,0.127252204545285,0.0768060594623615
"1125","2016-947",0.431474902538548,0.178214724141651,0,0.30379159189295,0.0865187814268502
"1126","2016-948",0.663708910359922,0.107753007865246,0,0.169664139973913,0.0588739418009189
"1127","2016-949",0.659522818215875,0.103402766058008,0,0.119629740471506,0.11744467525461
"1128","2016-950",0.440804914238822,0.126018337831923,0,0.375161133469877,0.0580156144593779
"1129","2016-951",0.809917420757181,0.0602273703060139,0,0.0326579132231425,0.0971972957136622
"1130","2016-952",0.591061060034269,0.124057320647854,0,0.218785864376788,0.0660957549410888
"1131","2016-953",0.82603704947285,0.0354591127777724,0,0.0675582446509683,0.0709455930984096
"1132","2016-954",0.704578793511715,0.127507393334307,0,0.103760791911987,0.0641530212419907
"1133","2016-955",0.577100466967265,0.245363550266719,0,0.0979838657253533,0.079552117040663
"1134","2016-956",0.666743383186087,0.123638774201076,0,0.0969568637173454,0.112660978895492
"1135","2016-957",0.657242279616395,0.116846599321934,0,0.1598828689749,0.0660282520867705
"1136","2016-958",0.572579923137824,0.133719153630414,0,0.21908968149853,0.0746112417332318
"1137","2016-959",0.578606333505798,0.151348451457754,0,0.217106799144138,0.0529384158923093
"1138","2016-960",0.486401229739345,0.140502934629456,0,0.327489972783627,0.0456058628475728
"1139","2016-961",0.6569309850685,0.144858011090433,0,0.104982430643072,0.0932285731979944
"1140","2016-962",0.649056267134666,0.0894914988642588,0,0.196605268749151,0.0648469652519243
"1141","2016-963",0.464793372868657,0.119372479929873,0,0.354201806650367,0.0616323405511034
"1142","2016-964",0.504194172382082,0.151230418675497,0,0.290279273943168,0.0542961349992537
"1143","2016-965",0.591204863840091,0.137573285872744,0,0.208214453057314,0.0630073972298508
"1144","Br1499",0.316909946531945,0.242425509830768,0,0.234804603958803,0.205859939678484
"1145","Br1498",0.302803441095383,0.292035231803061,0.00438343691319638,0.106955084953929,0.293822805234431
"1146","Br2381",0.350140077391244,0.269353247344668,0,0.131356315422616,0.249150359841473
"1147","Br1669",0.573775824382651,0.105036231483732,0,0.132211405199055,0.188976538934562
"1148","Br1590",0,0.517645171242229,0,0.229962407843497,0.252392420914274
"1149","Br1602",0,0.478466300715764,0,0.311136746913241,0.210396952370995
"1150","Br1420",0,0.119319360397999,0,0.618780236515257,0.261900403086743
"1151","Br1060",0.316841716374287,0.243954507595522,0,0.186217519544528,0.252986256485663
"1152","Br1326",0.116160568684307,0.438265379328356,0,0.0828295494921307,0.362744502495206
"1153","Br1492",0,0.266087956875316,0,0.416841512165245,0.317070530959439
"1154","Br2109",0.491010264622543,0.0873510725853692,0,0.248663169912602,0.172975492879486
"1155","Br1624",0.286914301880215,0.0432675147283702,0,0.26694960582034,0.402868577571075
"1156","Br1503",0.415236818624733,0.129323684104066,0,0.233154560755548,0.222284936515653
"1157","Br1756",0.783994886993565,0,0,0.0594374571609235,0.156567655845512
"1158","Br1189",0.307493011647441,0.256030154470752,0,0.201508931044515,0.234967902837292
"1159","Br1909",0.789268288258414,0,0,0.0488605215789978,0.161871190162588
"1160","Br1912",0.30186280738897,0.324914544114079,0,0.123676246173337,0.249546402323614
"1161","Br925",0.0514505393500249,0.25573806715208,0,0.383462613735892,0.309348779762003
"1162","Br2179",0.284340637110291,0.0527450172594587,0,0.361426323660313,0.301488021969937
"1163","Br858",0.415950441054723,0.0622792503167882,0.0210335673539138,0.0803061559020363,0.420430585372539
"1164","Br2234",0.641596222891463,0.0139759620962361,0,0.21590994823819,0.12851786677411
"1165","Br2217",0.513295117348207,0.141089058904949,0,0.163189942413329,0.182425881333515
"1166","Br2108",0.715064614997077,0,0,0.0870227874884258,0.197912597514498
"1167","Br2222",0.160532337548165,0.421985657279256,0,0.0686987427490146,0.348783262423564
"1168","Br1695",0.632017230833865,0,0,0.234222454620719,0.133760314545417
"1169","Br1021",0.391855393796709,0.10623193387439,0,0.356348040682992,0.145564631645909
"1170","Br1023",0.440542659416349,0.158965179865408,0.0117410265909549,0.139021154594397,0.249729979532891
"1171","Br1297",0.521242283602819,0.0552167370990113,0,0.260185280082294,0.163355699215875
"1172","Br1527",0.356811984215979,0.268552866891617,0,0.162736538207917,0.211898610684486
"1173","Br1988",0.695148525635138,0.00150907050668734,0,0.167385373300065,0.135957030558109
"1174","Br942",0.488866601199247,0.134012200168648,0,0.222389440300647,0.154731758331458
"1175","Br1487",0.324720807666349,0.179745164051152,0,0.340379899067267,0.155154129215231
"1176","Br2163",0.5079446542303,0.187368383019586,0,0.137441412315441,0.167245550434674
"1177","Br2158",0.396349318387586,0.316504685841893,0,0.106576265695246,0.180569730075274
"1178","Br1157",0.699179423321067,0,0,0.157530251172954,0.143290325505979
"1179","Br1135",0.510750897967847,0.0710564076393939,0,0.268926453828323,0.149266240564436
"1180","Br2151",0.63563847575522,0,0,0.184290428152499,0.180071096092282
"1181","Br1339",0.483865806532656,0,0,0.327078448032814,0.189055745434531
"1182","Br1538",0.653399116439612,0.0266918827213155,0,0.101556156389088,0.218352844449985
"1183","Br2196",0.603996008841835,0.0605630473510162,0,0.176215048664717,0.159225895142432
"1184","Br1901",0.68585679335406,0.0106540512370841,0.00505546569896398,0.0454241672756031,0.253009522434289
"1185","Br1109",0.697606088687518,0,0,0.122454919069355,0.179938992243127
"1186","Br1383",0.54412344404765,0.0505178798315023,0,0.205920228346076,0.199438447774772
"1187","Br1304",0.751211262539738,0,0,0.0922308081088783,0.156557929351384
"1188","Br1823",0.599533407323387,0.137595911479354,0,0.0249445976908945,0.237926083506364
"1189","Br1285",0.614525419588288,0.0860116902109287,0,0.141884786713337,0.157578103487446
"1190","Br909",0,0.335766769900474,0,0.189236274883593,0.474996955215933
"1191","Br2230",0.709297811703266,0.0343135008146908,0,0.0935427075076643,0.162845979974379
"1192","Br2227",0.644797953069492,0.0458467688041505,0,0.152005419167609,0.157349858958749
"1193","Br1264",0,0,0,0.911945070131269,0.0880549298687313
"1194","Br2215",0.799677024308706,0.0162742822761493,0,0.0394634406401906,0.144585252774954
"1195","Br2102",0.107126508312544,0.102659105517495,0,0.448062139723586,0.342152246446375
"1196","Br2098",0.578367481292446,0.0530003167852098,0,0.239570105534803,0.129062096387541
"1197","Br1321",0.466510116405655,0.205737237300627,0,0.0537790720919021,0.273973574201815
"1198","Br2167",0.583707458685534,0.100119100833202,0,0.104667597344608,0.211505843136656
"1199","Br2076",0.724823968302687,0.0868337166254058,0,0.0643255166630931,0.124016798408814
"1200","Br2149",0.740259470667148,0,0,0.121709111863241,0.138031417469611
"1201","Br1764",0.669573503811424,0,0,0.133406734139038,0.197019762049539
"1202","Br2154",0.760085972010879,0.0473573684867837,0,0.00932083302971172,0.183235826472626
"1203","Br1738",0.324165441337961,0.377995598194044,0,0.0928704703856344,0.20496849008236
"1204","Br2138",0.564756770868535,0,0,0.258349251616225,0.17689397751524
"1205","Br1840",0.239276262857027,0.180066375709164,0,0.441186183788081,0.139471177645728
"1206","Br2216",0.707571946253602,0.0677095851223954,0,0.0989408194157477,0.125777649208255
"1207","Br1987",0.796763539035195,0.0184883742560908,0,0.0596109986228106,0.125137088085903
"1208","Br2206",0.536767343770847,0.0782055655372312,0,0.177952275780061,0.207074814911861
"1209","Br2194",0.635087399741499,0.164810171941955,0,0.123751944604748,0.0763504837117982
"1210","Br1351",0.551904370668665,0.156473899564501,0,0.181897158850484,0.10972457091635
"1211","Br2107",0.619998019819838,0.127016401436822,0,0.142467063196024,0.110518515547316
"1212","Br946",0.481474876207148,0.0784730087373041,0,0.284948499887599,0.155103615167949
"1213","Br2213",0.770337416808847,0,0,0.0722822375237673,0.157380345667386
"1214","Br1156",0.666696101899735,0.0293970870234634,0,0.168933467458818,0.134973343617984
"1215","Br2177",0.712186427776829,0.0103846346372505,0,0.141216767035327,0.136212170550594
"1216","Br2148",0.613133482150339,0.119162224591821,0,0.0937927992403082,0.173911494017532
"1217","Br1314",0.407001557854231,0.0856525359029858,0,0.292135732409355,0.215210173833429
"1218","Br1447",0.307222981192899,0.248261410300155,0,0.153439536133011,0.291076072373936
"1219","Br2220",0.570015920463059,0.0502241930678985,0,0.278781987016356,0.100977899452686
"1220","Br2226",0.338274610806489,0.293603413798874,0,0.133994001062562,0.234127974332076
"1221","Br2144",0.58995097222577,0.0716779475463716,0,0.168787478502592,0.169583601725266
"1222","Br859",0.75782521242585,0,0,0.0478569907731516,0.194317796800998
"1223","Br1688",0.750872886339448,0.0431020541306866,0,0.0564498012782919,0.149575258251574
"1224","Br1113",0.782451571880125,0,0,0.0292430409654245,0.188305387154451
"1225","Br1941",0.696151222296687,0.109952100928469,0,0.041980097072884,0.151916579701959
"1226","Br827",0.785586577526046,0.0037388901701161,0,0.0742057417020713,0.136468790601767
"1227","Br2242",0.426633292386718,0.175028645608588,0,0.196349554901533,0.201988507103161
"1228","Br1588",0,0.11453717494111,0.11995279125085,0.101245492067924,0.664264541740116
"1229","Br2103",0.558020141731393,0.0250589223098015,0,0.287072282737287,0.129848653221518
"1230","Br1923",0.543142911415876,0.200823362783546,0.000190508906441691,0.0570176938416382,0.198825523052498
"1231","Br823",0,0.234499493860103,0,0.412888537215677,0.352611968924221
"1232","Br1228",0.522292624339756,0.122366636590143,0,0.150140751380013,0.205199987690088
"1233","Br1030",0.604604585212988,0.122110816172703,0,0.146646151087894,0.126638447526415
"1234","Br1463",0.745323701316846,0.0059460927571114,0,0.128845132193555,0.119885073732488
"1235","Br2236",0.414063342354257,0.221136419720753,0,0.201189275535616,0.163610962389374
"1236","Br2267",0,0.511072938409095,0,0.246184401555289,0.242742660035616
"1237","Br2201",0,0.0635151214794422,0,0.77425126428676,0.162233614233798
"1238","Br2229",0.663907982634043,0.113191391977409,0,0.104246561878525,0.118654063510024
"1239","Br2097",0.150284139096056,0.30944999973158,0,0.167380341480994,0.37288551969137
"1240","Br1243",0.624384619851282,0,0,0.213218295388632,0.162397084760086
"1241","Br1356",0.741860221863164,0,0,0.120771599852417,0.137368178284418
"1242","Br2157",0.648521015929244,0.0563034865458936,0,0.0980382728410257,0.197137224683836
"1243","Br2153",0.432042773769069,0.0830713469107643,0,0.314152968798292,0.170732910521875
"1244","Br1753",0.74559466923269,0.0351945119563258,0,0.133088384708145,0.0861224341028385
"1245","Br1092",0.71074281024564,0.04993635390072,0,0.0864637201067896,0.152857115746851
"1246","Br1017",0,0.0955327716381743,0,0.731891765966501,0.172575462395324
"1247","Br1235",0.528494048265093,0.040025527928409,0,0.231612990850232,0.199867432956266
"1248","Br2152",0.67852188267014,0.0802158576996962,0,0.122927437771008,0.118334821859156
"1249","Br2235",0.481737819707692,0.0676617543966818,0,0.31644406694718,0.134156358948446
"1250","Br1441",0.618764759420711,0.0489536944610868,0,0.128679912315899,0.203601633802303
"1251","Br1648",0,0.29087454302264,0,0.358407904246885,0.350717552730475
"1252","Br1526",0.391903114833867,0.280990908838435,0,0.112658011548309,0.214447964779389
"1253","Br1288",0.745947717772251,0,0,0.111564497480347,0.142487784747402
"1254","Br1651",0.817637281634598,0,0,0.0288051398090728,0.15355757855633
"1255","Br2187",0.739628801039168,0,0,0.102312765520218,0.158058433440614
"1256","Br1649",0.791699722535224,0,0,0.0530539615461829,0.155246315918593
"1257","Br869",0.457949050060553,0.135216608429716,0,0.149462072215211,0.257372269294521
"1258","Br1946",0.530255230170391,0.137808360042204,0,0.0742660178469362,0.257670391940469
"1259","Br2231",0.543462688699167,0.168540038725887,0,0.0910439636022311,0.196953308972715
"1260","Br2198",0.799144210309207,0.00391440606967411,0,0.0274963709802477,0.169445012640871
"1261","Br2094",0.766030223009062,0,0,0.040850207458182,0.193119569532756
"1262","Br2137",0.523529875080069,0.107999591799177,0,0.161572537494686,0.206897995626067
"1263","Br2185",0.0117332838196461,0.25273601249602,0,0.468696340350818,0.266834363333516
"1264","Br1525",0.671160478526629,0.0029985928950249,0.00456947941099178,0.14136561174479,0.179905837422564
"1265","Br2180",0.792919508552449,0,0,0.0575899896849879,0.149490501762563
"1266","Br2221",0.614962431548646,0.175695782473299,0,0.0355842474811419,0.173757538496913
"1267","Br948",0.630722341793747,0.0138025284442578,0,0.207826171398782,0.147648958363214
"1268","Br1167",0.529791638454362,0.051974252779416,0,0.287526007452164,0.130708101314058
"1269","Br1325",0,0.141298783927609,0.0548261455369872,0.330188417010452,0.473686653524952
"1270","Br2173",0.714224508530502,0,0,0.13426077145605,0.151514720013448
"1271","Br2184",0.36250226820253,0.356307938391762,0,0.101363587307589,0.179826206098119
"1272","Br2104",0.488394940940659,0.10064973616056,0,0.27766632541834,0.13328899748044
"1273","Br2209",0.5218924472254,0.164080080006516,0,0.0767592827373668,0.237268190030718
"1274","Br2204",0.430737957372318,0.179255057820057,0,0.209260787406331,0.180746197401294
"1275","Br2162",0.566118940058345,0.0285612018707823,0,0.244860728269597,0.160459129801277
"1276","Br2074",0.734108584332122,0.071214884510977,0,0.0806873344955017,0.113989196661399
"1277","Br2288",0.690740702904566,0,0,0.0950685334469987,0.214190763648435
"1278","Br2099",0.637144779920158,0.014489779155228,0,0.194578421652763,0.153787019271851
"1279","Br2203",0.49108341102264,0.0882884918851192,0,0.205430687063446,0.215197410028795
"1280","Br2225",0.155291444858375,0.126707595517762,0,0.47776609878712,0.240234860836742
"1281","Br2133",0.273212562746612,0.0363740181712481,0,0.484943941261317,0.205469477820823
"1282","Br1105",0.0397507355921937,0.493423135884995,0,0.0838733028956971,0.382952825627115
"1283","Br1497",0.605006332346848,0.0502611818692431,0,0.180210601125736,0.164521884658173
"1284","Br2161",0.282122518061691,0.164039206009311,0,0.344789468999408,0.209048806929591
"1285","Br983",0.7035577485219,0.00484767161566587,0,0.0630788610449025,0.228515718817532
"1286","Br1358",0.6959544475198,0.0323522762490731,0,0.0655018668483645,0.206191409382762
"1287","Br2156",0.673444280032159,0.104750476656477,0,0.11248921375547,0.109316029555893
"1288","Br1348",0.246110130194918,0.180508413392216,0,0.38986096322985,0.183520493183016
"1289","Br1678",0.726777087856538,0,0,0.0944525905250669,0.178770321618395
"1290","Br1390",0.435797314574176,0.108969486167863,0,0.274138827392679,0.181094371865282
"1291","Br2181",0.761589227963346,0,0,0.0483017491499922,0.190109022886662
"1292","Br2207",0.278078464029132,0.239800058558372,0,0.287585789399172,0.194535688013324
"1293","Br2237",0.702206389031526,0.0758834654349157,0,0.0437016057780666,0.178208539755491
"1294","Br1890",0.771684743716584,0.0185046378897144,0,0.0198548286040048,0.189955789789696
"1295","Br2165",0.720514266145076,0.0106553331749988,0,0.105269162572644,0.163561238107282
"1296","Br1025",0.0336475000836204,0.592119917405196,0,0.122685381162861,0.251547201348322
"1297","Br1050",0.672251365175585,0.0395604150649731,0,0.173793863550283,0.114394356209159
"1298","Br1221",0.701582884789991,0.0365427660402776,0,0.0771371860153802,0.184737163154351
"1299","Br1958",0.593682415748814,0.0770297836183278,0,0.179056889636121,0.150230910996738
"1300","Br1900",0.75052979901865,0,0,0.0267437680980073,0.222726432883343
"1301","Br1409",0.656945836890296,0,0,0.188991073314821,0.154063089794883
"1302","Br2200",0.625345769780647,0.0804661474449627,0,0.100564073348784,0.193624009425607
"1303","Br2178",0.266091803732239,0.174944847167584,0,0.312487202959669,0.246476146140508
"1304","Br1568",0.821960682999272,0,0,0.0351801383238283,0.1428591786769
"1305","Br2224",0.621218540763621,0.0904757485494137,0,0.125850081604664,0.162455629082302
"1306","Br2202",0.670763352444566,0.0190083031385721,0,0.129127688305552,0.18110065611131
"1307","Br1509",0.69017152257887,0.0116306164569112,0,0.156307614652731,0.141890246311487
"1308","Br1884",0.688247785673858,0.0622499266230374,0,0.0923209851487963,0.157181302554308
"1309","Br2056",0.299504356362419,0.218572932581476,0,0.2216495818974,0.260273129158705
"1310","Br2092",0.518245320781494,0.151386468099278,0,0.12111183790918,0.209256373210047
"1311","Br1283",0.660004513877087,0.0497659831822706,0,0.14590820914143,0.144321293799213
"1312","Br1408",0.713131853542399,0.0502398494607033,0,0.0894170112074759,0.147211285789422
"1313","Br1416",0.723651811323443,0,0,0.137501801969142,0.138846386707414
"1314","Br2208",0.738182320390144,0.0528201632705323,0,0.0582691436983421,0.150728372640982
"1315","Br1191",0.628720909711794,0.134104130761671,0,0.144993281826514,0.09218167770002
"1316","Br2176",0.710902807088225,0.027005331884482,0,0.0969780569894359,0.165113804037857
"1317","Br2232",0.766620274369587,0.0203431162923638,0,0.0670624172284065,0.145974192109643
"1318","Br2269",0.588534559033824,0.124590218187152,0.00525466643529718,0.0107269986310952,0.270893557712631
"1319","Br1995",0.611331094683497,0.0647886495856136,0,0.171004850910347,0.152875404820543
"1320","Br2130",0.397003424214783,0,0,0.472976989463984,0.130019586321234
"1321","Br1446",0.755226153224199,0,0,0.117004443986807,0.127769402788994
"1322","Br2057",0.240272763018368,0.394107792545097,0,0.121229642451637,0.244389801984898
"1323","Br1458",0.67819802762464,0,0.013602737991051,0.129510899023916,0.178688335360393
"1324","Br2170",0.656779739609974,0.0832336985649739,0,0.161755909602133,0.0982306522229195
"1325","Br1980",0.703356679646102,0.0241697168566335,0,0.0850092462016021,0.187464357295662
"1326","Br2186",0.542446277806444,0.0704987703052146,0.000597398212194268,0.101113437769412,0.285344115906735
"1327","Br1142",0.628023029842606,0.194530720366245,0,0.0431805037012531,0.134265746089895
"1328","Br2091",0.716785176142883,0,0,0.147888234599746,0.135326589257371
"1329","Br1225",0.383628103448527,0.0356614392738483,0,0.480940607177479,0.0997698501001458
"1330","Br2159",0.660953520644752,0.0245100879947711,0,0.16215705620939,0.152379335151087
"1331","Br2212",0.41578070314106,0.213148054236671,0,0.0987835517044884,0.27228769091778
"1332","Br1370",0.782636916825772,0.00683592370128551,0,0.0495658721012558,0.160961287371687
"1333","Br2233",0.550989678170971,0.072360434413047,0,0.236148960149946,0.140500927266036
"1334","Br1761",0.697713826105843,0.050257830166368,0,0.117902360210548,0.134125983517242
"1335","Br2214",0.10591005193891,0.194685398784927,0,0.392398736464733,0.30700581281143
"1336","Br2189",0.697179818007784,0.0880972479936592,0,0.0219473152503472,0.192775618748209
"1337","Br1410",0.779218538130736,0,0,0.0472890010446448,0.173492460824619
"1338","Br1346",0.737766766632118,0.0586604402771783,0,0.0374006585339225,0.166172134556782
"1339","Br2228",0.684135051645332,0.124162917612326,0,0.11199220844098,0.0797098223013619
"1340","Br2183",0.703700447267603,0.0069042091063135,0,0.161620105971058,0.127775237655026
"1341","Br2192",0.45110853872531,0.248278433631208,0,0.0957741969507133,0.204838830692769
"1342","Br1745",0.78503087529865,0,0,0.0442743603997802,0.17069476430157
"1343","Br1183",0.697214838841476,0.0629699328502351,0,0.0781011366948855,0.161714091613404
"1344","Br1203",0.861977778926685,0.00841010319238266,0,0.0203469145140324,0.1092652033669
"1345","Br1276",0.675158257818364,0.021228047337996,0,0.172467887101472,0.131145807742168
"1346","Br1842",0.713276109829165,0.0671754971068405,0,0.0602891026009984,0.159259290462996
"1347","Br1455",0.824904072422404,0,0,0.0232818236356959,0.1518141039419
"1348","Br1306",0.764709984699074,0.11162872458622,0,0.0581447783775219,0.0655165123371832
"1349","Br2146",0.854344575312821,0,0,0.0462522483564707,0.0994031763307087
"1350","Br1550",0.806967569794458,0,0,0.0612973547870962,0.131735075418446
"1351","Br885",0.632954808538198,0.0274406721251645,0,0.193813958969824,0.145790560366814
"1352","Br914",0.817721381731316,0,0,0.0275603344614625,0.154718283807221
"1353","Br1865",0,0.0448837082157235,0,0.889918964213203,0.0651973275710734
"1354","Br1448",0.71636012960314,0.0564950114781362,0,0.0932931467636555,0.133851712155068
"1355","Br2166",0.735919439791702,0,0,0.123730018518916,0.140350541689382
"1356","Br2160",0.525126298385494,0.146880682030355,0.00550050254705935,0.111228434110681,0.211264082926411
"1357","Br1292",0.811903743910508,0,0,0.0361932006976563,0.151903055391836
"1358","Br1289",0.713680151381395,0,0,0.151054868369125,0.13526498024948
"1359","Br1857",0.72458183271473,0.0320157878843771,0,0.0725385858517889,0.170863793549104
"1360","Br1876",0.451003731778184,0,0,0.3861787905365,0.162817477685316
"1361","Br1849",0.479200919859438,0.0475683471947638,0,0.318639056236893,0.154591676708905
"1362","Br1282",0.810603877464998,0,0,0.0829029737607134,0.106493148774288
"1363","Br1966",0.635576587366877,0.00643029786011676,0,0.18942559966224,0.168567515110766
"1364","Br1553",0,0.301578373265815,0,0.507445464342876,0.190976162391309
"1365","Br1244",0.412696307887213,0.235593063439836,0,0.172092363771643,0.179618264901308
"1366","Br1870",0.745227530746342,0,0,0.108067148229944,0.146705321023714
"1367","Br1218",0.718145859161522,0,0,0.0798183906427259,0.202035750195752
"1368","Br1844",0.503558046050156,0.258327884685835,0,0.0637795096935465,0.174334559570463
"1369","Br1846",0.823332199940746,0,0,0.0424893056315202,0.134178494427734
